date,total_precipitation,streamflow_lag1,streamflow_lag7,streamflow
1995-01-01,17.44,,,
1995-01-02,13.5901,,,
1995-01-03,0.359113,,,
1995-01-04,0.290152,,,
1995-01-05,0.0978334,,,
1995-01-06,62.2009,,,
1995-01-07,2.27593,,,
1995-01-08,1.60306,,,
1995-01-09,17.1406,,,
1995-01-10,11.3497,,,
1995-01-11,14.7628,,,
1995-01-12,3.10801,,,
1995-01-13,3.71696,,,
1995-01-14,26.8341,,,
1995-01-15,39.5288,,,
1995-01-16,25.5796,,,
1995-01-17,7.72366,,,
1995-01-18,3.15956,,,
1995-01-19,3.82584,,,
1995-01-20,1.04452,,,
1995-01-21,22.6558,,,
1995-01-22,3.6755,,,
1995-01-23,0,,,
1995-01-24,1.2553,,,
1995-01-25,10.4904,,,
1995-01-26,15.9455,,,
1995-01-27,20.0635,,,
1995-01-28,8.26759,,,
1995-01-29,0,,,
1995-01-30,0,,,
1995-01-31,1.10036,,,
1995-02-01,18.5269,,,
1995-02-02,29.7631,,,
1995-02-03,0,,,
1995-02-04,0,,,
1995-02-05,0,,,
1995-02-06,0,,,
1995-02-07,0.570094,,,
1995-02-08,14.9677,,,
1995-02-09,56.6942,,,
1995-02-10,0,,,
1995-02-11,0,,,
1995-02-12,0,,,
1995-02-13,0,,,
1995-02-14,0,,,
1995-02-15,0,,,
1995-02-16,0,,,
1995-02-17,1.29363,,,
1995-02-18,3.11779,,,
1995-02-19,0,,,
1995-02-20,0,,,
1995-02-21,0,,,
1995-02-22,10.9604,,,
1995-02-23,28.1383,,,
1995-02-24,13.3345,,,
1995-02-25,3.63283,,,
1995-02-26,6.05231,,,
1995-02-27,4.07655,,,
1995-02-28,19.0877,,,
1995-03-01,7.02479,,,
1995-03-02,13.5242,,,
1995-03-03,14.1195,,,
1995-03-04,18.3222,,,
1995-03-05,1.79988,,,
1995-03-06,0,,,
1995-03-07,0,,,
1995-03-08,23.44,,,
1995-03-09,10.047,,,
1995-03-10,0,,,
1995-03-11,0,,,
1995-03-12,1.65599,,,
1995-03-13,0,,,
1995-03-14,0,,,
1995-03-15,0,,,
1995-03-16,0,,,
1995-03-17,0.758367,,,
1995-03-18,0.205486,,,
1995-03-19,1.80543,,,
1995-03-20,3.15931,,,
1995-03-21,0,,,
1995-03-22,0,,,
1995-03-23,12.8945,,,
1995-03-24,2.91648,,,
1995-03-25,0,,,
1995-03-26,0,,,
1995-03-27,0,,,
1995-03-28,0,,,
1995-03-29,0,,,
1995-03-30,0,,,
1995-03-31,2.3692,,,
1995-04-01,1.45043,,,
1995-04-02,0,,,
1995-04-03,0,,,
1995-04-04,0,,,
1995-04-05,0.0244007,,,
1995-04-06,0.0088194,,,
1995-04-07,0,,,
1995-04-08,0.017429,,,
1995-04-09,0,,,
1995-04-10,0.704858,,,
1995-04-11,3.69074,,,
1995-04-12,0,,,
1995-04-13,0,,,
1995-04-14,0,,,
1995-04-15,0,,,
1995-04-16,0,,,
1995-04-17,7.88573,,,
1995-04-18,9.49087,,,
1995-04-19,4.84782,,,
1995-04-20,12.3508,,,
1995-04-21,0.0190202,,,
1995-04-22,0,,,
1995-04-23,0,,,
1995-04-24,0,,,
1995-04-25,0,,,
1995-04-26,0,,,
1995-04-27,0,,,
1995-04-28,0,,,
1995-04-29,0.793267,,,
1995-04-30,3.25259,,,
1995-05-01,0.712849,,,
1995-05-02,0.840549,,,
1995-05-03,0,,,
1995-05-04,0,,,
1995-05-05,0.453592,,,
1995-05-06,0.288609,,,
1995-05-07,0.496143,,,
1995-05-08,0.475184,,,
1995-05-09,4.56494,,,
1995-05-10,8.69272,,,
1995-05-11,0,,,
1995-05-12,0,,,
1995-05-13,0,,,
1995-05-14,0.176869,,,
1995-05-15,0,,,
1995-05-16,7.72161,,,
1995-05-17,0,,,
1995-05-18,0.0713091,,,
1995-05-19,0,,,
1995-05-20,0,,,
1995-05-21,2.38767,,,
1995-05-22,0,,,
1995-05-23,0.0156785,,,
1995-05-24,0.244201,,,
1995-05-25,0,,,
1995-05-26,0,,,
1995-05-27,0,,,
1995-05-28,0,,,
1995-05-29,0,,,
1995-05-30,0,,,
1995-05-31,0.999386,,,
1995-06-01,0.082976,,,
1995-06-02,0,,,
1995-06-03,0,,,
1995-06-04,0,,,
1995-06-05,0,,,
1995-06-06,0,,,
1995-06-07,0,,,
1995-06-08,27.3794,,,
1995-06-09,2.40959,,,
1995-06-10,24.7754,,,
1995-06-11,0,,,
1995-06-12,0,,,
1995-06-13,0,,,
1995-06-14,0,,,
1995-06-15,0,,,
1995-06-16,0,,,
1995-06-17,0,,,
1995-06-18,0,,,
1995-06-19,0,,,
1995-06-20,0,,,
1995-06-21,0,,,
1995-06-22,0,,,
1995-06-23,0,,,
1995-06-24,19.1486,,,
1995-06-25,26.9004,,,
1995-06-26,0,,,
1995-06-27,0,,,
1995-06-28,11.4968,,,
1995-06-29,11.4652,,,
1995-06-30,0,,,
1995-07-01,0,,,
1995-07-02,0,,,
1995-07-03,7.03273,,,
1995-07-04,0,,,
1995-07-05,0,,,
1995-07-06,0,,,
1995-07-07,60.2293,,,
1995-07-08,4.95696,,,
1995-07-09,0,,,
1995-07-10,0,,,
1995-07-11,0,,,
1995-07-12,0,,,
1995-07-13,0,,,
1995-07-14,0,,,
1995-07-15,0,,,
1995-07-16,0,,,
1995-07-17,3.77154,,,
1995-07-18,0.75356,,,
1995-07-19,11.3298,,,
1995-07-20,1.47093,,,
1995-07-21,0,,,
1995-07-22,0.0593254,,,
1995-07-23,0,,,
1995-07-24,0,,,
1995-07-25,0,,,
1995-07-26,0,,,
1995-07-27,0,,,
1995-07-28,0,,,
1995-07-29,0,,,
1995-07-30,0,,,
1995-07-31,0,,,
1995-08-01,0,,,
1995-08-02,0,,,
1995-08-03,0.662646,,,
1995-08-04,16.6846,,,
1995-08-05,0.52436,,,
1995-08-06,0.157387,,,
1995-08-07,2.72057,,,
1995-08-08,2.55195,,,
1995-08-09,0,,,
1995-08-10,0,,,
1995-08-11,0.0493374,,,
1995-08-12,0,,,
1995-08-13,0,,,
1995-08-14,0.691093,,,
1995-08-15,0,,,
1995-08-16,6.30535,,,
1995-08-17,12.8811,,,
1995-08-18,4.32216,,,
1995-08-19,1.5162,,,
1995-08-20,0.10452,,,
1995-08-21,1.37718,,,
1995-08-22,0.598846,,,
1995-08-23,0,,,
1995-08-24,0,,,
1995-08-25,0,,,
1995-08-26,0,,,
1995-08-27,0,,,
1995-08-28,0,,,
1995-08-29,0.0193853,,,
1995-08-30,0,,,
1995-08-31,0,,,
1995-09-01,0,,,
1995-09-02,0,,,
1995-09-03,0.393194,,,
1995-09-04,0,,,
1995-09-05,0,,,
1995-09-06,0,,,
1995-09-07,0,,,
1995-09-08,0,,,
1995-09-09,0,,,
1995-09-10,0,,,
1995-09-11,1.22656,,,
1995-09-12,10.6479,,,
1995-09-13,0,,,
1995-09-14,0.264742,,,
1995-09-15,0,,,
1995-09-16,0,,,
1995-09-17,7.852,,,
1995-09-18,0.287108,,,
1995-09-19,21.744,,,
1995-09-20,0,,,
1995-09-21,0,,,
1995-09-22,5.38349,,,
1995-09-23,31.6025,,,
1995-09-24,22.7268,,,
1995-09-25,2.09763,,,
1995-09-26,24.1577,,,
1995-09-27,17.7412,,,
1995-09-28,12.3549,,,
1995-09-29,6.78231,,,
1995-09-30,0.227428,,,
1995-10-01,14.7564,,,443.422
1995-10-02,0,443.422,,526.685
1995-10-03,1.67867,526.685,,510.227
1995-10-04,2.52657,510.227,,428.076
1995-10-05,17.4796,428.076,,349.015
1995-10-06,0.632371,349.015,,340.634
1995-10-07,7.61708,340.634,,310.611
1995-10-08,3.37878,310.611,443.422,256.434
1995-10-09,0.182034,256.434,526.685,246.592
1995-10-10,0,246.592,510.227,195.275
1995-10-11,0,195.275,428.076,154.912
1995-10-12,0.402036,154.912,349.015,146.899
1995-10-13,17.6089,146.899,340.634,144.922
1995-10-14,0,144.922,310.611,335.092
1995-10-15,18.808,335.092,256.434,380.441
1995-10-16,2.42959,380.441,246.592,297.334
1995-10-17,9.53661,297.334,195.275,215.686
1995-10-18,0.962114,215.686,154.912,173.563
1995-10-19,0,173.563,146.899,163.096
1995-10-20,8.86049,163.096,144.922,165.169
1995-10-21,0,165.169,335.092,220.332
1995-10-22,0,220.332,380.441,239.312
1995-10-23,0,239.312,297.334,201.988
1995-10-24,0,201.988,215.686,171.449
1995-10-25,0,171.449,173.563,144.922
1995-10-26,13.2034,144.922,163.096,123.898
1995-10-27,25.0672,123.898,165.169,127.622
1995-10-28,1.68138,127.622,220.332,241.729
1995-10-29,0.0684952,241.729,239.312,268.953
1995-10-30,1.65989,268.953,201.988,220.332
1995-10-31,0,220.332,171.449,182.124
1995-11-01,0,182.124,144.922,156.905
1995-11-02,0,156.905,123.898,142.923
1995-11-03,0,142.923,127.622,142.923
1995-11-04,0,142.923,241.729,122.024
1995-11-05,0,122.024,268.953,112.968
1995-11-06,0,112.968,220.332,102.476
1995-11-07,4.21899,102.476,182.124,94.0485
1995-11-08,5.1411,94.0485,156.905,90.7596
1995-11-09,5.80038,90.7596,142.923,87.5179
1995-11-10,5.89634,87.5179,142.923,116.557
1995-11-11,0,116.557,122.024,150.848
1995-11-12,1.17753,150.848,112.968,133.259
1995-11-13,3.62297,133.259,102.476,111.191
1995-11-14,37.0725,111.191,94.0485,99.0699
1995-11-15,8.98911,99.0699,90.7596,125.725
1995-11-16,4.31716,125.725,87.5179,137.092
1995-11-17,0.0679066,137.092,116.557,258.857
1995-11-18,0,258.857,150.848,208.742
1995-11-19,0,208.742,133.259,148.851
1995-11-20,0,148.851,111.191,114.757
1995-11-21,0,114.757,99.0699,95.7106
1995-11-22,0,95.7106,125.725,85.9148
1995-11-23,0,85.9148,137.092,78.0797
1995-11-24,2.42551,78.0797,258.857,75.0305
1995-11-25,0,75.0305,208.742,97.3844
1995-11-26,4.43961,97.3844,148.851,87.5179
1995-11-27,0,87.5179,114.757,90.7596
1995-11-28,0,90.7596,95.7106,76.549
1995-11-29,0,76.549,85.9148,69.0797
1995-11-30,0,69.0797,78.0797,60.5285
1995-12-01,0,60.5285,75.0305,55.0827
1995-12-02,0.480902,55.0827,97.3844,51.1349
1995-12-03,10.3734,51.1349,87.5179,57.7798
1995-12-04,1.10015,57.7798,90.7596,57.7798
1995-12-05,0,57.7798,76.549,63.3283
1995-12-06,0,63.3283,69.0797,57.7798
1995-12-07,0,57.7798,60.5285,51.1349
1995-12-08,0.257627,51.1349,55.0827,46.0566
1995-12-09,0,46.0566,51.1349,42.3893
1995-12-10,0,42.3893,57.7798,38.8454
1995-12-11,4.30803,38.8454,57.7798,36.5523
1995-12-12,0.0374863,36.5523,63.3283,36.5523
1995-12-13,0.149469,36.5523,57.7798,42.3893
1995-12-14,0,42.3893,51.1349,55.0827
1995-12-15,0,55.0827,46.0566,63.3283
1995-12-16,0,63.3283,42.3893,52.4377
1995-12-17,0.104818,52.4377,38.8454,43.5981
1995-12-18,3.6195,43.5981,36.5523,37.6918
1995-12-19,5.9351,37.6918,36.5523,33.2189
1995-12-20,0.908209,33.2189,42.3893,31.0684
1995-12-21,0.0887115,31.0684,55.0827,35.427
1995-12-22,0.695969,35.427,63.3283,38.8454
1995-12-23,16.8927,38.8454,52.4377,41.1941
1995-12-24,0.577766,41.1941,43.5981,60.5285
1995-12-25,24.5966,60.5285,37.6918,64.7473
1995-12-26,37.1157,64.7473,33.2189,79.6226
1995-12-27,3.40741,79.6226,31.0684,118.368
1995-12-28,35.1716,118.368,35.427,201.939
1995-12-29,2.67238,201.939,38.8454,206.464
1995-12-30,0,206.464,41.1941,169.305
1995-12-31,0,169.305,60.5285,123.869
1996-01-01,0,123.869,64.7473,84.3238
1996-01-02,0,84.3238,79.6226,64.7473
1996-01-03,0,64.7473,118.368,53.7536
1996-01-04,0,53.7536,201.939,47.3061
1996-01-05,7.00915,47.3061,206.464,41.1941
1996-01-06,9.43608,41.1941,169.305,60.5285
1996-01-07,0,60.5285,123.869,76.549
1996-01-08,27.6458,76.549,84.3238,85.9148
1996-01-09,10.5251,85.9148,64.7473,105.927
1996-01-10,2.60305,105.927,53.7536,94.0485
1996-01-11,0.229516,94.0485,47.3061,123.869
1996-01-12,9.73957,123.869,41.1941,99.0699
1996-01-13,9.77476,99.0699,60.5285,72.0304
1996-01-14,30.1853,72.0304,76.549,142.923
1996-01-15,0.0621808,142.923,85.9148,286.813
1996-01-16,23.6577,286.813,105.927,234.452
1996-01-17,30.7545,234.452,94.0485,371.673
1996-01-18,1.73225,371.673,123.869,493.862
1996-01-19,0,493.862,99.0699,437.153
1996-01-20,1.96428,437.153,72.0304,377.449
1996-01-21,2.15033,377.449,142.923,294.637
1996-01-22,0,294.637,286.813,324.042
1996-01-23,0,324.042,234.452,368.799
1996-01-24,0.116472,368.799,371.673,337.778
1996-01-25,24.9393,337.778,493.862,263.854
1996-01-26,21.9466,263.854,437.153,310.537
1996-01-27,8.16819,310.537,377.449,273.963
1996-01-28,11.7276,273.963,294.637,246.533
1996-01-29,0,246.533,324.042,346.13
1996-01-30,17.0288,346.13,368.799,443.316
1996-01-31,6.95527,443.316,337.778,392.044
1996-02-01,0,392.044,263.854,318.688
1996-02-02,0,318.688,310.537,256.434
1996-02-03,0.167374,256.434,273.963,190.85
1996-02-04,0,190.85,246.533,150.884
1996-02-05,28.7332,150.884,346.13,173.563
1996-02-06,22.3287,173.563,443.316,351.827
1996-02-07,0.350461,351.827,392.044,307.937
1996-02-08,0.416448,307.937,318.688,229.743
1996-02-09,24.2426,229.743,256.434,199.74
1996-02-10,14.006,199.74,190.85,266.43
1996-02-11,16.0223,266.43,150.884,310.611
1996-02-12,0.0701529,310.611,173.563,266.43
1996-02-13,0,266.43,351.827,215.686
1996-02-14,0,215.686,307.937,179.968
1996-02-15,0.034556,179.968,229.743,150.884
1996-02-16,16.6864,150.884,199.74,133.29
1996-02-17,2.83357,133.29,266.43,125.755
1996-02-18,5.87626,125.755,310.611,141.001
1996-02-19,0,141.001,266.43,179.968
1996-02-20,0,179.968,215.686,165.169
1996-02-21,5.61201,165.169,179.968,186.467
1996-02-22,3.24161,186.467,150.884,256.434
1996-02-23,0,256.434,133.29,227.375
1996-02-24,0,227.375,125.755,190.85
1996-02-25,13.1206,190.85,141.001,141.001
1996-02-26,18.6065,141.001,179.968,127.622
1996-02-27,8.48642,127.622,165.169,123.898
1996-02-28,22.5329,123.898,186.467,232.121
1996-02-29,1.83625,232.121,256.434,540.002
1996-03-01,0,540.002,227.375,497.094
1996-03-02,1.23954,497.094,190.85,363.078
1996-03-03,1.29931,363.078,141.001,329.509
1996-03-04,0,329.509,127.622,409.85
1996-03-05,0,409.85,123.898,471.479
1996-03-06,0,471.479,232.121,418.872
1996-03-07,0.889903,418.872,540.002,332.256
1996-03-08,0,332.256,497.094,268.889
1996-03-09,0,268.889,363.078,251.433
1996-03-10,0,251.433,329.509,256.373
1996-03-11,0,256.373,409.85,188.608
1996-03-12,0,188.608,471.479,150.848
1996-03-13,0,150.848,418.872,133.259
1996-03-14,12.5014,133.259,332.256,120.191
1996-03-15,1.63317,120.191,268.889,206.464
1996-03-16,0,206.464,251.433,292.019
1996-03-17,0,292.019,256.373,234.452
1996-03-18,0,234.452,188.608,199.692
1996-03-19,27.2257,199.692,150.848,215.634
1996-03-20,0,215.634,133.259,213.327
1996-03-21,0,213.327,120.191,215.634
1996-03-22,9.66097,215.634,206.464,150.848
1996-03-23,0,150.848,292.019,163.057
1996-03-24,1.32324,163.057,234.452,239.255
1996-03-25,0,239.255,199.692,208.742
1996-03-26,2.75354,208.742,215.634,152.857
1996-03-27,56.9078,152.857,213.327,182.081
1996-03-28,0,182.081,215.634,321.323
1996-03-29,0,321.323,150.848,318.612
1996-03-30,68.5072,318.612,163.057,588.954
1996-03-31,10.0942,588.954,239.255,563.108
1996-04-01,28.5969,563.108,208.742,474.651
1996-04-02,0,474.651,152.857,598.741
1996-04-03,13.3909,598.741,182.081,585.703
1996-04-04,8.34679,585.703,321.323,566.318
1996-04-05,0.492714,566.318,318.612,487.424
1996-04-06,0,487.424,588.954,346.13
1996-04-07,1.27226,346.13,563.108,251.433
1996-04-08,0,251.433,474.651,201.939
1996-04-09,0,201.939,598.741,179.926
1996-04-10,7.22195,179.926,585.703,175.646
1996-04-11,0.703125,175.646,566.318,217.952
1996-04-12,0,217.952,487.424,182.081
1996-04-13,0,182.081,346.13,163.057
1996-04-14,0,163.057,251.433,142.923
1996-04-15,0,142.923,201.939,133.259
1996-04-16,7.17587,133.259,179.926,125.725
1996-04-17,0,125.725,175.646,118.368
1996-04-18,0,118.368,217.952,105.927
1996-04-19,0,105.927,182.081,97.3844
1996-04-20,0,97.3844,163.057,90.7596
1996-04-21,0,90.7596,142.923,85.9148
1996-04-22,0,85.9148,133.259,82.7447
1996-04-23,0,82.7447,125.725,81.1776
1996-04-24,0.190012,81.1776,118.368,79.6226
1996-04-25,1.41015,79.6226,105.927,78.0797
1996-04-26,1.12139,78.0797,97.3844,76.549
1996-04-27,1.52227,76.549,90.7596,73.5243
1996-04-28,0,73.5243,85.9148,73.5243
1996-04-29,0,73.5243,82.7447,72.0304
1996-04-30,0,72.0304,81.1776,73.5243
1996-05-01,1.70983,73.5243,79.6226,78.0797
1996-05-02,0.101895,78.0797,78.0797,73.5243
1996-05-03,0,73.5243,76.549,69.0797
1996-05-04,0,69.0797,73.5243,63.3283
1996-05-05,0,63.3283,73.5243,64.7473
1996-05-06,0,64.7473,72.0304,60.5285
1996-05-07,0,60.5285,73.5243,57.7798
1996-05-08,0,57.7798,78.0797,56.4247
1996-05-09,0,56.4247,73.5243,56.4247
1996-05-10,0.304404,56.4247,69.0797,55.0827
1996-05-11,0,55.0827,63.3283,52.4377
1996-05-12,0,52.4377,64.7473,51.1349
1996-05-13,0,51.1349,60.5285,49.8453
1996-05-14,0,49.8453,57.7798,47.3061
1996-05-15,0,47.3061,56.4247,46.0566
1996-05-16,0,46.0566,56.4247,46.0566
1996-05-17,0.129327,46.0566,55.0827,44.8206
1996-05-18,3.21379,44.8206,52.4377,43.5981
1996-05-19,0,43.5981,51.1349,43.5981
1996-05-20,0,43.5981,49.8453,42.3893
1996-05-21,0,42.3893,47.3061,41.1941
1996-05-22,0,41.1941,46.0566,42.3893
1996-05-23,0.52301,42.3893,46.0566,42.3893
1996-05-24,2.72496,42.3893,44.8206,42.3893
1996-05-25,1.55302,42.3893,43.5981,41.1941
1996-05-26,0,41.1941,43.5981,41.1941
1996-05-27,0,41.1941,42.3893,38.8454
1996-05-28,0,38.8454,41.1941,37.6918
1996-05-29,0,37.6918,42.3893,37.6918
1996-05-30,0,37.6918,42.3893,37.6918
1996-05-31,10.0673,37.6918,42.3893,36.5523
1996-06-01,3.7761,36.5523,41.1941,40.0128
1996-06-02,0,40.0128,41.1941,42.3893
1996-06-03,0,42.3893,38.8454,43.5981
1996-06-04,0,43.5981,37.6918,37.6918
1996-06-05,0,37.6918,37.6918,36.5523
1996-06-06,0,36.5523,37.6918,36.5523
1996-06-07,0,36.5523,36.5523,36.5523
1996-06-08,0,36.5523,40.0128,35.427
1996-06-09,0,35.427,42.3893,33.2189
1996-06-10,0,33.2189,43.5981,31.0684
1996-06-11,0,31.0684,37.6918,31.0684
1996-06-12,0,31.0684,36.5523,30.0149
1996-06-13,0,30.0149,36.5523,30.0149
1996-06-14,0,30.0149,36.5523,30.0149
1996-06-15,0,30.0149,35.427,30.0149
1996-06-16,22.8521,30.0149,33.2189,31.0684
1996-06-17,31.7562,31.0684,31.0684,48.569
1996-06-18,39.912,48.569,31.0684,188.608
1996-06-19,1.47992,188.608,30.0149,403.879
1996-06-20,7.63667,403.879,30.0149,446.411
1996-06-21,3.14712,446.411,30.0149,346.13
1996-06-22,7.62006,346.13,30.0149,246.533
1996-06-23,0.0103716,246.533,31.0684,193.011
1996-06-24,0,193.011,48.569,167.212
1996-06-25,0.0668668,167.212,188.608,146.864
1996-06-26,16.7955,146.864,403.879,135.17
1996-06-27,23.7273,135.17,446.411,321.323
1996-06-28,0,321.323,346.13,449.514
1996-06-29,0,449.514,246.533,389.107
1996-06-30,0,389.107,193.011,329.509
1996-07-01,0,329.509,167.212,261.35
1996-07-02,3.83232,261.35,146.864,217.952
1996-07-03,7.27774,217.952,135.17,193.011
1996-07-04,0,193.011,321.323,171.408
1996-07-05,0,171.408,449.514,144.888
1996-07-06,0,144.888,389.107,122.024
1996-07-07,34.8651,122.024,329.509,118.368
1996-07-08,15.6133,118.368,261.35,211.029
1996-07-09,12.2603,211.029,217.952,678.844
1996-07-10,0,678.844,193.011,837.336
1996-07-11,0,837.336,171.408,740.974
1996-07-12,0,740.974,144.888,608.578
1996-07-13,0,608.578,122.024,490.639
1996-07-14,0,490.639,118.368,332.256
1996-07-15,0,332.256,211.029,239.255
1996-07-16,0,239.255,678.844,220.279
1996-07-17,0,220.279,837.336,197.455
1996-07-18,0,197.455,740.974,177.781
1996-07-19,0.131014,177.781,608.578,158.945
1996-07-20,10.954,158.945,490.639,135.17
1996-07-21,0,135.17,332.256,131.359
1996-07-22,0,131.359,239.255,122.024
1996-07-23,0,122.024,220.279,105.927
1996-07-24,0,105.927,197.455,99.0699
1996-07-25,2.69231,99.0699,177.781,94.0485
1996-07-26,0,94.0485,158.945,92.3982
1996-07-27,0,92.3982,135.17,114.757
1996-07-28,0,114.757,131.359,114.757
1996-07-29,0,114.757,122.024,99.0699
1996-07-30,0,99.0699,105.927,89.1328
1996-07-31,0,89.1328,99.0699,82.7447
1996-08-01,0,82.7447,94.0485,78.0797
1996-08-02,0,78.0797,92.3982,75.0305
1996-08-03,0,75.0305,114.757,72.0304
1996-08-04,0,72.0304,114.757,70.5489
1996-08-05,0,70.5489,99.0699,69.0797
1996-08-06,0.0234873,69.0797,89.1328,66.1789
1996-08-07,9.05431,66.1789,82.7447,67.623
1996-08-08,0.108641,67.623,78.0797,73.5243
1996-08-09,36.8024,73.5243,75.0305,90.7596
1996-08-10,2.00154,90.7596,72.0304,335.013
1996-08-11,0,335.013,70.5489,324.042
1996-08-12,0,324.042,69.0797,234.452
1996-08-13,2.95418,234.452,66.1789,179.926
1996-08-14,38.8927,179.926,67.623,199.692
1996-08-15,0,199.692,73.5243,227.321
1996-08-16,0,227.321,90.7596,204.197
1996-08-17,0,204.197,335.013,201.939
1996-08-18,0,201.939,324.042,186.422
1996-08-19,0,186.422,234.452,158.945
1996-08-20,0,158.945,179.926,125.725
1996-08-21,0,125.725,199.692,87.5179
1996-08-22,0,87.5179,227.321,85.9148
1996-08-23,0,85.9148,204.197,78.0797
1996-08-24,0,78.0797,201.939,73.5243
1996-08-25,0,73.5243,186.422,69.0797
1996-08-26,0,69.0797,158.945,69.0797
1996-08-27,0.142265,69.0797,125.725,69.0797
1996-08-28,0,69.0797,87.5179,81.1776
1996-08-29,0,81.1776,85.9148,89.1328
1996-08-30,0,89.1328,78.0797,109.425
1996-08-31,16.3664,109.425,73.5243,150.848
1996-09-01,9.71516,150.848,69.0797,449.514
1996-09-02,0,449.514,69.0797,526.56
1996-09-03,35.0717,526.56,69.0797,437.153
1996-09-04,0,437.153,81.1776,394.989
1996-09-05,1.49255,394.989,89.1328,357.392
1996-09-06,0.7068,357.392,109.425,273.963
1996-09-07,0,273.963,150.848,215.634
1996-09-08,42.2652,215.634,449.514,337.778
1996-09-09,3.46122,337.778,526.56,678.844
1996-09-10,3.31055,678.844,437.153,566.318
1996-09-11,0,566.318,394.989,446.411
1996-09-12,0,446.411,357.392,321.323
1996-09-13,0.12163,321.323,273.963,248.978
1996-09-14,0,248.978,215.634,213.327
1996-09-15,0,213.327,337.778,188.608
1996-09-16,13.0246,188.608,678.844,177.781
1996-09-17,0,177.781,566.318,208.742
1996-09-18,0,208.742,446.411,182.081
1996-09-19,0,182.081,321.323,154.876
1996-09-20,0,154.876,248.978,140.968
1996-09-21,0,140.968,213.327,127.592
1996-09-22,0.605507,127.592,188.608,118.368
1996-09-23,0,118.368,177.781,112.968
1996-09-24,23.9888,112.968,208.742,114.757
1996-09-25,12.8431,114.757,182.081,232.065
1996-09-26,0,232.065,154.876,415.856
1996-09-27,15.0707,415.856,140.968,424.931
1996-09-28,32.9374,424.931,127.592,569.535
1996-09-29,0,569.535,118.368,769.135
1996-09-30,0,769.135,112.968,733.986
1996-10-01,2.46791,733.986,114.757,638.394
1996-10-02,5.55829,638.394,232.065,519.953
1996-10-03,11.7573,519.953,415.856,403.879
1996-10-04,0,403.879,424.931,397.944
1996-10-05,2.76027,397.944,569.535,343.337
1996-10-06,0.0270561,343.337,769.135,271.421
1996-10-07,0,271.421,733.986,222.617
1996-10-08,0,222.617,638.394,188.608
1996-10-09,0.0172788,188.608,519.953,167.212
1996-10-10,6.7725,167.212,403.879,156.905
1996-10-11,7.38642,156.905,397.944,182.081
1996-10-12,23.1417,182.081,343.337,188.608
1996-10-13,2.46021,188.608,271.421,186.422
1996-10-14,0,186.422,222.617,335.013
1996-10-15,0.0130637,335.013,188.608,383.26
1996-10-16,0,383.26,167.212,326.771
1996-10-17,0,326.771,156.905,253.898
1996-10-18,3.75707,253.898,182.081,204.197
1996-10-19,24.3868,204.197,188.608,208.742
1996-10-20,5.59269,208.742,186.422,357.392
1996-10-21,2.53141,357.392,335.013,500.334
1996-10-22,0.45314,500.334,383.26,539.873
1996-10-23,0,539.873,326.771,523.252
1996-10-24,0.931764,523.252,253.898,471.479
1996-10-25,26.3344,471.479,204.197,386.179
1996-10-26,1.95553,386.179,208.742,340.553
1996-10-27,0.376556,340.553,357.392,302.544
1996-10-28,0,302.544,500.334,256.373
1996-10-29,0,256.373,539.873,217.952
1996-10-30,0.617606,217.952,523.252,188.608
1996-10-31,5.20983,188.608,471.479,167.212
1996-11-01,0.527961,167.212,386.179,175.646
1996-11-02,10.4731,175.646,340.553,177.781
1996-11-03,4.76801,177.781,302.544,160.996
1996-11-04,0,160.996,256.373,158.945
1996-11-05,0,158.945,217.952,144.888
1996-11-06,0,144.888,188.608,123.869
1996-11-07,0.0704402,123.869,167.212,112.968
1996-11-08,2.662,112.968,175.646,127.592
1996-11-09,6.15193,127.592,177.781,133.259
1996-11-10,7.94535,133.259,160.996,116.557
1996-11-11,0,116.557,158.945,229.688
1996-11-12,0.089071,229.688,144.888,173.522
1996-11-13,16.8235,173.522,123.869,144.888
1996-11-14,13.7801,144.888,112.968,129.47
1996-11-15,3.6537,129.47,127.592,140.968
1996-11-16,9.17577,140.968,133.259,184.246
1996-11-17,0,184.246,116.557,248.978
1996-11-18,0,248.978,229.688,215.634
1996-11-19,1.60938,215.634,173.522,167.212
1996-11-20,0.0142088,167.212,144.888,131.359
1996-11-21,0,131.359,129.47,112.968
1996-11-22,0,112.968,140.968,102.476
1996-11-23,0,102.476,184.246,94.0485
1996-11-24,0,94.0485,248.978,85.9148
1996-11-25,0,85.9148,215.634,76.549
1996-11-26,0,76.549,167.212,69.0797
1996-11-27,0,69.0797,131.359,81.1776
1996-11-28,0,81.1776,112.968,72.0304
1996-11-29,0,72.0304,102.476,64.7473
1996-11-30,0,64.7473,94.0485,60.5285
1996-12-01,0,60.5285,85.9148,57.7798
1996-12-02,0.153503,57.7798,76.549,56.4247
1996-12-03,0.947128,56.4247,69.0797,55.0827
1996-12-04,0.259851,55.0827,81.1776,53.7536
1996-12-05,7.85126,53.7536,72.0304,52.4377
1996-12-06,1.817,52.4377,64.7473,75.0305
1996-12-07,13.4688,75.0305,60.5285,127.592
1996-12-08,0,127.592,57.7798,152.857
1996-12-09,0,152.857,56.4247,94.0485
1996-12-10,16.1824,94.0485,55.0827,72.0304
1996-12-11,43.0541,72.0304,53.7536,102.476
1996-12-12,2.82101,102.476,52.4377,204.197
1996-12-13,0,204.197,75.0305,271.421
1996-12-14,0,271.421,127.592,211.029
1996-12-15,0,211.029,152.857,139.024
1996-12-16,8.31918,139.024,94.0485,116.557
1996-12-17,8.91586,116.557,72.0304,99.0699
1996-12-18,0,99.0699,102.476,104.196
1996-12-19,9.29679,104.196,204.197,92.3982
1996-12-20,3.74967,92.3982,271.421,97.3844
1996-12-21,11.4331,97.3844,211.029,112.968
1996-12-22,21.7148,112.968,139.024,175.646
1996-12-23,0,175.646,116.557,276.514
1996-12-24,0,276.514,99.0699,227.321
1996-12-25,0,227.321,104.196,158.945
1996-12-26,1.06549,158.945,92.3982,118.368
1996-12-27,18.179,118.368,97.3844,123.869
1996-12-28,6.20832,123.869,112.968,246.533
1996-12-29,0.0225974,246.533,175.646,516.662
1996-12-30,0,516.662,276.514,497.094
1996-12-31,0,497.094,227.321,409.85
1997-01-01,0.508046,409.85,158.945,326.771
1997-01-02,0,326.771,118.368,263.854
1997-01-03,0,263.854,123.869,167.212
1997-01-04,0,167.212,246.533,127.592
1997-01-05,0.651996,127.592,516.662,109.425
1997-01-06,0.436335,109.425,497.094,111.191
1997-01-07,0,111.191,409.85,114.757
1997-01-08,3.84754,114.757,326.771,95.7106
1997-01-09,18.4509,95.7106,263.854,85.9148
1997-01-10,7.52229,85.9148,167.212,118.368
1997-01-11,0.117404,118.368,127.592,197.455
1997-01-12,6.98092,197.455,109.425,167.212
1997-01-13,6.75653,167.212,111.191,120.191
1997-01-14,0,120.191,114.757,122.024
1997-01-15,0.339052,122.024,95.7106,120.191
1997-01-16,0,120.191,85.9148,109.425
1997-01-17,0,109.425,118.368,102.476
1997-01-18,0,102.476,197.455,82.7447
1997-01-19,9.33281,82.7447,167.212,73.5243
1997-01-20,32.3117,73.5243,120.191,144.888
1997-01-21,54.9183,144.888,122.024,493.862
1997-01-22,22.2868,493.862,120.191,513.38
1997-01-23,0,513.38,109.425,487.424
1997-01-24,0,487.424,102.476,487.424
1997-01-25,0,487.424,82.7447,389.107
1997-01-26,1.49583,389.107,73.5243,340.553
1997-01-27,0.113796,340.553,144.888,510.105
1997-01-28,0.133967,510.105,493.862,503.583
1997-01-29,3.08021,503.583,513.38,424.931
1997-01-30,19.09,424.931,487.424,403.879
1997-01-31,77.9231,403.879,487.424,1033.08
1997-02-01,33.4061,1033.08,389.107,1531.38
1997-02-02,22.2191,1531.38,340.553,1196.32
1997-02-03,10.0997,1196.32,510.105,1241.39
1997-02-04,0.0803676,1241.39,503.583,1080.07
1997-02-05,0,1080.07,424.931,866.596
1997-02-06,0,866.596,403.879,779.781
1997-02-07,0,779.781,1033.08,702.8
1997-02-08,0,702.8,1531.38,655.152
1997-02-09,0,655.152,1196.32,618.467
1997-02-10,5.00672,618.467,1241.39,585.703
1997-02-11,9.45548,585.703,1080.07,755.013
1997-02-12,0,755.013,866.596,628.405
1997-02-13,1.74924,628.405,779.781,530.002
1997-02-14,18.7099,530.002,702.8,329.588
1997-02-15,6.33788,329.588,655.152,321.399
1997-02-16,0.44581,321.399,618.467,335.092
1997-02-17,13.9436,335.092,585.703,286.881
1997-02-18,0.187684,286.881,755.013,266.43
1997-02-19,11.5922,266.43,628.405,232.121
1997-02-20,12.8732,232.121,530.002,332.336
1997-02-21,0,332.336,329.588,251.493
1997-02-22,12.104,251.493,321.399,218.004
1997-02-23,17.4905,218.004,335.092,195.275
1997-02-24,14.9383,195.275,286.881,695.929
1997-02-25,0.146666,695.929,266.43,585.703
1997-02-26,0,585.703,232.121,550.078
1997-02-27,0,550.078,332.336,449.621
1997-02-28,12.2848,449.621,251.493,366.021
1997-03-01,1.30533,366.021,218.004,310.537
1997-03-02,0.749373,310.537,195.275,294.637
1997-03-03,1.42111,294.637,695.929,297.263
1997-03-04,0.595676,297.263,585.703,424.931
1997-03-05,14.2904,424.931,550.078,409.85
1997-03-06,9.15779,409.85,449.621,497.094
1997-03-07,0,497.094,366.021,493.862
1997-03-08,0,493.862,310.537,383.26
1997-03-09,3.55558,383.26,294.637,289.411
1997-03-10,1.07028,289.411,297.263,234.452
1997-03-11,0.0580365,234.452,424.931,197.455
1997-03-12,3.87435,197.455,409.85,177.781
1997-03-13,2.53135,177.781,497.094,182.081
1997-03-14,14.4161,182.081,493.862,171.408
1997-03-15,11.2104,171.408,383.26,171.408
1997-03-16,0.127865,171.408,289.411,169.305
1997-03-17,0,169.305,234.452,150.848
1997-03-18,0,150.848,197.455,129.47
1997-03-19,0.184689,129.47,177.781,118.368
1997-03-20,1.60489,118.368,182.081,111.191
1997-03-21,0,111.191,171.408,104.196
1997-03-22,0,104.196,171.408,99.0699
1997-03-23,4.02543,99.0699,169.305,95.7106
1997-03-24,0.182732,95.7106,150.848,90.7596
1997-03-25,0.0228341,90.7596,129.47,89.1328
1997-03-26,0.057231,89.1328,118.368,84.3238
1997-03-27,0.0734149,84.3238,111.191,81.1776
1997-03-28,0,81.1776,104.196,79.6226
1997-03-29,0.784956,79.6226,99.0699,75.0305
1997-03-30,0,75.0305,95.7106,70.5489
1997-03-31,0,70.5489,90.7596,67.623
1997-04-01,0.0887774,67.623,89.1328,67.623
1997-04-02,0.228524,67.623,84.3238,66.1789
1997-04-03,0,66.1789,81.1776,66.1789
1997-04-04,4.0117,66.1789,79.6226,64.7473
1997-04-05,0,64.7473,75.0305,64.7473
1997-04-06,0,64.7473,70.5489,63.3283
1997-04-07,0,63.3283,67.623,57.7798
1997-04-08,0,57.7798,67.623,55.0827
1997-04-09,0,55.0827,66.1789,53.7536
1997-04-10,0,53.7536,66.1789,53.7536
1997-04-11,0,53.7536,64.7473,52.4377
1997-04-12,0.115983,52.4377,64.7473,52.4377
1997-04-13,0,52.4377,63.3283,60.5285
1997-04-14,0,60.5285,57.7798,53.7536
1997-04-15,0.392363,53.7536,55.0827,48.569
1997-04-16,1.24287,48.569,53.7536,48.569
1997-04-17,1.97024,48.569,53.7536,51.1349
1997-04-18,2.93615,51.1349,52.4377,66.1789
1997-04-19,0,66.1789,52.4377,73.5243
1997-04-20,30.0437,73.5243,60.5285,67.623
1997-04-21,0,67.623,53.7536,64.7473
1997-04-22,0,64.7473,48.569,55.0827
1997-04-23,0,55.0827,48.569,49.8453
1997-04-24,0,49.8453,51.1349,47.3061
1997-04-25,0.781961,47.3061,66.1789,44.8206
1997-04-26,0,44.8206,73.5243,43.5981
1997-04-27,0,43.5981,67.623,40.0128
1997-04-28,0,40.0128,64.7473,37.6918
1997-04-29,0,37.6918,55.0827,36.5523
1997-04-30,0,36.5523,49.8453,36.5523
1997-05-01,0,36.5523,47.3061,35.4354
1997-05-02,0,35.4354,44.8206,35.4354
1997-05-03,0.403528,35.4354,43.5981,34.324
1997-05-04,0.0143271,34.324,40.0128,34.324
1997-05-05,0,34.324,37.6918,33.2268
1997-05-06,0,33.2268,36.5523,32.1441
1997-05-07,0,32.1441,36.5523,34.324
1997-05-08,0,34.324,35.4354,35.4354
1997-05-09,0,35.4354,35.4354,34.324
1997-05-10,0,34.324,34.324,32.1441
1997-05-11,0,32.1441,34.324,31.0758
1997-05-12,0,31.0758,33.2268,31.0758
1997-05-13,0,31.0758,32.1441,27.9587
1997-05-14,1.94149,27.9587,34.324,27.9587
1997-05-15,0,27.9587,35.4354,28.983
1997-05-16,0,28.983,34.324,30.0221
1997-05-17,0,30.0221,32.1441,31.0758
1997-05-18,0,31.0758,31.0758,32.1441
1997-05-19,0,32.1441,31.0758,32.1441
1997-05-20,6.9021,32.1441,27.9587,28.983
1997-05-21,18.0486,28.983,27.9587,31.0758
1997-05-22,16.2269,31.0758,28.983,66.1946
1997-05-23,0,66.1946,30.0221,122.053
1997-05-24,2.76988,122.053,31.0758,85.9353
1997-05-25,7.73196,85.9353,32.1441,56.4382
1997-05-26,0,56.4382,32.1441,48.5806
1997-05-27,3.46263,48.5806,28.983,42.3994
1997-05-28,16.7894,42.3994,31.0758,47.3174
1997-05-29,0,47.3174,66.1946,99.0935
1997-05-30,0,99.0935,122.053,87.5387
1997-05-31,0,87.5387,85.9353,61.9368
1997-06-01,0,61.9368,56.4382,48.569
1997-06-02,0,48.569,48.5806,42.3893
1997-06-03,1.39734,42.3893,42.3994,37.6918
1997-06-04,0.32414,37.6918,47.3174,36.5523
1997-06-05,2.09458,36.5523,99.0935,36.5523
1997-06-06,0,36.5523,87.5387,36.5523
1997-06-07,0,36.5523,61.9368,35.427
1997-06-08,0,35.427,48.569,32.1364
1997-06-09,0,32.1364,42.3893,28.9761
1997-06-10,0,28.9761,37.6918,26.9429
1997-06-11,2.69254,26.9429,36.5523,26.9429
1997-06-12,0,26.9429,36.5523,25.9488
1997-06-13,4.83949,25.9488,36.5523,26.9429
1997-06-14,29.3761,26.9429,35.427,36.5523
1997-06-15,0.134991,36.5523,32.1364,97.3844
1997-06-16,0.689065,97.3844,28.9761,85.9148
1997-06-17,3.05854,85.9148,26.9429,60.5285
1997-06-18,0,60.5285,26.9429,46.0566
1997-06-19,17.5326,46.0566,25.9488,41.1941
1997-06-20,28.9296,41.1941,26.9429,152.857
1997-06-21,0,152.857,36.5523,302.544
1997-06-22,0,302.544,97.3844,248.978
1997-06-23,0,248.978,85.9148,179.926
1997-06-24,0,179.926,60.5285,148.851
1997-06-25,0,148.851,46.0566,127.592
1997-06-26,7.44929,127.592,41.1941,118.368
1997-06-27,3.08241,118.368,152.857,241.671
1997-06-28,0,241.671,302.544,197.455
1997-06-29,0,197.455,248.978,167.212
1997-06-30,0,167.212,179.926,150.848
1997-07-01,0,150.848,148.851,133.259
1997-07-02,0,133.259,127.592,127.592
1997-07-03,0,127.592,118.368,100.767
1997-07-04,1.50379,100.767,241.671,239.255
1997-07-05,0,239.255,197.455,204.197
1997-07-06,0,204.197,167.212,158.945
1997-07-07,0.251469,158.945,150.848,123.869
1997-07-08,0,123.869,133.259,105.927
1997-07-09,0,105.927,127.592,95.7106
1997-07-10,0,95.7106,100.767,87.5179
1997-07-11,0,87.5179,239.255,79.6226
1997-07-12,0,79.6226,204.197,73.5243
1997-07-13,0,73.5243,158.945,67.623
1997-07-14,0,67.623,123.869,64.7473
1997-07-15,0,64.7473,105.927,60.5285
1997-07-16,0.299718,60.5285,95.7106,59.1477
1997-07-17,24.5109,59.1477,87.5179,61.922
1997-07-18,22.8133,61.922,79.6226,217.952
1997-07-19,2.39948,217.952,73.5243,258.857
1997-07-20,11.3973,258.857,67.623,329.509
1997-07-21,19.7752,329.509,64.7473,513.38
1997-07-22,0,513.38,60.5285,529.875
1997-07-23,0,529.875,59.1477,418.872
1997-07-24,0,418.872,61.922,292.019
1997-07-25,0,292.019,217.952,227.321
1997-07-26,0,227.321,258.857,179.926
1997-07-27,0,179.926,329.509,146.864
1997-07-28,0,146.864,513.38,127.592
1997-07-29,0,127.592,529.875,114.757
1997-07-30,0,114.757,418.872,104.196
1997-07-31,0.00963562,104.196,292.019,95.7106
1997-08-01,0.152685,95.7106,227.321,89.1328
1997-08-02,21.9998,89.1328,179.926,97.3844
1997-08-03,21.3144,97.3844,146.864,276.514
1997-08-04,12.2537,276.514,127.592,675.443
1997-08-05,8.69085,675.443,114.757,625.087
1997-08-06,13.7065,625.087,104.196,503.583
1997-08-07,8.18198,503.583,95.7106,523.252
1997-08-08,1.187,523.252,89.1328,553.321
1997-08-09,0,553.321,97.3844,468.315
1997-08-10,0,468.315,276.514,360.23
1997-08-11,0,360.23,675.443,292.019
1997-08-12,0,292.019,625.087,251.433
1997-08-13,0,251.433,503.583,224.964
1997-08-14,0,224.964,523.252,201.939
1997-08-15,0,201.939,553.321,179.926
1997-08-16,0,179.926,468.315,156.905
1997-08-17,0,156.905,360.23,133.259
1997-08-18,0,133.259,292.019,116.557
1997-08-19,0,116.557,251.433,105.927
1997-08-20,5.69817,105.927,224.964,99.0699
1997-08-21,35.1106,99.0699,201.939,167.212
1997-08-22,1.24856,167.212,179.926,256.373
1997-08-23,0.38308,256.373,156.905,253.898
1997-08-24,0,253.898,133.259,263.854
1997-08-25,0,263.854,116.557,227.321
1997-08-26,0,227.321,105.927,182.081
1997-08-27,0,182.081,99.0699,158.945
1997-08-28,0,158.945,167.212,137.092
1997-08-29,0,137.092,256.373,125.725
1997-08-30,0,125.725,253.898,114.757
1997-08-31,0,114.757,263.854,109.425
1997-09-01,0,109.425,227.321,100.767
1997-09-02,0.0785606,100.767,182.081,94.0485
1997-09-03,0.0506967,94.0485,158.945,90.7596
1997-09-04,2.81707,90.7596,137.092,85.9148
1997-09-05,11.7293,85.9148,125.725,82.7447
1997-09-06,0,82.7447,114.757,78.0797
1997-09-07,0,78.0797,109.425,75.0305
1997-09-08,0.130749,75.0305,100.767,72.0304
1997-09-09,1.79317,72.0304,94.0485,69.0797
1997-09-10,0,69.0797,90.7596,67.623
1997-09-11,0,67.623,85.9148,66.1789
1997-09-12,0,66.1789,82.7447,63.3283
1997-09-13,0.707567,63.3283,78.0797,59.1477
1997-09-14,49.2904,59.1477,75.0305,95.7106
1997-09-15,0,95.7106,72.0304,383.26
1997-09-16,0,383.26,69.0797,313.219
1997-09-17,0,313.219,67.623,215.634
1997-09-18,0,215.634,66.1789,137.092
1997-09-19,0,137.092,63.3283,112.968
1997-09-20,11.2035,112.968,59.1477,99.0699
1997-09-21,0,99.0699,95.7106,99.0699
1997-09-22,0,99.0699,383.26,102.476
1997-09-23,0,102.476,313.219,104.196
1997-09-24,0,104.196,215.634,97.3844
1997-09-25,6.53231,97.3844,137.092,133.259
1997-09-26,0,133.259,112.968,182.081
1997-09-27,0,182.081,99.0699,156.905
1997-09-28,12.6974,156.905,99.0699,127.592
1997-09-29,28.9341,127.592,102.476,208.742
1997-09-30,1.06021,208.742,104.196,427.974
1997-10-01,15.8338,427.974,97.3844,415.856
1997-10-02,0.0496524,415.856,133.259,458.876
1997-10-03,0,458.876,182.081,446.411
1997-10-04,1.36862,446.411,156.905,357.392
1997-10-05,12.8306,357.392,127.592,421.897
1997-10-06,53.2079,421.897,208.742,848.271
1997-10-07,0,848.271,427.974,866.596
1997-10-08,9.14384,866.596,415.856,801.212
1997-10-09,17.5101,801.212,458.876,804.801
1997-10-10,60.7599,804.801,446.411,1143.74
1997-10-11,17.6865,1143.74,357.392,1229.04
1997-10-12,12.3315,1229.04,421.897,1278.65
1997-10-13,5.72865,1278.65,848.271,1131.72
1997-10-14,2.4484,1131.72,866.596,1036.97
1997-10-15,9.69079,1036.97,801.212,948.682
1997-10-16,20.3736,948.682,804.801,888.749
1997-10-17,0,888.749,1143.74,804.801
1997-10-18,0,804.801,1229.04,678.844
1997-10-19,0,678.844,1278.65,585.703
1997-10-20,0,585.703,1131.72,529.875
1997-10-21,0,529.875,1036.97,434.085
1997-10-22,0,434.085,948.682,458.876
1997-10-23,0,458.876,888.749,368.799
1997-10-24,0.314642,368.799,804.801,409.85
1997-10-25,0,409.85,678.844,343.337
1997-10-26,0.235026,343.337,585.703,289.411
1997-10-27,0,289.411,529.875,251.433
1997-10-28,8.35068,251.433,434.085,215.634
1997-10-29,33.1088,215.634,458.876,195.228
1997-10-30,20.1489,195.228,368.799,268.889
1997-10-31,0.210575,268.889,409.85,365.934
1997-11-01,6.80787,365.934,343.337,437.153
1997-11-02,4.29509,437.153,289.411,437.153
1997-11-03,27.4755,437.153,251.433,563.108
1997-11-04,6.87805,563.108,215.634,689.079
1997-11-05,18.7376,689.079,195.228,797.627
1997-11-06,15.3781,797.627,268.889,944.9
1997-11-07,7.11697,944.9,365.934,918.56
1997-11-08,0,918.56,437.153,899.892
1997-11-09,12.6299,899.892,437.153,779.781
1997-11-10,16.8162,779.781,563.108,675.443
1997-11-11,13.4488,675.443,689.079,651.79
1997-11-12,24.562,651.79,797.627,675.443
1997-11-13,8.90985,675.443,944.9,651.79
1997-11-14,0.0491719,651.79,918.56,579.219
1997-11-15,0,579.219,899.892,487.424
1997-11-16,0,487.424,779.781,386.179
1997-11-17,2.47109,386.179,675.443,337.778
1997-11-18,0.353358,337.778,651.79,490.639
1997-11-19,0,490.639,675.443,625.087
1997-11-20,0,625.087,651.79,592.211
1997-11-21,13.2976,592.211,579.219,516.662
1997-11-22,2.62019,516.662,487.424,477.831
1997-11-23,8.72339,477.831,386.179,437.153
1997-11-24,3.41424,437.153,337.778,386.179
1997-11-25,0.110745,386.179,490.639,346.13
1997-11-26,11.1609,346.13,625.087,305.199
1997-11-27,26.9422,305.199,592.211,1119.73
1997-11-28,16.9982,1119.73,516.662,914.817
1997-11-29,0,914.817,477.831,755.013
1997-11-30,0,755.013,437.153,615.165
1997-12-01,4.50915,615.165,386.179,506.84
1997-12-02,1.0893,506.84,346.13,418.872
1997-12-03,0,418.872,305.199,321.323
1997-12-04,3.64857,321.323,1119.73,258.857
1997-12-05,0,258.857,914.817,220.279
1997-12-06,1.26787,220.279,755.013,190.805
1997-12-07,2.37325,190.805,615.165,169.305
1997-12-08,0,169.305,506.84,186.422
1997-12-09,1.98502,186.422,418.872,195.228
1997-12-10,4.19814,195.228,321.323,167.212
1997-12-11,1.36006,167.212,258.857,154.876
1997-12-12,0.439099,154.876,220.279,148.851
1997-12-13,6.87871,148.851,190.805,131.359
1997-12-14,25.435,131.359,169.305,144.888
1997-12-15,1.08994,144.888,186.422,201.939
1997-12-16,0,201.939,195.228,186.422
1997-12-17,0,186.422,167.212,152.857
1997-12-18,0,152.857,154.876,129.47
1997-12-19,0,129.47,148.851,118.368
1997-12-20,5.99236,118.368,131.359,111.191
1997-12-21,5.52798,111.191,144.888,109.425
1997-12-22,1.37666,109.425,201.939,118.368
1997-12-23,10.7866,118.368,186.422,105.927
1997-12-24,10.6444,105.927,152.857,99.0699
1997-12-25,6.73818,99.0699,129.47,111.191
1997-12-26,8.41799,111.191,118.368,234.452
1997-12-27,5.89225,234.452,111.191,217.952
1997-12-28,28.1965,217.952,109.425,437.153
1997-12-29,10.6339,437.153,118.368,400.907
1997-12-30,18.9125,400.907,105.927,310.537
1997-12-31,3.4045,310.537,99.0699,289.411
1998-01-01,9.2242,289.411,111.191,253.898
1998-01-02,20.8074,253.898,234.452,206.464
1998-01-03,23.9153,206.464,217.952,365.934
1998-01-04,6.67256,365.934,437.153,468.315
1998-01-05,2.626,468.315,400.907,506.84
1998-01-06,20.8154,506.84,310.537,400.907
1998-01-07,19.8678,400.907,289.411,360.23
1998-01-08,2.69371,360.23,253.898,418.872
1998-01-09,0,418.872,206.464,431.025
1998-01-10,0,431.025,365.934,371.673
1998-01-11,0,371.673,468.315,310.537
1998-01-12,0.0320725,310.537,506.84,273.963
1998-01-13,0.395137,273.963,400.907,239.255
1998-01-14,0.649764,239.255,360.23,206.464
1998-01-15,26.2695,206.464,418.872,229.688
1998-01-16,3.36916,229.688,431.025,258.857
1998-01-17,0,258.857,371.673,241.671
1998-01-18,0.0285391,241.671,310.537,206.464
1998-01-19,0,206.464,273.963,165.129
1998-01-20,0,165.129,239.255,142.923
1998-01-21,0,142.923,206.464,127.592
1998-01-22,3.78302,127.592,229.688,116.557
1998-01-23,13.6476,116.557,258.857,217.952
1998-01-24,16.0268,217.952,241.671,266.367
1998-01-25,19.4961,266.367,206.464,266.367
1998-01-26,24.4201,266.367,165.129,258.857
1998-01-27,13.8341,258.857,142.923,437.153
1998-01-28,4.12835,437.153,127.592,360.23
1998-01-29,16.905,360.23,116.557,365.934
1998-01-30,8.93755,365.934,217.952,281.644
1998-01-31,17.8331,281.644,266.367,421.897
1998-02-01,6.18057,421.897,266.367,575.985
1998-02-02,8.87259,575.985,258.857,665.273
1998-02-03,19.5215,665.273,437.153,678.844
1998-02-04,5.78541,678.844,360.23,685.662
1998-02-05,8.33151,685.662,365.934,608.578
1998-02-06,1.65777,608.578,281.644,530.002
1998-02-07,18.1354,530.002,421.897,465.271
1998-02-08,0,465.271,575.985,437.257
1998-02-09,0.172883,437.257,665.273,368.887
1998-02-10,13.5811,368.887,678.844,318.688
1998-02-11,4.84726,318.688,685.662,455.855
1998-02-12,0,455.855,608.578,431.127
1998-02-13,0,431.127,530.002,368.887
1998-02-14,0,368.887,465.271,324.119
1998-02-15,0.0354446,324.119,437.257,292.089
1998-02-16,9.86442,292.089,368.887,274.028
1998-02-17,0,274.028,318.688,261.413
1998-02-18,0,261.413,455.855,321.399
1998-02-19,0.235359,321.399,431.127,302.617
1998-02-20,13.3222,302.617,368.887,246.592
1998-02-21,23.1488,246.592,324.119,368.887
1998-02-22,16.7955,368.887,292.089,523.377
1998-02-23,0.682139,523.377,274.028,503.703
1998-02-24,35.5116,503.703,261.413,363.164
1998-02-25,5.80076,363.164,321.399,343.418
1998-02-26,29.4738,343.418,302.617,615.165
1998-02-27,19.4729,615.165,246.592,582.458
1998-02-28,9.45792,582.458,368.887,765.597
1998-03-01,1.5503,765.597,523.377,645.081
1998-03-02,0.29669,645.081,503.703,618.467
1998-03-03,6.55172,618.467,363.164,579.219
1998-03-04,2.46298,579.219,343.418,585.703
1998-03-05,4.23705,585.703,615.165,497.094
1998-03-06,0.815699,497.094,582.458,400.907
1998-03-07,0.24949,400.907,765.597,337.778
1998-03-08,1.68677,337.778,645.081,286.813
1998-03-09,2.10448,286.813,618.467,313.219
1998-03-10,12.1561,313.219,579.219,318.612
1998-03-11,1.61401,318.612,585.703,289.411
1998-03-12,4.01173,289.411,497.094,241.671
1998-03-13,13.8071,241.671,400.907,217.952
1998-03-14,23.9517,217.952,337.778,332.256
1998-03-15,0,332.256,286.813,431.025
1998-03-16,0,431.025,313.219,392.044
1998-03-17,45.5426,392.044,318.612,332.256
1998-03-18,25.6555,332.256,289.411,513.38
1998-03-19,0,513.38,241.671,811.996
1998-03-20,0,811.996,217.952,758.536
1998-03-21,0,758.536,332.256,638.394
1998-03-22,18.7519,638.394,431.025,523.252
1998-03-23,10.7177,523.252,392.044,452.626
1998-03-24,14.0988,452.626,332.256,412.849
1998-03-25,0,412.849,513.38,343.337
1998-03-26,0,343.337,811.996,307.863
1998-03-27,0.0523121,307.863,758.536,253.898
1998-03-28,34.5033,253.898,638.394,268.889
1998-03-29,11.4563,268.889,523.252,412.849
1998-03-30,4.28507,412.849,452.626,519.953
1998-03-31,18.3687,519.953,412.849,648.432
1998-04-01,4.49927,648.432,343.337,638.394
1998-04-02,0,638.394,307.863,608.578
1998-04-03,0,608.578,253.898,516.662
1998-04-04,0.165395,516.662,268.889,434.085
1998-04-05,0,434.085,412.849,363.078
1998-04-06,0,363.078,519.953,302.544
1998-04-07,19.0378,302.544,648.432,335.013
1998-04-08,5.15411,335.013,638.394,374.557
1998-04-09,0,374.557,608.578,313.219
1998-04-10,0,313.219,516.662,258.857
1998-04-11,2.74226,258.857,434.085,224.964
1998-04-12,1.05383,224.964,363.078,206.464
1998-04-13,0.0357352,206.464,302.544,188.608
1998-04-14,0.319719,188.608,335.013,175.646
1998-04-15,4.77126,175.646,374.557,165.129
1998-04-16,26.4076,165.129,313.219,266.367
1998-04-17,5.64918,266.367,258.857,332.256
1998-04-18,0,332.256,224.964,292.019
1998-04-19,0,292.019,206.464,236.849
1998-04-20,0,236.849,188.608,197.455
1998-04-21,0,197.455,175.646,179.926
1998-04-22,0.0783591,179.926,165.129,165.129
1998-04-23,41.3371,165.129,266.367,201.939
1998-04-24,22.5718,201.939,332.256,727.019
1998-04-25,0,727.019,292.019,914.817
1998-04-26,7.68426,914.817,236.849,811.996
1998-04-27,39.6046,811.996,197.455,695.929
1998-04-28,34.0746,695.929,179.926,1500.65
1998-04-29,0.804845,1500.65,165.129,1143.74
1998-04-30,0,1143.74,201.939,1009.84
1998-05-01,0,1009.84,727.019,892.458
1998-05-02,0,892.458,914.817,790.474
1998-05-03,0.0373013,790.474,811.996,709.693
1998-05-04,0,709.693,695.929,635.059
1998-05-05,0,635.059,1500.65,523.252
1998-05-06,0,523.252,1143.74,403.879
1998-05-07,0,403.879,1009.84,357.392
1998-05-08,0,357.392,892.458,281.644
1998-05-09,0,281.644,790.474,232.065
1998-05-10,0,232.065,709.693,206.464
1998-05-11,0,206.464,635.059,188.608
1998-05-12,2.17765,188.608,523.252,171.408
1998-05-13,13.8805,171.408,403.879,182.081
1998-05-14,21.4945,182.081,357.392,271.421
1998-05-15,4.60765,271.421,281.644,397.944
1998-05-16,0.172103,397.944,232.065,389.107
1998-05-17,0,389.107,206.464,286.813
1998-05-18,0,286.813,188.608,227.321
1998-05-19,0,227.321,171.408,195.228
1998-05-20,0,195.228,182.081,175.646
1998-05-21,0,175.646,271.421,163.057
1998-05-22,0,163.057,397.944,154.876
1998-05-23,0,154.876,389.107,146.864
1998-05-24,0,146.864,286.813,139.024
1998-05-25,0,139.024,227.321,133.259
1998-05-26,10.9995,133.259,195.228,129.47
1998-05-27,0,129.47,175.646,129.47
1998-05-28,0,129.47,163.057,125.725
1998-05-29,1.51466,125.725,154.876,116.557
1998-05-30,5.62562,116.557,146.864,120.191
1998-05-31,0,120.191,139.024,120.191
1998-06-01,0.399418,120.191,133.259,109.425
1998-06-02,0,109.425,129.47,102.476
1998-06-03,0,102.476,129.47,99.0699
1998-06-04,0,99.0699,125.725,95.7106
1998-06-05,0,95.7106,116.557,94.0485
1998-06-06,0,94.0485,120.191,90.7596
1998-06-07,0,90.7596,120.191,89.1328
1998-06-08,0,89.1328,109.425,87.5179
1998-06-09,0,87.5179,102.476,85.9148
1998-06-10,1.18118,85.9148,99.0699,85.9148
1998-06-11,1.20538,85.9148,95.7106,84.3238
1998-06-12,0,84.3238,94.0485,82.7447
1998-06-13,0,82.7447,90.7596,79.6226
1998-06-14,0,79.6226,89.1328,78.0797
1998-06-15,0,78.0797,87.5179,75.0305
1998-06-16,3.00217,75.0305,85.9148,75.0305
1998-06-17,0.504496,75.0305,85.9148,75.0305
1998-06-18,13.9729,75.0305,84.3238,73.5243
1998-06-19,28.1335,73.5243,82.7447,195.228
1998-06-20,0,195.228,79.6226,332.256
1998-06-21,0,332.256,78.0797,220.279
1998-06-22,1.76688,220.279,75.0305,152.857
1998-06-23,16.0617,152.857,75.0305,142.923
1998-06-24,5.12505,142.923,75.0305,421.897
1998-06-25,0,421.897,73.5243,357.392
1998-06-26,0,357.392,195.228,256.373
1998-06-27,0.534552,256.373,332.256,173.522
1998-06-28,0,173.522,220.279,160.996
1998-06-29,0,160.996,152.857,135.17
1998-06-30,0,135.17,142.923,125.725
1998-07-01,2.16236,125.725,421.897,118.368
1998-07-02,1.7799,118.368,357.392,135.17
1998-07-03,13.2011,135.17,256.373,140.968
1998-07-04,0,140.968,173.522,154.876
1998-07-05,0,154.876,160.996,156.905
1998-07-06,0,156.905,135.17,139.024
1998-07-07,8.34241,139.024,125.725,127.592
1998-07-08,43.204,127.592,118.368,229.688
1998-07-09,1.02246,229.688,135.17,695.929
1998-07-10,0,695.929,140.968,682.25
1998-07-11,0,682.25,154.876,503.583
1998-07-12,0,503.583,156.905,386.179
1998-07-13,0,386.179,139.024,294.637
1998-07-14,0,294.637,127.592,222.617
1998-07-15,0,222.617,229.688,193.011
1998-07-16,0,193.011,695.929,173.522
1998-07-17,0,173.522,682.25,154.876
1998-07-18,6.96997,154.876,503.583,148.851
1998-07-19,0,148.851,386.179,144.888
1998-07-20,0,144.888,294.637,140.968
1998-07-21,13.2158,140.968,222.617,175.646
1998-07-22,2.46414,175.646,193.011,307.863
1998-07-23,27.9218,307.863,173.522,360.23
1998-07-24,0.0809743,360.23,154.876,569.535
1998-07-25,0.722779,569.535,148.851,446.411
1998-07-26,0,446.411,144.888,377.449
1998-07-27,0,377.449,140.968,310.537
1998-07-28,0,310.537,175.646,248.978
1998-07-29,0.0238576,248.978,307.863,234.452
1998-07-30,0,234.452,360.23,239.255
1998-07-31,0,239.255,569.535,190.805
1998-08-01,0,190.805,446.411,179.968
1998-08-02,22.5437,179.968,377.449,307.937
1998-08-03,0,307.937,310.537,395.083
1998-08-04,23.8652,395.083,248.978,289.48
1998-08-05,28.482,289.48,234.452,415.955
1998-08-06,0,415.955,239.255,443.422
1998-08-07,0,443.422,190.805,383.351
1998-08-08,0,383.351,179.968,321.399
1998-08-09,11.9194,321.399,307.937,261.413
1998-08-10,0,261.413,395.083,305.272
1998-08-11,0,305.272,289.48,321.399
1998-08-12,2.7267,321.399,415.955,302.617
1998-08-13,52.3457,302.617,443.422,395.083
1998-08-14,30.7335,395.083,383.351,1111.76
1998-08-15,20.482,1111.76,321.399,1048.67
1998-08-16,2.3813,1048.67,261.413,960.056
1998-08-17,14.1147,960.056,305.272,794.048
1998-08-18,23.2954,794.048,321.399,801.212
1998-08-19,2.06611,801.212,302.617,751.495
1998-08-20,2.35709,751.495,395.083,682.25
1998-08-21,2.7531,682.25,1111.76,713.148
1998-08-22,0,713.148,1048.67,1076.13
1998-08-23,0,1076.13,960.056,1033.08
1998-08-24,0,1033.08,794.048,918.56
1998-08-25,0,918.56,801.212,786.904
1998-08-26,0,786.904,751.495,651.79
1998-08-27,0,651.79,682.25,566.318
1998-08-28,0.737522,566.318,713.148,458.985
1998-08-29,0.200873,458.985,1076.13,360.316
1998-08-30,0,360.316,1033.08,279.141
1998-08-31,0,279.141,918.56,236.905
1998-09-01,0,236.905,786.904,211.029
1998-09-02,0,211.029,651.79,199.692
1998-09-03,2.09398,199.692,566.318,186.422
1998-09-04,23.9007,186.422,458.985,182.081
1998-09-05,18.0999,182.081,360.316,536.532
1998-09-06,1.27809,536.532,279.141,572.757
1998-09-07,28.8714,572.757,236.905,543.223
1998-09-08,7.63521,543.223,211.029,833.701
1998-09-09,6.79292,833.701,199.692,772.679
1998-09-10,0,772.679,186.422,682.25
1998-09-11,0,682.25,182.081,536.532
1998-09-12,0.0763046,536.532,536.532,415.856
1998-09-13,16.4638,415.856,572.757,631.729
1998-09-14,6.73239,631.729,543.223,727.019
1998-09-15,34.4148,727.019,833.701,801.212
1998-09-16,0,801.212,772.679,716.608
1998-09-17,0,716.608,682.25,608.578
1998-09-18,4.52088,608.578,536.532,513.38
1998-09-19,33.8783,513.38,415.856,566.318
1998-09-20,12.1484,566.318,631.729,1111.76
1998-09-21,0,1111.76,727.019,1009.84
1998-09-22,0,1009.84,801.212,892.458
1998-09-23,0,892.458,716.608,727.019
1998-09-24,4.84443,727.019,608.578,608.578
1998-09-25,11.8341,608.578,513.38,526.56
1998-09-26,1.08154,526.56,566.318,455.747
1998-09-27,24.4106,455.747,1111.76,500.334
1998-09-28,15.5039,500.334,1009.84,706.244
1998-09-29,11.3871,706.244,892.458,727.019
1998-09-30,2.01807,727.019,727.019,651.79
1998-10-01,1.11703,651.79,608.578,615.165
1998-10-02,0,615.165,526.56,546.711
1998-10-03,2.84227,546.711,455.747,503.703
1998-10-04,0,503.703,500.334,533.327
1998-10-05,31.6599,533.327,706.244,585.703
1998-10-06,22.4404,585.703,727.019,631.729
1998-10-07,0,631.729,651.79,689.079
1998-10-08,4.21007,689.079,615.165,641.735
1998-10-09,0,641.735,546.711,592.211
1998-10-10,0,592.211,503.703,520.076
1998-10-11,8.84407,520.076,533.327,455.855
1998-10-12,0,455.855,585.703,412.947
1998-10-13,0,412.947,631.729,366.021
1998-10-14,0,366.021,689.079,318.688
1998-10-15,2.70672,318.688,641.735,318.688
1998-10-16,20.7753,318.688,592.211,249.038
1998-10-17,0,249.038,520.076,313.294
1998-10-18,0,313.294,455.855,363.164
1998-10-19,0,363.164,412.947,307.937
1998-10-20,0,307.937,366.021,253.959
1998-10-21,0,253.959,318.688,218.004
1998-10-22,0,218.004,318.688,186.467
1998-10-23,5.14651,186.467,249.038,182.124
1998-10-24,4.79182,182.124,313.294,232.121
1998-10-25,11.5814,232.121,363.164,241.729
1998-10-26,54.3988,241.729,307.937,575.985
1998-10-27,0.832893,575.985,253.959,765.597
1998-10-28,0,765.597,218.004,658.521
1998-10-29,2.46678,658.521,186.467,484.333
1998-10-30,9.05786,484.333,182.124,366.021
1998-10-31,0.0744228,366.021,232.121,307.937
1998-11-01,2.45016,307.937,241.729,273.963
1998-11-02,0,273.963,575.985,246.533
1998-11-03,0,246.533,765.597,213.327
1998-11-04,0.299893,213.327,658.521,193.011
1998-11-05,2.26823,193.011,484.333,177.781
1998-11-06,0.515975,177.781,366.021,167.212
1998-11-07,9.8415,167.212,307.937,152.857
1998-11-08,3.37663,152.857,273.963,146.864
1998-11-09,0.825442,146.864,246.533,137.092
1998-11-10,8.43208,137.092,213.327,131.359
1998-11-11,3.95689,131.359,193.011,179.926
1998-11-12,2.62765,179.926,177.781,179.926
1998-11-13,4.82626,179.926,167.212,152.857
1998-11-14,0.0225608,152.857,152.857,140.968
1998-11-15,0,140.968,146.864,125.725
1998-11-16,0.962545,125.725,137.092,118.368
1998-11-17,3.23477,118.368,131.359,109.425
1998-11-18,3.52841,109.425,179.926,107.671
1998-11-19,0,107.671,179.926,102.476
1998-11-20,0,102.476,152.857,92.3982
1998-11-21,6.3762,92.3982,140.968,89.1328
1998-11-22,0.762615,89.1328,125.725,87.5179
1998-11-23,0,87.5179,118.368,85.9148
1998-11-24,0,85.9148,109.425,82.7447
1998-11-25,1.00707,82.7447,107.671,78.0797
1998-11-26,1.41734,78.0797,102.476,78.0797
1998-11-27,0,78.0797,92.3982,78.0797
1998-11-28,0.0333846,78.0797,89.1328,73.5243
1998-11-29,3.93783,73.5243,87.5179,70.5489
1998-11-30,0,70.5489,85.9148,70.5489
1998-12-01,0,70.5489,82.7447,81.1776
1998-12-02,0,81.1776,78.0797,73.5243
1998-12-03,21.8896,73.5243,78.0797,64.7473
1998-12-04,0,64.7473,78.0797,100.767
1998-12-05,0,100.767,73.5243,197.455
1998-12-06,0,197.455,70.5489,206.464
1998-12-07,0,206.464,70.5489,150.848
1998-12-08,0.356705,150.848,81.1776,111.191
1998-12-09,13.5541,111.191,73.5243,92.3982
1998-12-10,8.58268,92.3982,64.7473,120.191
1998-12-11,10.0353,120.191,100.767,150.848
1998-12-12,0,150.848,197.455,326.771
1998-12-13,0,326.771,206.464,281.644
1998-12-14,4.54274,281.644,150.848,193.011
1998-12-15,43.0801,193.011,111.191,142.923
1998-12-16,18.1661,142.923,92.3982,195.228
1998-12-17,1.66296,195.228,120.191,165.129
1998-12-18,0,165.129,150.848,146.864
1998-12-19,0,146.864,326.771,114.757
1998-12-20,0,114.757,281.644,95.7106
1998-12-21,14.7967,95.7106,193.011,84.3238
1998-12-22,4.20207,84.3238,142.923,81.1776
1998-12-23,0,81.1776,195.228,79.6226
1998-12-24,0,79.6226,165.129,72.0304
1998-12-25,0,72.0304,146.864,66.1789
1998-12-26,0,66.1789,114.757,61.922
1998-12-27,0,61.922,95.7106,60.5285
1998-12-28,0,60.5285,84.3238,59.1477
1998-12-29,2.01803,59.1477,81.1776,56.4247
1998-12-30,0.0774734,56.4247,79.6226,53.7536
1998-12-31,0,53.7536,72.0304,51.1349
1999-01-01,14.8631,51.1349,66.1789,44.8206
1999-01-02,2.0324,44.8206,61.922,43.5981
1999-01-03,0,43.5981,60.5285,43.5981
1999-01-04,21.2231,43.5981,59.1477,67.623
1999-01-05,22.0208,67.623,56.4247,97.3844
1999-01-06,0,97.3844,53.7536,133.259
1999-01-07,0,133.259,51.1349,120.191
1999-01-08,1.71845,120.191,44.8206,82.7447
1999-01-09,0.203327,82.7447,43.5981,81.1776
1999-01-10,0,81.1776,43.5981,81.1776
1999-01-11,2.64941,81.1776,67.623,70.5489
1999-01-12,0,70.5489,97.3844,63.3283
1999-01-13,0,63.3283,133.259,59.1477
1999-01-14,0,59.1477,120.191,60.5285
1999-01-15,0,60.5285,82.7447,73.5243
1999-01-16,0,73.5243,81.1776,70.5489
1999-01-17,0.287131,70.5489,81.1776,78.0797
1999-01-18,2.35467,78.0797,70.5489,81.1776
1999-01-19,12.3775,81.1776,63.3283,87.5179
1999-01-20,24.2144,87.5179,59.1477,105.927
1999-01-21,38.0253,105.927,60.5285,123.869
1999-01-22,4.48713,123.869,73.5243,199.692
1999-01-23,3.22166,199.692,70.5489,294.637
1999-01-24,0,294.637,78.0797,251.433
1999-01-25,0.670772,251.433,81.1776,206.464
1999-01-26,23.8007,206.464,87.5179,175.646
1999-01-27,1.4858,175.646,105.927,188.608
1999-01-28,13.8425,188.608,123.869,184.246
1999-01-29,13.3951,184.246,199.692,217.952
1999-01-30,0,217.952,294.637,239.255
1999-01-31,1.02445,239.255,251.433,182.081
1999-02-01,0.828959,182.081,206.464,131.359
1999-02-02,5.66987,131.359,175.646,104.196
1999-02-03,0,104.196,188.608,97.3844
1999-02-04,0.216823,97.3844,184.246,89.1328
1999-02-05,0.117897,89.1328,217.952,78.0797
1999-02-06,0,78.0797,239.255,70.5489
1999-02-07,17.927,70.5489,182.081,72.0304
1999-02-08,29.344,72.0304,131.359,78.0797
1999-02-09,0.410349,78.0797,104.196,173.522
1999-02-10,0,173.522,97.3844,318.612
1999-02-11,0,318.612,89.1328,284.224
1999-02-12,0,284.224,78.0797,211.029
1999-02-13,1.96894,211.029,70.5489,146.864
1999-02-14,28.9195,146.864,72.0304,163.057
1999-02-15,0,163.057,78.0797,163.057
1999-02-16,17.4117,163.057,173.522,122.024
1999-02-17,8.33981,122.024,318.612,182.081
1999-02-18,0,182.081,284.224,232.065
1999-02-19,0.329662,232.065,211.029,186.422
1999-02-20,3.53268,186.422,146.864,175.646
1999-02-21,14.308,175.646,163.057,156.905
1999-02-22,3.92061,156.905,163.057,199.692
1999-02-23,10.3926,199.692,122.024,279.074
1999-02-24,21.824,279.074,182.081,276.514
1999-02-25,1.41918,276.514,232.065,284.224
1999-02-26,8.20974,284.224,186.422,418.872
1999-02-27,10.1281,418.872,175.646,437.153
1999-02-28,0.258859,437.153,156.905,424.931
1999-03-01,0.0836608,424.931,199.692,340.553
1999-03-02,0.287323,340.553,279.074,258.857
1999-03-03,1.43992,258.857,276.514,193.011
1999-03-04,0,193.011,284.224,160.996
1999-03-05,0,160.996,418.872,146.864
1999-03-06,0,146.864,437.153,123.869
1999-03-07,0,123.869,424.931,111.191
1999-03-08,0,111.191,340.553,104.196
1999-03-09,3.53445,104.196,258.857,95.7106
1999-03-10,12.8573,95.7106,193.011,89.1328
1999-03-11,1.8524,89.1328,160.996,112.968
1999-03-12,0,112.968,146.864,111.191
1999-03-13,0,111.191,123.869,92.3982
1999-03-14,0,92.3982,111.191,79.6226
1999-03-15,0,79.6226,104.196,73.5243
1999-03-16,0,73.5243,95.7106,69.0797
1999-03-17,0,69.0797,89.1328,67.623
1999-03-18,0,67.623,112.968,63.3283
1999-03-19,0,63.3283,111.191,61.922
1999-03-20,0,61.922,92.3982,59.1477
1999-03-21,0,59.1477,79.6226,57.7798
1999-03-22,22.4645,57.7798,73.5243,122.024
1999-03-23,2.85588,122.024,69.0797,135.17
1999-03-24,0,135.17,67.623,100.767
1999-03-25,0.68421,100.767,63.3283,78.0797
1999-03-26,2.25892,78.0797,61.922,69.0797
1999-03-27,31.2649,69.0797,59.1477,73.5243
1999-03-28,15.3987,73.5243,57.7798,76.549
1999-03-29,16.7788,76.549,122.024,94.0485
1999-03-30,0.97475,94.0485,135.17,89.1328
1999-03-31,0,89.1328,100.767,105.927
1999-04-01,0.242936,105.927,78.0797,111.191
1999-04-02,0.193933,111.191,69.0797,114.757
1999-04-03,22.093,114.757,73.5243,137.092
1999-04-04,0,137.092,76.549,129.47
1999-04-05,0.662502,129.47,94.0485,99.0699
1999-04-06,9.80592,99.0699,89.1328,84.3238
1999-04-07,0.758034,84.3238,105.927,150.848
1999-04-08,0.170599,150.848,111.191,127.592
1999-04-09,0,127.592,114.757,127.592
1999-04-10,0,127.592,137.092,99.0699
1999-04-11,1.69516,99.0699,129.47,85.9148
1999-04-12,7.82432,85.9148,99.0699,84.3238
1999-04-13,0.144128,84.3238,84.3238,123.869
1999-04-14,1.50286,123.869,150.848,154.876
1999-04-15,27.4802,154.876,127.592,140.968
1999-04-16,20.7572,140.968,127.592,279.074
1999-04-17,0,279.074,99.0699,346.13
1999-04-18,0,346.13,85.9148,258.857
1999-04-19,0,258.857,84.3238,184.246
1999-04-20,0,184.246,123.869,135.17
1999-04-21,0,135.17,154.876,114.757
1999-04-22,0,114.757,140.968,102.476
1999-04-23,0,102.476,279.074,94.0485
1999-04-24,0,94.0485,346.13,85.9148
1999-04-25,0.205708,85.9148,258.857,79.6226
1999-04-26,0.0251135,79.6226,184.246,76.549
1999-04-27,0,76.549,135.17,73.5243
1999-04-28,0.548895,73.5243,114.757,70.5489
1999-04-29,0.155834,70.5489,102.476,67.623
1999-04-30,3.82441,67.623,94.0485,66.1789
1999-05-01,0,66.1789,85.9148,61.922
1999-05-02,0,61.922,79.6226,59.1477
1999-05-03,0,59.1477,76.549,57.7798
1999-05-04,0,57.7798,73.5243,56.4247
1999-05-05,3.89689,56.4247,70.5489,55.0827
1999-05-06,17.7113,55.0827,67.623,55.0827
1999-05-07,0.931197,55.0827,66.1789,76.549
1999-05-08,0,76.549,61.922,76.549
1999-05-09,0,76.549,59.1477,60.5285
1999-05-10,0,60.5285,57.7798,53.7536
1999-05-11,2.24816,53.7536,56.4247,52.4377
1999-05-12,0,52.4377,55.0827,55.0827
1999-05-13,0,55.0827,55.0827,55.0827
1999-05-14,0,55.0827,76.549,53.7536
1999-05-15,0,53.7536,76.549,43.5981
1999-05-16,0,43.5981,60.5285,40.0128
1999-05-17,0,40.0128,53.7536,51.1349
1999-05-18,0,51.1349,52.4377,46.0566
1999-05-19,0,46.0566,55.0827,48.569
1999-05-20,0,48.569,55.0827,47.3061
1999-05-21,0,47.3061,53.7536,44.8206
1999-05-22,0,44.8206,43.5981,41.1941
1999-05-23,0,41.1941,40.0128,38.8454
1999-05-24,0,38.8454,51.1349,37.6918
1999-05-25,0.476148,37.6918,46.0566,37.6918
1999-05-26,20.1718,37.6918,48.569,37.6918
1999-05-27,0.174324,37.6918,47.3061,43.5981
1999-05-28,2.32895,43.5981,44.8206,57.7798
1999-05-29,22.5442,57.7798,41.1941,55.0827
1999-05-30,0,55.0827,38.8454,97.3844
1999-05-31,0,97.3844,37.6918,109.425
1999-06-01,0,109.425,37.6918,79.6226
1999-06-02,0,79.6226,37.6918,60.5285
1999-06-03,0,60.5285,43.5981,52.4377
1999-06-04,0,52.4377,57.7798,48.569
1999-06-05,0,48.569,55.0827,47.3061
1999-06-06,16.3105,47.3061,97.3844,44.8206
1999-06-07,0,44.8206,109.425,42.3893
1999-06-08,0,42.3893,79.6226,42.3893
1999-06-09,0,42.3893,60.5285,44.8206
1999-06-10,32.5817,44.8206,52.4377,125.725
1999-06-11,0,125.725,48.569,357.392
1999-06-12,0.773428,357.392,47.3061,332.256
1999-06-13,2.58455,332.256,44.8206,125.725
1999-06-14,8.93969,125.725,42.3893,99.0699
1999-06-15,0,99.0699,42.3893,87.5179
1999-06-16,0.167116,87.5179,44.8206,82.7447
1999-06-17,4.634,82.7447,125.725,78.0797
1999-06-18,12.87,78.0797,357.392,81.1776
1999-06-19,4.64487,81.1776,332.256,154.876
1999-06-20,9.0648,154.876,125.725,179.926
1999-06-21,0,179.926,99.0699,169.305
1999-06-22,0,169.305,87.5179,177.781
1999-06-23,0,177.781,82.7447,152.857
1999-06-24,3.22755,152.857,78.0797,120.191
1999-06-25,0,120.191,81.1776,102.476
1999-06-26,1.54679,102.476,154.876,95.7106
1999-06-27,0,95.7106,179.926,84.3238
1999-06-28,0,84.3238,169.305,78.0797
1999-06-29,0,78.0797,177.781,73.5243
1999-06-30,0,73.5243,152.857,69.0797
1999-07-01,0,69.0797,120.191,63.3283
1999-07-02,59.3587,63.3283,102.476,82.7447
1999-07-03,67.6585,82.7447,95.7106,1123.72
1999-07-04,15.3624,1123.72,84.3238,1087.97
1999-07-05,1.28401,1087.97,78.0797,870.276
1999-07-06,1.73306,870.276,73.5243,762.064
1999-07-07,2.87201,762.064,69.0797,892.458
1999-07-08,0,892.458,63.3283,837.336
1999-07-09,0,837.336,82.7447,733.986
1999-07-10,0,733.986,1123.72,621.774
1999-07-11,0,621.774,1087.97,566.318
1999-07-12,0,566.318,870.276,516.662
1999-07-13,0,516.662,762.064,471.479
1999-07-14,0,471.479,892.458,360.23
1999-07-15,0,360.23,837.336,297.263
1999-07-16,0,297.263,733.986,190.805
1999-07-17,0.341026,190.805,621.774,160.996
1999-07-18,0.192832,160.996,566.318,139.024
1999-07-19,4.74751,139.024,516.662,140.968
1999-07-20,0,140.968,471.479,152.857
1999-07-21,0,152.857,360.23,208.742
1999-07-22,0,208.742,297.263,177.781
1999-07-23,0,177.781,190.805,148.851
1999-07-24,0,148.851,160.996,133.259
1999-07-25,0,133.259,139.024,123.869
1999-07-26,3.53772,123.869,140.968,116.557
1999-07-27,6.92216,116.557,152.857,116.557
1999-07-28,0.0360498,116.557,208.742,163.057
1999-07-29,0,163.057,177.781,140.968
1999-07-30,1.36462,140.968,148.851,120.191
1999-07-31,0,120.191,133.259,114.757
1999-08-01,0,114.757,123.869,109.425
1999-08-02,0,109.425,116.557,100.767
1999-08-03,0,100.767,116.557,94.0485
1999-08-04,0,94.0485,163.057,90.7596
1999-08-05,0,90.7596,140.968,87.5179
1999-08-06,0,87.5179,120.191,85.9148
1999-08-07,0,85.9148,114.757,82.7447
1999-08-08,0,82.7447,109.425,79.6226
1999-08-09,0,79.6226,100.767,76.549
1999-08-10,0,76.549,94.0485,72.0304
1999-08-11,0,72.0304,90.7596,70.5489
1999-08-12,0,70.5489,87.5179,69.0797
1999-08-13,6.63698,69.0797,85.9148,69.0797
1999-08-14,6.8553,69.0797,82.7447,89.1328
1999-08-15,0.428703,89.1328,79.6226,104.196
1999-08-16,0,104.196,76.549,82.7447
1999-08-17,4.00346,82.7447,72.0304,72.0304
1999-08-18,0,72.0304,70.5489,73.5243
1999-08-19,0,73.5243,69.0797,70.5489
1999-08-20,0,70.5489,69.0797,69.0797
1999-08-21,0,69.0797,89.1328,67.623
1999-08-22,0,67.623,104.196,63.3283
1999-08-23,0,63.3283,82.7447,60.5285
1999-08-24,0,60.5285,72.0304,59.1477
1999-08-25,0,59.1477,73.5243,57.7798
1999-08-26,0,57.7798,70.5489,56.4247
1999-08-27,2.17244,56.4247,69.0797,53.7536
1999-08-28,4.67663,53.7536,67.623,55.0827
1999-08-29,0,55.0827,63.3283,97.3844
1999-08-30,0,97.3844,60.5285,82.7447
1999-08-31,0,82.7447,59.1477,69.0797
1999-09-01,0,69.0797,57.7798,61.922
1999-09-02,0,61.922,56.4247,57.7798
1999-09-03,0.619766,57.7798,53.7536,55.0827
1999-09-04,3.43777,55.0827,55.0827,52.4377
1999-09-05,0.489462,52.4377,97.3844,49.8453
1999-09-06,2.62966,49.8453,82.7447,48.569
1999-09-07,0,48.569,69.0797,52.4377
1999-09-08,23.5087,52.4377,61.922,57.7798
1999-09-09,32.45,57.7798,57.7798,109.425
1999-09-10,0.881786,109.425,55.0827,276.514
1999-09-11,0,276.514,52.4377,220.279
1999-09-12,0,220.279,49.8453,146.864
1999-09-13,0.069534,146.864,48.569,127.592
1999-09-14,33.2952,127.592,52.4377,123.869
1999-09-15,8.91822,123.869,57.7798,248.978
1999-09-16,0,248.978,109.425,253.898
1999-09-17,0,253.898,276.514,184.246
1999-09-18,0,184.246,220.279,133.259
1999-09-19,0,133.259,146.864,111.191
1999-09-20,0,111.191,127.592,99.0699
1999-09-21,0,99.0699,123.869,89.1328
1999-09-22,0,89.1328,248.978,82.7447
1999-09-23,0,82.7447,253.898,76.549
1999-09-24,0,76.549,184.246,70.5489
1999-09-25,0,70.5489,133.259,64.7473
1999-09-26,0.245226,64.7473,111.191,61.922
1999-09-27,0,61.922,99.0699,60.5285
1999-09-28,3.77576,60.5285,89.1328,59.1477
1999-09-29,14.1233,59.1477,82.7447,63.3283
1999-09-30,0,63.3283,76.549,89.1328
1999-10-01,18.2836,89.1328,70.5489,85.9148
1999-10-02,49.0364,85.9148,64.7473,740.974
1999-10-03,0,740.974,61.922,811.996
1999-10-04,0,811.996,60.5285,661.894
1999-10-05,4.2384,661.894,59.1477,397.944
1999-10-06,0,397.944,63.3283,253.898
1999-10-07,35.9568,253.898,89.1328,206.464
1999-10-08,13.652,206.464,85.9148,737.477
1999-10-09,0,737.477,740.974,776.227
1999-10-10,0,776.227,811.996,582.458
1999-10-11,0.0215583,582.458,661.894,474.651
1999-10-12,2.98308,474.651,397.944,310.537
1999-10-13,2.00194,310.537,253.898,227.321
1999-10-14,5.23953,227.321,206.464,188.608
1999-10-15,5.99869,188.608,737.477,167.212
1999-10-16,43.4563,167.212,776.227,239.255
1999-10-17,0.0481983,239.255,582.458,503.583
1999-10-18,0.0199219,503.583,474.651,477.831
1999-10-19,0,477.831,310.537,392.044
1999-10-20,0,392.044,227.321,292.019
1999-10-21,0,292.019,188.608,224.964
1999-10-22,0,224.964,167.212,188.608
1999-10-23,0,188.608,239.255,173.522
1999-10-24,0.0744103,173.522,503.583,150.848
1999-10-25,0.0369338,150.848,477.831,135.17
1999-10-26,0,135.17,392.044,129.47
1999-10-27,0,129.47,292.019,127.592
1999-10-28,0,127.592,224.964,120.191
1999-10-29,0,120.191,188.608,118.368
1999-10-30,0,118.368,173.522,109.425
1999-10-31,0,109.425,150.848,104.196
1999-11-01,1.02588,104.196,135.17,105.927
1999-11-02,22.843,105.927,129.47,104.196
1999-11-03,0,104.196,127.592,102.476
1999-11-04,13.9721,102.476,120.191,97.3844
1999-11-05,16.1073,97.3844,118.368,127.592
1999-11-06,0,127.592,109.425,236.849
1999-11-07,0,236.849,104.196,142.923
1999-11-08,0.207687,142.923,105.927,104.196
1999-11-09,0.937187,104.196,104.196,111.191
1999-11-10,0,111.191,102.476,95.7106
1999-11-11,0,95.7106,97.3844,82.7447
1999-11-12,5.03546,82.7447,127.592,78.0797
1999-11-13,2.96086,78.0797,236.849,85.9148
1999-11-14,4.8752,85.9148,142.923,258.857
1999-11-15,0.0108648,258.857,104.196,239.255
1999-11-16,0.0262563,239.255,111.191,167.212
1999-11-17,0,167.212,95.7106,123.869
1999-11-18,0,123.869,82.7447,102.476
1999-11-19,0,102.476,78.0797,87.5179
1999-11-20,1.26826,87.5179,85.9148,81.1776
1999-11-21,0.547955,81.1776,258.857,90.7596
1999-11-22,26.3144,90.7596,239.255,87.5179
1999-11-23,6.0565,87.5179,167.212,81.1776
1999-11-24,0,81.1776,123.869,100.767
1999-11-25,0,100.767,102.476,100.767
1999-11-26,1.77181,100.767,87.5179,85.9148
1999-11-27,0,85.9148,81.1776,84.3238
1999-11-28,0,84.3238,90.7596,79.6226
1999-11-29,0,79.6226,87.5179,70.5489
1999-11-30,0,70.5489,81.1776,61.922
1999-12-01,0,61.922,100.767,56.4247
1999-12-02,0.744975,56.4247,100.767,52.4377
1999-12-03,17.1016,52.4377,85.9148,56.4247
1999-12-04,0,56.4247,84.3238,76.549
1999-12-05,0,76.549,79.6226,89.1328
1999-12-06,2.34988,89.1328,70.5489,85.9148
1999-12-07,0,85.9148,61.922,95.7106
1999-12-08,0.281562,95.7106,56.4247,95.7106
1999-12-09,0,95.7106,52.4377,135.17
1999-12-10,17.619,135.17,56.4247,139.024
1999-12-11,0,139.024,76.549,109.425
1999-12-12,0,109.425,89.1328,90.7596
1999-12-13,37.367,90.7596,85.9148,89.1328
1999-12-14,0.00556255,89.1328,95.7106,107.671
1999-12-15,0,107.671,95.7106,112.968
1999-12-16,0,112.968,135.17,90.7596
1999-12-17,0,90.7596,139.024,70.5489
1999-12-18,0,70.5489,109.425,60.5285
1999-12-19,0.0706392,60.5285,90.7596,56.4247
1999-12-20,0.505013,56.4247,89.1328,53.7536
1999-12-21,1.94846,53.7536,107.671,52.4377
1999-12-22,12.4194,52.4377,112.968,52.4377
1999-12-23,0,52.4377,90.7596,52.4377
1999-12-24,0,52.4377,70.5489,51.1349
1999-12-25,0,51.1349,60.5285,44.8206
1999-12-26,0,44.8206,56.4247,40.0128
1999-12-27,5.36761,40.0128,53.7536,37.6918
1999-12-28,0,37.6918,52.4377,43.5981
1999-12-29,0,43.5981,52.4377,38.8454
1999-12-30,3.60019,38.8454,52.4377,35.427
1999-12-31,6.0596,35.427,51.1349,36.5523
2000-01-01,0,36.5523,44.8206,47.3061
2000-01-02,0,47.3061,40.0128,73.5243
2000-01-03,0,73.5243,37.6918,87.5179
2000-01-04,0,87.5179,43.5981,67.623
2000-01-05,0,67.623,38.8454,56.4247
2000-01-06,6.55115,56.4247,35.427,52.4377
2000-01-07,1.53709,52.4377,36.5523,56.4247
2000-01-08,15.1287,56.4247,47.3061,56.4247
2000-01-09,0,56.4247,73.5243,79.6226
2000-01-10,10.7148,79.6226,87.5179,102.476
2000-01-11,25.5392,102.476,67.623,139.024
2000-01-12,0.336483,139.024,56.4247,195.228
2000-01-13,13.5465,195.228,52.4377,163.057
2000-01-14,17.2645,163.057,56.4247,131.359
2000-01-15,37.0757,131.359,56.4247,559.903
2000-01-16,22.9695,559.903,79.6226,490.639
2000-01-17,18.8694,490.639,102.476,431.025
2000-01-18,25.069,431.025,139.024,421.897
2000-01-19,1.9267,421.897,195.228,368.799
2000-01-20,0,368.799,163.057,279.074
2000-01-21,0,279.074,131.359,184.246
2000-01-22,0,184.246,559.903,148.851
2000-01-23,1.68218,148.851,490.639,120.191
2000-01-24,2.68842,120.191,431.025,229.688
2000-01-25,1.7175,229.688,421.897,348.932
2000-01-26,0,348.932,368.799,236.849
2000-01-27,0,236.849,279.074,163.057
2000-01-28,0,163.057,184.246,123.869
2000-01-29,0,123.869,148.851,102.476
2000-01-30,1.20919,102.476,120.191,92.3982
2000-01-31,26.852,92.3982,229.688,82.7447
2000-02-01,0.363582,82.7447,348.932,131.359
2000-02-02,0,131.359,236.849,256.373
2000-02-03,29.0572,256.373,163.057,268.889
2000-02-04,36.353,268.889,123.869,251.433
2000-02-05,0,251.433,102.476,302.544
2000-02-06,0,302.544,92.3982,206.464
2000-02-07,0,206.464,82.7447,139.024
2000-02-08,0,139.024,131.359,114.757
2000-02-09,0,114.757,256.373,99.0699
2000-02-10,1.70126,99.0699,268.889,94.0485
2000-02-11,1.36488,94.0485,251.433,95.7106
2000-02-12,2.73421,95.7106,302.544,92.3982
2000-02-13,17.6309,92.3982,206.464,90.7596
2000-02-14,32.5154,90.7596,139.024,104.196
2000-02-15,21.875,104.196,114.757,229.688
2000-02-16,0,229.688,99.0699,588.954
2000-02-17,0,588.954,94.0485,474.651
2000-02-18,0,474.651,95.7106,343.337
2000-02-19,0,343.337,92.3982,253.898
2000-02-20,0,253.898,90.7596,173.522
2000-02-21,6.48568,173.522,104.196,135.17
2000-02-22,1.36289,135.17,229.688,116.557
2000-02-23,9.56693,116.557,588.954,131.359
2000-02-24,0,131.359,474.651,179.926
2000-02-25,4.04216,179.926,343.337,139.024
2000-02-26,2.36704,139.024,253.898,127.592
2000-02-27,0.627203,127.592,173.522,112.968
2000-02-28,7.56977,112.968,135.17,104.196
2000-02-29,15.0946,104.196,116.557,179.926
2000-03-01,0.104299,179.926,131.359,197.455
2000-03-02,0,197.455,179.926,297.263
2000-03-03,0,297.263,139.024,310.537
2000-03-04,0.277836,310.537,127.592,268.889
2000-03-05,20.2383,268.889,112.968,229.688
2000-03-06,38.1365,229.688,104.196,273.963
2000-03-07,9.6944,273.963,179.926,513.38
2000-03-08,0,513.38,197.455,340.553
2000-03-09,0,340.553,297.263,266.367
2000-03-10,0,266.367,310.537,175.646
2000-03-11,0,175.646,268.889,144.888
2000-03-12,0,144.888,229.688,127.592
2000-03-13,0,127.592,273.963,123.869
2000-03-14,0.0757057,123.869,513.38,127.592
2000-03-15,0,127.592,340.553,114.757
2000-03-16,0.859979,114.757,266.367,102.476
2000-03-17,17.1264,102.476,175.646,97.3844
2000-03-18,0.15106,97.3844,144.888,116.557
2000-03-19,0,116.557,127.592,123.869
2000-03-20,0,123.869,123.869,100.767
2000-03-21,0,100.767,127.592,84.3238
2000-03-22,0,84.3238,114.757,76.549
2000-03-23,0,76.549,102.476,70.5489
2000-03-24,19.9389,70.5489,97.3844,70.5489
2000-03-25,4.03885,70.5489,116.557,105.927
2000-03-26,0,105.927,123.869,102.476
2000-03-27,7.87706,102.476,100.767,82.7447
2000-03-28,15.0967,82.7447,84.3238,109.425
2000-03-29,0,109.425,76.549,120.191
2000-03-30,0,120.191,70.5489,99.0699
2000-03-31,0,99.0699,70.5489,81.1776
2000-04-01,0.396008,81.1776,105.927,73.5243
2000-04-02,0.42882,73.5243,102.476,72.0304
2000-04-03,0,72.0304,82.7447,67.623
2000-04-04,0,67.623,109.425,64.7473
2000-04-05,0,64.7473,120.191,59.1477
2000-04-06,0,59.1477,99.0699,56.4247
2000-04-07,0.00262008,56.4247,81.1776,56.4247
2000-04-08,0,56.4247,73.5243,53.7536
2000-04-09,0,53.7536,72.0304,53.7536
2000-04-10,1.13596,53.7536,67.623,52.4377
2000-04-11,2.26161,52.4377,64.7473,51.1349
2000-04-12,0.622581,51.1349,59.1477,48.569
2000-04-13,0.783342,48.569,56.4247,81.1776
2000-04-14,0,81.1776,56.4247,109.425
2000-04-15,0,109.425,53.7536,67.623
2000-04-16,0.737942,67.623,53.7536,56.4247
2000-04-17,13.2518,56.4247,52.4377,51.1349
2000-04-18,37.3783,51.1349,51.1349,85.9148
2000-04-19,0.0792149,85.9148,48.569,204.197
2000-04-20,0,204.197,81.1776,179.926
2000-04-21,0,179.926,109.425,116.557
2000-04-22,0,116.557,67.623,85.9148
2000-04-23,0,85.9148,56.4247,73.5243
2000-04-24,0,73.5243,51.1349,64.7473
2000-04-25,0,64.7473,85.9148,59.1477
2000-04-26,0,59.1477,204.197,56.4247
2000-04-27,0,56.4247,179.926,53.7536
2000-04-28,0.585194,53.7536,116.557,51.1349
2000-04-29,2.34531,51.1349,85.9148,48.569
2000-04-30,0,48.569,73.5243,48.569
2000-05-01,0,48.569,64.7473,51.1349
2000-05-02,2.58998,51.1349,59.1477,46.0566
2000-05-03,1.226,46.0566,56.4247,46.0566
2000-05-04,9.43447,46.0566,53.7536,48.569
2000-05-05,14.24,48.569,51.1349,69.0797
2000-05-06,2.89141,69.0797,48.569,105.927
2000-05-07,0,105.927,48.569,102.476
2000-05-08,0,102.476,51.1349,73.5243
2000-05-09,0,73.5243,46.0566,59.1477
2000-05-10,0,59.1477,46.0566,53.7536
2000-05-11,0.0578649,53.7536,48.569,49.8453
2000-05-12,0,49.8453,69.0797,48.569
2000-05-13,0,48.569,105.927,46.0566
2000-05-14,0,46.0566,102.476,46.0566
2000-05-15,0.0032334,46.0566,73.5243,44.8206
2000-05-16,6.99258,44.8206,59.1477,43.5981
2000-05-17,0,43.5981,53.7536,42.3893
2000-05-18,0,42.3893,49.8453,43.5981
2000-05-19,0,43.5981,48.569,43.5981
2000-05-20,0,43.5981,46.0566,43.5981
2000-05-21,0,43.5981,46.0566,52.4377
2000-05-22,0,52.4377,44.8206,46.0566
2000-05-23,0,46.0566,43.5981,41.1941
2000-05-24,0,41.1941,42.3893,40.0128
2000-05-25,0,40.0128,43.5981,38.8454
2000-05-26,11.845,38.8454,43.5981,40.0128
2000-05-27,0,40.0128,43.5981,46.0566
2000-05-28,0,46.0566,52.4377,49.8453
2000-05-29,0,49.8453,46.0566,43.5981
2000-05-30,0.70959,43.5981,41.1941,35.427
2000-05-31,0,35.427,40.0128,32.1364
2000-06-01,0,32.1364,38.8454,32.1441
2000-06-02,0,32.1441,40.0128,30.0221
2000-06-03,0,30.0221,46.0566,30.0221
2000-06-04,0,30.0221,49.8453,30.0221
2000-06-05,1.61147,30.0221,43.5981,30.0221
2000-06-06,0.0079061,30.0221,35.427,31.0758
2000-06-07,0.0916729,31.0758,32.1364,33.2268
2000-06-08,0.088222,33.2268,32.1441,35.4354
2000-06-09,0.0253399,35.4354,30.0221,33.2268
2000-06-10,0.228612,33.2268,30.0221,32.1441
2000-06-11,0.465848,32.1441,30.0221,30.0221
2000-06-12,0.0122767,30.0221,30.0221,31.0758
2000-06-13,2.36331,31.0758,31.0758,30.0221
2000-06-14,0,30.0221,33.2268,30.0221
2000-06-15,0,30.0221,35.4354,32.1441
2000-06-16,0.848611,32.1441,33.2268,31.0758
2000-06-17,8.1269,31.0758,32.1441,34.324
2000-06-18,38.4315,34.324,30.0221,67.6391
2000-06-19,0.286668,67.6391,31.0758,131.39
2000-06-20,8.3188,131.39,30.0221,175.688
2000-06-21,0,175.688,30.0221,131.39
2000-06-22,0,131.39,32.1441,92.4202
2000-06-23,0,92.4202,31.0758,70.5657
2000-06-24,0,70.5657,34.324,57.7935
2000-06-25,0.027833,57.7935,67.6391,53.7664
2000-06-26,11.0495,53.7664,131.39,53.7664
2000-06-27,7.21296,53.7664,175.688,112.995
2000-06-28,0,112.995,131.39,171.449
2000-06-29,8.75303,171.449,92.4202,116.585
2000-06-30,8.36656,116.585,70.5657,92.4202
2000-07-01,0,92.4202,57.7935,127.592
2000-07-02,2.60693,127.592,53.7664,97.3844
2000-07-03,5.34148,97.3844,53.7664,85.9148
2000-07-04,0,85.9148,112.995,85.9148
2000-07-05,0,85.9148,171.449,73.5243
2000-07-06,0,73.5243,116.585,64.7473
2000-07-07,0,64.7473,92.4202,60.5285
2000-07-08,0,60.5285,127.592,57.7798
2000-07-09,3.01731,57.7798,97.3844,56.4247
2000-07-10,21.8342,56.4247,85.9148,102.476
2000-07-11,17.02,102.476,85.9148,440.23
2000-07-12,1.53071,440.23,73.5243,446.411
2000-07-13,0,446.411,64.7473,321.323
2000-07-14,0,321.323,60.5285,211.029
2000-07-15,2.12955,211.029,57.7798,163.057
2000-07-16,0.616524,163.057,56.4247,135.17
2000-07-17,0,135.17,102.476,120.191
2000-07-18,0,120.191,440.23,105.927
2000-07-19,0.0897393,105.927,446.411,94.0485
2000-07-20,0,94.0485,321.323,85.9148
2000-07-21,0,85.9148,211.029,79.6226
2000-07-22,11.9103,79.6226,163.057,75.0305
2000-07-23,6.71447,75.0305,135.17,109.425
2000-07-24,0,109.425,120.191,158.945
2000-07-25,0,158.945,105.927,120.191
2000-07-26,0,120.191,94.0485,95.7106
2000-07-27,0,95.7106,85.9148,85.9148
2000-07-28,0,85.9148,79.6226,78.0797
2000-07-29,0,78.0797,75.0305,73.5243
2000-07-30,6.1847,73.5243,109.425,70.5489
2000-07-31,0.0168502,70.5489,158.945,69.0797
2000-08-01,0.049657,69.0797,120.191,69.0797
2000-08-02,0,69.0797,95.7106,70.5489
2000-08-03,5.21099,70.5489,85.9148,69.0797
2000-08-04,0,69.0797,78.0797,73.5243
2000-08-05,0,73.5243,73.5243,76.549
2000-08-06,0.0465833,76.549,70.5489,69.0797
2000-08-07,0,69.0797,69.0797,63.3283
2000-08-08,0,63.3283,69.0797,59.1477
2000-08-09,1.14051,59.1477,70.5489,57.7798
2000-08-10,0,57.7798,69.0797,56.4247
2000-08-11,0,56.4247,73.5243,55.0827
2000-08-12,0,55.0827,76.549,52.4377
2000-08-13,0,52.4377,69.0797,51.1349
2000-08-14,1.02217,51.1349,63.3283,48.569
2000-08-15,10.1122,48.569,59.1477,51.1349
2000-08-16,0,51.1349,57.7798,102.476
2000-08-17,25.9521,102.476,56.4247,123.869
2000-08-18,0.673139,123.869,55.0827,182.081
2000-08-19,0,182.081,52.4377,201.939
2000-08-20,0,201.939,51.1349,146.864
2000-08-21,0,146.864,48.569,112.968
2000-08-22,0,112.968,51.1349,94.0485
2000-08-23,0,94.0485,102.476,85.9148
2000-08-24,0,85.9148,123.869,78.0797
2000-08-25,0.185152,78.0797,182.081,70.5489
2000-08-26,17.7043,70.5489,201.939,67.623
2000-08-27,9.99398,67.623,146.864,107.671
2000-08-28,1.2243,107.671,112.968,171.408
2000-08-29,0,171.408,94.0485,146.864
2000-08-30,0,146.864,85.9148,116.557
2000-08-31,7.91527,116.557,78.0797,95.7106
2000-09-01,0.14713,95.7106,70.5489,85.9148
2000-09-02,9.53974,85.9148,67.623,79.6226
2000-09-03,0.00976785,79.6226,107.671,78.0797
2000-09-04,0,78.0797,171.408,76.549
2000-09-05,0,76.549,146.864,73.5243
2000-09-06,0,73.5243,116.557,70.5489
2000-09-07,0,70.5489,95.7106,64.7473
2000-09-08,2.57769,64.7473,85.9148,59.1477
2000-09-09,0.142354,59.1477,79.6226,56.4247
2000-09-10,10.711,56.4247,78.0797,53.7536
2000-09-11,13.7153,53.7536,76.549,79.6226
2000-09-12,36.5141,79.6226,73.5243,289.411
2000-09-13,15.9286,289.411,70.5489,546.581
2000-09-14,21.3516,546.581,64.7473,685.662
2000-09-15,15.7288,685.662,59.1477,948.682
2000-09-16,3.2964,948.682,56.4247,873.96
2000-09-17,5.56886,873.96,53.7536,840.976
2000-09-18,0.762884,840.976,79.6226,769.135
2000-09-19,35.2107,769.135,289.411,899.892
2000-09-20,0,899.892,546.581,877.65
2000-09-21,0,877.65,685.662,840.976
2000-09-22,1.94099,840.976,948.682,744.476
2000-09-23,6.47627,744.476,873.96,592.211
2000-09-24,13.8137,592.211,840.976,598.741
2000-09-25,0,598.741,769.135,713.148
2000-09-26,0,713.148,899.892,631.729
2000-09-27,0,631.729,877.65,487.424
2000-09-28,0,487.424,840.976,340.553
2000-09-29,0,340.553,744.476,268.889
2000-09-30,0.684788,268.889,592.211,227.321
2000-10-01,6.70292,227.321,598.741,215.634
2000-10-02,0.0149324,215.634,713.148,248.978
2000-10-03,0,248.978,631.729,279.074
2000-10-04,9.93238,279.074,487.424,248.978
2000-10-05,7.48953,248.978,340.553,224.964
2000-10-06,0,224.964,268.889,215.634
2000-10-07,0,215.634,227.321,171.408
2000-10-08,0,171.408,215.634,150.848
2000-10-09,0,150.848,248.978,137.092
2000-10-10,24.0117,137.092,279.074,197.455
2000-10-11,2.12772,197.455,248.978,346.13
2000-10-12,28.5187,346.13,224.964,340.553
2000-10-13,34.2067,340.553,215.634,833.701
2000-10-14,14.8577,833.701,171.408,1005.98
2000-10-15,0,1005.98,150.848,998.281
2000-10-16,0.0960781,998.281,137.092,804.801
2000-10-17,6.13334,804.801,197.455,769.135
2000-10-18,0.155574,769.135,346.13,695.929
2000-10-19,6.26682,695.929,340.553,645.081
2000-10-20,18.4783,645.081,833.701,706.244
2000-10-21,0,706.244,1005.98,638.394
2000-10-22,0.0429385,638.394,998.281,546.581
2000-10-23,3.15319,546.581,804.801,394.989
2000-10-24,0.672907,394.989,769.135,286.813
2000-10-25,1.18938,286.813,695.929,244.097
2000-10-26,2.75698,244.097,645.081,220.279
2000-10-27,20.3884,220.279,706.244,244.097
2000-10-28,0,244.097,638.394,360.23
2000-10-29,0,360.23,546.581,292.019
2000-10-30,0,292.019,394.989,222.617
2000-10-31,0,222.617,286.813,190.805
2000-11-01,0.103011,190.805,244.097,169.345
2000-11-02,2.70614,169.345,220.279,154.912
2000-11-03,0.360926,154.912,244.097,142.956
2000-11-04,0,142.956,360.23,139.057
2000-11-05,0,139.057,292.019,131.39
2000-11-06,9.62594,131.39,222.617,123.898
2000-11-07,0.0160003,123.898,190.805,120.219
2000-11-08,0,120.219,169.345,116.585
2000-11-09,0.470885,116.585,154.912,109.451
2000-11-10,0,109.451,142.956,105.953
2000-11-11,0,105.953,139.057,109.451
2000-11-12,31.6291,109.451,131.39,109.451
2000-11-13,0.740655,109.451,123.898,135.202
2000-11-14,1.23411,135.202,120.219,292.089
2000-11-15,0,292.089,116.585,220.332
2000-11-16,0,220.332,109.451,161.034
2000-11-17,0,161.034,105.953,123.898
2000-11-18,0.0654019,123.898,109.451,109.451
2000-11-19,0,109.451,109.451,104.221
2000-11-20,5.91055,104.221,135.202,97.4076
2000-11-21,2.2898,97.4076,292.089,193.057
2000-11-22,0,193.057,220.332,215.686
2000-11-23,0,215.686,161.034,165.169
2000-11-24,17.5125,165.169,123.898,123.898
2000-11-25,7.74124,123.898,109.451,123.898
2000-11-26,0,123.898,104.221,127.622
2000-11-27,0,127.622,97.4076,122.053
2000-11-28,4.78033,122.053,193.057,105.953
2000-11-29,11.3734,105.953,215.686,92.4202
2000-11-30,0.5371,92.4202,165.169,102.5
2000-12-01,0,102.5,123.898,139.024
2000-12-02,1.12513,139.024,123.898,152.857
2000-12-03,3.29795,152.857,127.622,127.592
2000-12-04,18.062,127.592,122.053,122.024
2000-12-05,0.0180678,122.024,105.953,116.557
2000-12-06,0,116.557,92.4202,112.968
2000-12-07,0,112.968,102.5,102.476
2000-12-08,0,102.476,139.024,89.1328
2000-12-09,0.513652,89.1328,152.857,76.549
2000-12-10,0.220856,76.549,127.592,70.5489
2000-12-11,4.29627,70.5489,122.024,67.623
2000-12-12,18.1146,67.623,116.557,64.7473
2000-12-13,13.1421,64.7473,112.968,61.922
2000-12-14,0.676107,61.922,102.476,67.623
2000-12-15,10.1825,67.623,89.1328,95.7106
2000-12-16,3.89161,95.7106,76.549,340.553
2000-12-17,0,340.553,70.5489,335.013
2000-12-18,0,335.013,67.623,263.854
2000-12-19,0,263.854,64.7473,195.228
2000-12-20,0,195.228,61.922,123.869
2000-12-21,6.48772,123.869,67.623,95.7106
2000-12-22,9.06892,95.7106,95.7106,92.3982
2000-12-23,3.713,92.3982,340.553,127.592
2000-12-24,29.0242,127.592,335.013,154.876
2000-12-25,3.9936,154.876,263.854,602.014
2000-12-26,6.92789,602.014,195.228,605.293
2000-12-27,11.1204,605.293,123.869,468.315
2000-12-28,18.1546,468.315,95.7106,377.449
2000-12-29,12.8226,377.449,92.3982,519.953
2000-12-30,30.15,519.953,127.592,655.152
2000-12-31,0,655.152,154.876,692.501
2001-01-01,0,692.501,602.014,608.578
2001-01-02,0,608.578,605.293,481.135
2001-01-03,0,481.135,468.315,366.021
2001-01-04,0,366.021,377.449,249.038
2001-01-05,9.25999,249.038,519.953,186.467
2001-01-06,18.115,186.467,655.152,201.988
2001-01-07,5.3755,201.988,692.501,289.48
2001-01-08,12.82,289.48,608.578,302.617
2001-01-09,13.9146,302.617,481.135,329.588
2001-01-10,15.3179,329.588,366.021,315.986
2001-01-11,17.3218,315.986,249.038,266.43
2001-01-12,5.62366,266.43,186.467,383.351
2001-01-13,3.34568,383.351,201.988,366.021
2001-01-14,0.898381,366.021,289.48,292.089
2001-01-15,5.6908,292.089,302.617,241.729
2001-01-16,7.45577,241.729,329.588,211.079
2001-01-17,4.61118,211.079,315.986,412.947
2001-01-18,1.59832,412.947,266.43,401.003
2001-01-19,15.4071,401.003,383.351,297.334
2001-01-20,9.55918,297.334,366.021,398.039
2001-01-21,0.520802,398.039,292.089,389.2
2001-01-22,1.64851,389.2,241.729,366.021
2001-01-23,16.2776,366.021,211.079,360.316
2001-01-24,5.60369,360.316,412.947,354.647
2001-01-25,0.355322,354.647,401.003,263.917
2001-01-26,0.857559,263.917,297.334,236.905
2001-01-27,9.90079,236.905,398.039,215.686
2001-01-28,13.9791,215.686,389.2,179.968
2001-01-29,27.0936,179.968,366.021,193.057
2001-01-30,1.38987,193.057,360.316,281.711
2001-01-31,2.6515,281.711,354.647,289.48
2001-02-01,5.39096,289.48,263.917,360.23
2001-02-02,10.4273,360.23,236.905,279.074
2001-02-03,10.6899,279.074,215.686,266.367
2001-02-04,13.5497,266.367,179.968,279.074
2001-02-05,11.1699,279.074,193.057,443.316
2001-02-06,0.0200554,443.316,281.711,602.014
2001-02-07,0.0348668,602.014,289.48,611.869
2001-02-08,0,611.869,360.23,533.2
2001-02-09,0,533.2,279.074,462.014
2001-02-10,6.09998,462.014,266.367,383.26
2001-02-11,0.614003,383.26,279.074,377.449
2001-02-12,37.8134,377.449,443.316,340.553
2001-02-13,0,340.553,602.014,371.673
2001-02-14,3.8819,371.673,611.869,365.934
2001-02-15,7.06975,365.934,533.2,360.23
2001-02-16,0.710366,360.23,462.014,365.934
2001-02-17,0,365.934,383.26,297.263
2001-02-18,16.8536,297.263,377.449,246.533
2001-02-19,40.972,246.533,340.553,468.315
2001-02-20,22.4306,468.315,371.673,797.627
2001-02-21,1.61806,797.627,365.934,720.073
2001-02-22,11.8514,720.073,360.23,658.521
2001-02-23,1.7951,658.521,365.934,645.081
2001-02-24,1.76136,645.081,297.263,566.318
2001-02-25,4.41945,566.318,246.533,449.514
2001-02-26,4.26853,449.514,468.315,383.26
2001-02-27,0.566295,383.26,797.627,315.911
2001-02-28,1.08342,315.911,720.073,244.097
2001-03-01,0,244.097,658.521,229.688
2001-03-02,0,229.688,645.081,206.464
2001-03-03,0.536744,206.464,566.318,177.781
2001-03-04,0.630489,177.781,449.514,158.945
2001-03-05,0,158.945,383.26,163.057
2001-03-06,1.25076,163.057,315.911,175.646
2001-03-07,15.8775,175.646,244.097,173.522
2001-03-08,12.9231,173.522,229.688,217.952
2001-03-09,7.15652,217.952,206.464,199.692
2001-03-10,15.5499,199.692,177.781,268.889
2001-03-11,0,268.889,158.945,251.433
2001-03-12,0,251.433,163.057,182.081
2001-03-13,0,182.081,175.646,144.888
2001-03-14,0.798765,144.888,173.522,129.47
2001-03-15,10.995,129.47,217.952,120.191
2001-03-16,22.3955,120.191,199.692,125.725
2001-03-17,21.2551,125.725,268.889,220.279
2001-03-18,25.1035,220.279,251.433,374.557
2001-03-19,0.393603,374.557,182.081,371.673
2001-03-20,0.269636,371.673,144.888,281.644
2001-03-21,0.026875,281.644,129.47,217.952
2001-03-22,8.62182,217.952,120.191,179.926
2001-03-23,18.9341,179.926,125.725,175.646
2001-03-24,14.2888,175.646,220.279,197.455
2001-03-25,5.03026,197.455,374.557,261.35
2001-03-26,5.42981,261.35,371.673,234.452
2001-03-27,1.19211,234.452,281.644,188.608
2001-03-28,5.27469,188.608,217.952,175.646
2001-03-29,0,175.646,179.926,167.212
2001-03-30,0,167.212,175.646,156.905
2001-03-31,0.233693,156.905,197.455,135.17
2001-04-01,15.1583,135.17,261.35,142.923
2001-04-02,0,142.923,234.452,403.879
2001-04-03,0,403.879,188.608,251.433
2001-04-04,0,251.433,175.646,199.692
2001-04-05,0.661986,199.692,167.212,146.864
2001-04-06,5.09559,146.864,156.905,131.359
2001-04-07,0.547519,131.359,135.17,123.869
2001-04-08,13.1473,123.869,142.923,122.024
2001-04-09,11.216,122.024,403.879,246.533
2001-04-10,4.26203,246.533,251.433,263.854
2001-04-11,0,263.854,199.692,220.279
2001-04-12,4.86181,220.279,146.864,179.926
2001-04-13,0,179.926,131.359,152.857
2001-04-14,0,152.857,123.869,135.17
2001-04-15,0,135.17,122.024,120.191
2001-04-16,0,120.191,246.533,112.968
2001-04-17,0,112.968,263.854,109.425
2001-04-18,0,109.425,220.279,104.196
2001-04-19,0,104.196,179.926,97.3844
2001-04-20,8.46601,97.3844,152.857,94.0485
2001-04-21,13.8989,94.0485,135.17,123.869
2001-04-22,13.6802,123.869,120.191,177.781
2001-04-23,15.8433,177.781,112.968,261.35
2001-04-24,9.13958,261.35,109.425,206.464
2001-04-25,0.434844,206.464,104.196,292.019
2001-04-26,0.0110573,292.019,97.3844,281.644
2001-04-27,0,281.644,94.0485,213.327
2001-04-28,0,213.327,123.869,171.408
2001-04-29,0.263807,171.408,177.781,142.923
2001-04-30,0.488185,142.923,261.35,127.592
2001-05-01,0.0709692,127.592,206.464,120.191
2001-05-02,1.41306,120.191,292.019,116.557
2001-05-03,19.6539,116.557,281.644,112.968
2001-05-04,48.1096,112.968,213.327,747.983
2001-05-05,0,747.983,171.408,826.445
2001-05-06,0.175904,826.445,142.923,566.709
2001-05-07,0,566.709,127.592,470.039
2001-05-08,0,470.039,120.191,394.3
2001-05-09,0,394.3,116.557,313.679
2001-05-10,2.82916,313.679,112.968,238.759
2001-05-11,0,238.759,747.983,208.224
2001-05-12,0,208.224,826.445,183.203
2001-05-13,9.27275,183.203,566.709,159.292
2001-05-14,0,159.292,470.039,138.393
2001-05-15,5.98479,138.393,394.3,125.622
2001-05-16,23.5765,125.622,313.679,138.393
2001-05-17,0,138.393,238.759,175.107
2001-05-18,0,175.107,208.224,179.139
2001-05-19,0,179.139,183.203,143.994
2001-05-20,3.0235,143.994,159.292,127.421
2001-05-21,11.3458,127.421,138.393,118.515
2001-05-22,15.2217,118.515,125.622,234.31
2001-05-23,0,234.31,138.393,388.682
2001-05-24,0,388.682,175.107,311.234
2001-05-25,0,311.234,179.139,225.499
2001-05-26,3.61007,225.499,143.994,183.203
2001-05-27,29.8222,183.203,127.421,163.198
2001-05-28,1.07841,163.198,118.515,440.319
2001-05-29,0,440.319,234.31,519.087
2001-05-30,0,519.087,388.682,440.319
2001-05-31,0,440.319,311.234,344.84
2001-06-01,0,344.84,225.499,275.353
2001-06-02,0,275.353,183.203,221.136
2001-06-03,0,221.136,163.198,187.297
2001-06-04,0,187.297,440.319,167.136
2001-06-05,0,167.136,519.087,153.494
2001-06-06,3.73266,153.494,440.319,142.118
2001-06-07,3.64562,142.118,344.84,134.702
2001-06-08,0,134.702,275.353,132.869
2001-06-09,1.94811,132.869,221.136,132.869
2001-06-10,0.320738,132.869,187.297,120.279
2001-06-11,0,120.279,167.136,118.515
2001-06-12,0,118.515,153.494,120.279
2001-06-13,0,120.279,142.118,120.279
2001-06-14,0,120.279,134.702,98.0566
2001-06-15,0,98.0566,132.869,96.4118
2001-06-16,18.6442,96.4118,132.869,91.5344
2001-06-17,6.84577,91.5344,120.279,151.577
2001-06-18,1.20986,151.577,118.515,175.107
2001-06-19,9.26057,175.107,120.279,132.869
2001-06-20,0.139452,132.869,120.279,167.136
2001-06-21,0,167.136,98.0566,191.422
2001-06-22,0,191.422,96.4118,149.669
2001-06-23,0,149.669,91.5344,125.622
2001-06-24,0.819444,125.622,151.577,111.55
2001-06-25,21.8664,111.55,175.107,171.105
2001-06-26,36.8368,171.105,132.869,673.443
2001-06-27,0,673.443,167.136,622.552
2001-06-28,0,622.552,191.422,557.059
2001-06-29,0,557.059,149.669,434.463
2001-06-30,0,434.463,125.622,284.775
2001-07-01,0,284.775,111.55,214.619
2001-07-02,5.38253,214.619,171.105,185.222
2001-07-03,0.123427,185.222,673.443,169.095
2001-07-04,0,169.095,622.552,155.398
2001-07-05,1.24071,155.398,557.059,143.975
2001-07-06,0,143.975,434.463,136.525
2001-07-07,0,136.525,284.775,129.212
2001-07-08,0.141636,129.212,214.619,123.816
2001-07-09,0.196824,123.816,185.222,116.746
2001-07-10,0,116.746,169.095,109.817
2001-07-11,13.3468,109.817,155.398,106.407
2001-07-12,0.0188543,106.407,143.975,122.035
2001-07-13,0,122.035,136.525,120.263
2001-07-14,0,120.263,129.212,104.716
2001-07-15,0,104.716,123.816,94.7643
2001-07-16,0,94.7643,116.746,91.5226
2001-07-17,0.178621,91.5226,109.817,89.9162
2001-07-18,10.2432,89.9162,106.407,86.7325
2001-07-19,11.8003,86.7325,122.035,203.952
2001-07-20,19.6319,203.952,120.263,280.014
2001-07-21,12.1754,280.014,104.716,308.756
2001-07-22,0,308.756,94.7643,272.979
2001-07-23,0,272.979,91.5226,234.28
2001-07-24,0,234.28,89.9162,159.272
2001-07-25,0,159.272,86.7325,143.975
2001-07-26,23.5232,143.975,203.952,167.114
2001-07-27,1.75225,167.114,280.014,405.626
2001-07-28,2.23673,405.626,308.756,443.258
2001-07-29,0,443.258,272.979,328.91
2001-07-30,0,328.91,234.28,234.28
2001-07-31,0,234.28,159.272,197.641
2001-08-01,0,197.641,143.975,175.107
2001-08-02,0,175.107,167.114,155.418
2001-08-03,0,155.418,405.626,142.118
2001-08-04,0,142.118,443.258,129.228
2001-08-05,0,129.228,328.91,122.051
2001-08-06,0,122.051,234.28,115.015
2001-08-07,0,115.015,197.641,108.122
2001-08-08,0.00753087,108.122,175.107,104.73
2001-08-09,0,104.73,155.418,98.0566
2001-08-10,0.120803,98.0566,142.118,94.7765
2001-08-11,0,94.7765,129.228,91.5344
2001-08-12,0,91.5344,122.051,91.5344
2001-08-13,0.543713,91.5344,115.015,85.1663
2001-08-14,1.34771,85.1663,108.122,82.0412
2001-08-15,0,82.0412,104.73,78.956
2001-08-16,0,78.956,98.0566,75.9111
2001-08-17,0.252283,75.9111,94.7765,72.9072
2001-08-18,0.197218,72.9072,91.5344,69.9448
2001-08-19,2.29112,69.9448,91.5344,68.4792
2001-08-20,8.77661,68.4792,85.1663,67.0243
2001-08-21,1.82621,67.0243,82.0412,75.9111
2001-08-22,0,75.9111,78.956,88.3309
2001-08-23,0,88.3309,75.9111,85.1663
2001-08-24,0.339795,85.1663,72.9072,72.9072
2001-08-25,7.96549,72.9072,69.9448,68.4792
2001-08-26,1.60447,68.4792,68.4792,67.0243
2001-08-27,18.5897,67.0243,67.0243,75.9111
2001-08-28,23.9212,75.9111,75.9111,155.418
2001-08-29,4.98514,155.418,88.3309,151.577
2001-08-30,0.0635497,151.577,85.1663,187.297
2001-08-31,3.62514,187.297,72.9072,197.666
2001-09-01,1.06653,197.666,68.4792,143.994
2001-09-02,0,143.994,67.0243,111.55
2001-09-03,0,111.55,75.9111,98.0566
2001-09-04,13.0057,98.0566,155.418,86.7437
2001-09-05,7.56319,86.7437,151.577,191.422
2001-09-06,0.852268,191.422,187.297,210.357
2001-09-07,0.0654708,210.357,197.666,179.139
2001-09-08,0.370896,179.139,143.994,155.418
2001-09-09,1.05433,155.418,111.55,138.393
2001-09-10,24.6131,138.393,98.0566,208.224
2001-09-11,0,208.224,86.7437,576.42
2001-09-12,7.75328,576.42,191.422,485.17
2001-09-13,9.86812,485.17,210.357,313.679
2001-09-14,10.3517,313.679,179.139,254.551
2001-09-15,0,254.551,155.418,252.274
2001-09-16,0,252.274,138.393,195.577
2001-09-17,0,195.577,208.224,157.351
2001-09-18,0,157.351,576.42,136.543
2001-09-19,0,136.543,485.17,122.051
2001-09-20,0.667566,122.051,313.679,115.015
2001-09-21,9.76103,115.015,254.551,108.122
2001-09-22,7.86271,108.122,252.274,104.73
2001-09-23,0.0595104,104.73,195.577,155.418
2001-09-24,3.21215,155.418,157.351,208.224
2001-09-25,16.0799,208.224,136.543,179.139
2001-09-26,0,179.139,122.051,147.769
2001-09-27,0.00974191,147.769,115.015,131.044
2001-09-28,11.7668,131.044,108.122,159.292
2001-09-29,12.0669,159.292,104.73,380.312
2001-09-30,34.7019,380.312,155.418,525.346
2001-10-01,78.0132,525.346,208.224,1927.92
2001-10-02,0,1927.92,179.139,1402.16
2001-10-03,0,1402.16,147.769,1102.77
2001-10-04,0,1102.77,131.044,937.922
2001-10-05,0,937.922,159.292,831.187
2001-10-06,0,831.187,380.312,853.651
2001-10-07,24.7569,853.651,525.346,765.155
2001-10-08,23.3014,765.155,1927.92,629.251
2001-10-09,0,629.251,1402.16,676.889
2001-10-10,0,676.889,1102.77,629.251
2001-10-11,0,629.251,937.922,768.769
2001-10-12,0,768.769,831.187,656.313
2001-10-13,0.07844,656.313,853.651,452.12
2001-10-14,0.934398,452.12,765.155,383.095
2001-10-15,4.33731,383.095,629.251,266.039
2001-10-16,5.40417,266.039,676.889,199.763
2001-10-17,9.33345,199.763,629.251,179.139
2001-10-18,0.23649,179.139,768.769,175.107
2001-10-19,6.46782,175.107,656.313,163.198
2001-10-20,11.2338,163.198,452.12,187.297
2001-10-21,0,187.297,383.095,234.31
2001-10-22,0.0067548,234.31,266.039,203.978
2001-10-23,0,203.978,199.763,181.167
2001-10-24,0,181.167,179.139,147.769
2001-10-25,0,147.769,175.107,129.228
2001-10-26,0.00904866,129.228,163.198,118.515
2001-10-27,0.439931,118.515,187.297,109.831
2001-10-28,2.59413,109.831,234.31,106.421
2001-10-29,1.31418,106.421,203.978,101.374
2001-10-30,0.0692576,101.374,181.167,98.0566
2001-10-31,0,98.0566,147.769,94.7765
2001-11-01,0,94.7765,129.228,91.5226
2001-11-02,0,91.5226,118.515,85.1554
2001-11-03,0.127405,85.1554,109.831,77.4185
2001-11-04,2.70023,77.4185,106.421,72.8978
2001-11-05,0,72.8978,101.374,69.9358
2001-11-06,0,69.9358,98.0566,68.4704
2001-11-07,7.83184,68.4704,94.7765,67.0157
2001-11-08,10.1634,67.0157,91.5226,75.9014
2001-11-09,0,75.9014,85.1554,101.361
2001-11-10,11.0428,101.361,77.4185,85.1554
2001-11-11,38.7786,85.1554,72.8978,155.398
2001-11-12,0.685278,155.398,69.9358,388.682
2001-11-13,0.400849,388.682,68.4704,291.874
2001-11-14,2.78701,291.874,67.0157,179.116
2001-11-15,10.0349,179.116,75.9014,129.212
2001-11-16,1.86416,129.212,101.361,127.405
2001-11-17,0,127.405,85.1554,125.606
2001-11-18,0,125.606,155.398,129.212
2001-11-19,0,129.212,388.682,104.716
2001-11-20,0,104.716,291.874,91.5226
2001-11-21,0,91.5226,179.116,82.0306
2001-11-22,6.96795,82.0306,129.212,77.4185
2001-11-23,0,77.4185,127.405,96.3994
2001-11-24,2.01375,96.3994,125.606,88.3195
2001-11-25,0.316442,88.3195,129.212,75.9014
2001-11-26,0.723118,75.9014,104.716,75.9014
2001-11-27,19.185,75.9014,91.5226,69.9358
2001-11-28,20.027,69.9358,82.0306,75.9014
2001-11-29,5.075,75.9014,77.4185,147.75
2001-11-30,0.960825,147.75,96.3994,236.501
2001-12-01,0,236.501,88.3195,388.682
2001-12-02,0,388.682,75.9014,334.189
2001-12-03,0,334.189,75.9014,225.499
2001-12-04,20.6653,225.499,69.9358,159.292
2001-12-05,1.36532,159.292,75.9014,151.577
2001-12-06,0,151.577,147.75,328.91
2001-12-07,0,328.91,236.501,358.329
2001-12-08,0,358.329,388.682,238.759
2001-12-09,7.43064,238.759,334.189,183.203
2001-12-10,7.93313,183.203,225.499,159.292
2001-12-11,21.3388,159.292,159.292,163.198
2001-12-12,8.28635,163.198,151.577,138.393
2001-12-13,2.75711,138.393,328.91,173.102
2001-12-14,0.104236,173.102,358.329,199.763
2001-12-15,0.476749,199.763,238.759,280.051
2001-12-16,0.411754,280.051,183.203,313.679
2001-12-17,0,313.679,159.292,250.004
2001-12-18,0,250.004,163.198,191.422
2001-12-19,0,191.422,138.393,145.877
2001-12-20,1.31735,145.877,173.102,122.051
2001-12-21,13.7289,122.051,199.763,109.831
2001-12-22,22.2656,109.831,280.051,140.252
2001-12-23,0,140.252,313.679,216.803
2001-12-24,0,216.803,250.004,210.357
2001-12-25,0,210.357,191.422,147.769
2001-12-26,0,147.769,145.877,118.515
2001-12-27,0,118.515,122.051,104.73
2001-12-28,1.03412,104.73,109.831,94.7765
2001-12-29,2.24394,94.7765,140.252,85.1663
2001-12-30,0,85.1663,216.803,78.956
2001-12-31,8.94046,78.956,210.357,72.9072
2002-01-01,8.23095,72.9072,147.769,98.0566
2002-01-02,0.384928,98.0566,118.515,108.122
2002-01-03,0.0827218,108.122,104.73,91.5344
2002-01-04,0,91.5344,94.7765,75.9111
2002-01-05,18.6239,75.9111,85.1663,64.1464
2002-01-06,12.9736,64.1464,78.956,75.9111
2002-01-07,0.939972,75.9111,72.9072,201.867
2002-01-08,0,201.867,98.0566,145.877
2002-01-09,12.2771,145.877,108.122,98.0566
2002-01-10,21.4154,98.0566,91.5344,89.9278
2002-01-11,29.0957,89.9278,75.9111,91.5344
2002-01-12,20.0707,91.5344,64.1464,98.0566
2002-01-13,1.26556,98.0566,75.9111,125.622
2002-01-14,3.22814,125.622,201.867,294.304
2002-01-15,0,294.304,145.877,287.147
2002-01-16,0,287.147,98.0566,212.499
2002-01-17,0,212.499,89.9278,138.393
2002-01-18,0,138.393,91.5344,106.421
2002-01-19,0,106.421,98.0566,91.5344
2002-01-20,0,91.5344,125.622,77.4285
2002-01-21,0,77.4285,294.304,69.9448
2002-01-22,26.5867,69.9448,287.147,64.1464
2002-01-23,5.03643,64.1464,212.499,125.622
2002-01-24,13.9009,125.622,138.393,191.422
2002-01-25,1.73986,191.422,106.421,313.679
2002-01-26,0.0261877,313.679,91.5344,261.423
2002-01-27,4.80416,261.423,77.4285,165.163
2002-01-28,1.41272,165.163,69.9448,134.702
2002-01-29,1.43668,134.702,64.1464,115.015
2002-01-30,0.153771,115.015,125.622,101.374
2002-01-31,9.92238,101.374,191.422,91.5344
2002-02-01,8.44199,91.5344,313.679,98.0566
2002-02-02,1.07768,98.0566,261.423,94.7765
2002-02-03,0,94.7765,165.163,77.4285
2002-02-04,0,77.4285,134.702,67.0243
2002-02-05,0,67.0243,115.015,61.3117
2002-02-06,9.34784,61.3117,101.374,55.7744
2002-02-07,36.8972,55.7744,91.5344,82.0412
2002-02-08,10.2814,82.0412,98.0566,111.55
2002-02-09,1.88316,111.55,94.7765,101.374
2002-02-10,0.0217314,101.374,77.4285,88.3309
2002-02-11,0.469319,88.3309,67.0243,82.0412
2002-02-12,1.80686,82.0412,61.3117,74.404
2002-02-13,29.0112,74.404,55.7744,91.5344
2002-02-14,4.70993,91.5344,82.0412,191.422
2002-02-15,0.485175,191.422,111.55,210.357
2002-02-16,0,210.357,101.374,187.297
2002-02-17,0,187.297,88.3309,187.297
2002-02-18,0.581744,187.297,82.0412,132.869
2002-02-19,4.1245,132.869,74.404,108.122
2002-02-20,8.16446,108.122,91.5344,91.5344
2002-02-21,1.80641,91.5344,191.422,83.5988
2002-02-22,0.0770624,83.5988,210.357,83.5988
2002-02-23,0,83.5988,187.297,94.7765
2002-02-24,0,94.7765,187.297,83.5988
2002-02-25,0,83.5988,132.869,69.9448
2002-02-26,0,69.9448,108.122,61.3117
2002-02-27,1.64426,61.3117,91.5344,53.0731
2002-02-28,0,53.0731,83.5988,49.1075
2002-03-01,9.47958,49.1075,83.5988,71.4208
2002-03-02,0.0222127,71.4208,94.7765,91.5344
2002-03-03,0,91.5344,83.5988,98.0566
2002-03-04,0,98.0566,69.9448,72.9072
2002-03-05,6.3785,72.9072,61.3117,62.7236
2002-03-06,13.8706,62.7236,53.0731,57.142
2002-03-07,14.0129,57.142,49.1075,122.051
2002-03-08,4.02779,122.051,71.4208,125.622
2002-03-09,9.76595,125.622,91.5344,91.5344
2002-03-10,4.55801,91.5344,98.0566,86.7437
2002-03-11,0,86.7437,72.9072,101.374
2002-03-12,4.48177,101.374,62.7236,101.374
2002-03-13,19.0381,101.374,57.142,85.1663
2002-03-14,20.0544,85.1663,122.051,91.5344
2002-03-15,2.8532,91.5344,125.622,132.869
2002-03-16,0,132.869,91.5344,123.832
2002-03-17,0.245472,123.832,86.7437,91.5344
2002-03-18,10.3444,91.5344,101.374,72.9072
2002-03-19,1.27131,72.9072,101.374,72.9072
2002-03-20,0.0906268,72.9072,85.1663,64.1464
2002-03-21,0,64.1464,91.5344,58.5208
2002-03-22,0,58.5208,132.869,49.1075
2002-03-23,0,49.1075,123.832,45.2478
2002-03-24,8.44146,45.2478,91.5344,45.2478
2002-03-25,2.77045,45.2478,72.9072,61.3117
2002-03-26,4.97546,61.3117,72.9072,72.9072
2002-03-27,2.20413,72.9072,64.1464,58.5208
2002-03-28,1.79372,58.5208,58.5208,55.7744
2002-03-29,0,55.7744,49.1075,55.7744
2002-03-30,0,55.7744,45.2478,47.8091
2002-03-31,0.0155264,47.8091,45.2478,41.4968
2002-04-01,11.5635,41.4968,61.3117,36.6699
2002-04-02,21.7325,36.6699,72.9072,41.4968
2002-04-03,0.153943,41.4968,58.5208,83.5988
2002-04-04,0,83.5988,55.7744,179.139
2002-04-05,0,179.139,55.7744,145.877
2002-04-06,0.0404929,145.877,47.8091,98.0566
2002-04-07,0,98.0566,41.4968,111.55
2002-04-08,0,111.55,36.6699,118.515
2002-04-09,0,118.515,41.4968,91.5344
2002-04-10,0,91.5344,83.5988,72.9072
2002-04-11,0.0724776,72.9072,179.139,61.3117
2002-04-12,0.0306793,61.3117,145.877,54.4181
2002-04-13,0.0469385,54.4181,98.0566,49.1075
2002-04-14,0,49.1075,111.55,58.5208
2002-04-15,0.00241979,58.5208,118.515,68.4792
2002-04-16,0,68.4792,91.5344,62.7236
2002-04-17,2.87988,62.7236,72.9072,53.0731
2002-04-18,22.585,53.0731,61.3117,49.1075
2002-04-19,32.4087,49.1075,54.4181,93.1506
2002-04-20,24.1975,93.1506,49.1075,602.618
2002-04-21,0,602.618,58.5208,544.29
2002-04-22,0,544.29,68.4792,479.096
2002-04-23,0,479.096,62.7236,344.84
2002-04-24,1.09002,344.84,53.0731,201.867
2002-04-25,0,201.867,49.1075,143.994
2002-04-26,0.036336,143.994,93.1506,116.761
2002-04-27,0,116.761,602.618,104.73
2002-04-28,0,104.73,544.29,98.0566
2002-04-29,0.0183635,98.0566,479.096,91.5344
2002-04-30,7.92473,91.5344,344.84,83.5988
2002-05-01,0,83.5988,201.867,85.1663
2002-05-02,0.0465919,85.1663,143.994,80.4936
2002-05-03,0.0697926,80.4936,116.761,74.404
2002-05-04,0,74.404,104.73,72.9072
2002-05-05,7.55664,72.9072,98.0566,67.0243
2002-05-06,9.10857,67.0243,91.5344,64.1464
2002-05-07,0,64.1464,83.5988,62.7236
2002-05-08,6.60338,62.7236,85.1663,71.4208
2002-05-09,0.890177,71.4208,80.4936,72.9072
2002-05-10,0,72.9072,74.404,98.0566
2002-05-11,0,98.0566,72.9072,88.3309
2002-05-12,0,88.3309,67.0243,65.58
2002-05-13,0,65.58,64.1464,53.0731
2002-05-14,0,53.0731,62.7236,74.404
2002-05-15,0.00696955,74.404,71.4208,55.7744
2002-05-16,10.6468,55.7744,72.9072,67.0243
2002-05-17,6.62388,67.0243,98.0566,143.994
2002-05-18,15.8324,143.994,88.3309,127.421
2002-05-19,9.40373,127.421,65.58,147.769
2002-05-20,5.39494,147.769,53.0731,199.763
2002-05-21,3.26643,199.763,74.404,179.139
2002-05-22,0,179.139,55.7744,136.543
2002-05-23,0,136.543,67.0243,108.122
2002-05-24,0,108.122,143.994,91.5344
2002-05-25,0,91.5344,127.421,83.5988
2002-05-26,0,83.5988,147.769,75.9111
2002-05-27,1.88104,75.9111,199.763,71.4208
2002-05-28,0.0370756,71.4208,179.139,67.0243
2002-05-29,4.13369,67.0243,136.543,64.1464
2002-05-30,6.48764,64.1464,108.122,62.7236
2002-05-31,0.784844,62.7236,91.5344,64.1464
2002-06-01,0.400701,64.1464,83.5988,65.58
2002-06-02,0,65.58,75.9111,61.3117
2002-06-03,0,61.3117,71.4208,58.5208
2002-06-04,0,58.5208,67.0243,53.0731
2002-06-05,0.0117178,53.0731,64.1464,51.7397
2002-06-06,0,51.7397,62.7236,49.1075
2002-06-07,17.2663,49.1075,64.1464,49.1075
2002-06-08,8.05998,49.1075,65.58,47.8091
2002-06-09,1.05403,47.8091,61.3117,49.1075
2002-06-10,5.21933,49.1075,58.5208,49.1075
2002-06-11,1.10192,49.1075,53.0731,47.8091
2002-06-12,0.00744924,47.8091,51.7397,55.7744
2002-06-13,0,55.7744,49.1075,94.7765
2002-06-14,4.00763,94.7765,49.1075,98.0566
2002-06-15,3.85054,98.0566,47.8091,118.515
2002-06-16,0.756766,118.515,49.1075,323.664
2002-06-17,0,323.664,49.1075,355.615
2002-06-18,0.926598,355.615,47.8091,225.499
2002-06-19,0.290029,225.499,55.7744,161.241
2002-06-20,0,161.241,94.7765,129.228
2002-06-21,0,129.228,98.0566,111.55
2002-06-22,1.38657,111.55,118.515,101.374
2002-06-23,0.16186,101.374,323.664,93.1506
2002-06-24,0,93.1506,355.615,85.1663
2002-06-25,0,85.1663,225.499,78.956
2002-06-26,0.0063231,78.956,161.241,72.9072
2002-06-27,0.963908,72.9072,129.228,68.4792
2002-06-28,0,68.4792,111.55,67.0243
2002-06-29,0,67.0243,101.374,64.1464
2002-06-30,12.3848,64.1464,93.1506,62.7236
2002-07-01,1.43197,62.7236,85.1663,61.3117
2002-07-02,3.6175,61.3117,78.956,69.9448
2002-07-03,2.9624,69.9448,72.9072,187.297
2002-07-04,0.365194,187.297,68.4792,115.015
2002-07-05,9.16594,115.015,67.0243,88.3309
2002-07-06,7.63426,88.3309,64.1464,77.4285
2002-07-07,10.315,77.4285,62.7236,83.5988
2002-07-08,0,83.5988,61.3117,134.702
2002-07-09,0,134.702,69.9448,115.015
2002-07-10,0,115.015,187.297,91.5344
2002-07-11,0,91.5344,115.015,78.956
2002-07-12,4.6131,78.956,88.3309,72.9072
2002-07-13,0,72.9072,77.4285,69.9448
2002-07-14,0,69.9448,83.5988,64.1464
2002-07-15,0,64.1464,134.702,59.9107
2002-07-16,0,59.9107,115.015,58.5208
2002-07-17,0,58.5208,91.5344,55.7744
2002-07-18,0,55.7744,78.956,53.0731
2002-07-19,0,53.0731,72.9072,50.4178
2002-07-20,0.923503,50.4178,69.9448,49.1075
2002-07-21,3.72848,49.1075,64.1464,49.1075
2002-07-22,0,49.1075,59.9107,64.1464
2002-07-23,0,64.1464,58.5208,85.1663
2002-07-24,0,85.1663,55.7744,91.5344
2002-07-25,0,91.5344,53.0731,75.9111
2002-07-26,1.49352,75.9111,50.4178,64.1464
2002-07-27,4.7977,64.1464,49.1075,64.1464
2002-07-28,0,64.1464,49.1075,69.9448
2002-07-29,0,69.9448,64.1464,64.1464
2002-07-30,7.87778,64.1464,85.1663,58.5208
2002-07-31,27.5965,58.5208,91.5344,104.73
2002-08-01,29.2143,104.73,75.9111,452.12
2002-08-02,3.0586,452.12,64.1464,440.319
2002-08-03,0.104332,440.319,64.1464,525.346
2002-08-04,4.2749,525.346,69.9448,491.273
2002-08-05,21.5024,491.273,64.1464,405.626
2002-08-06,1.8366,405.626,58.5208,670.003
2002-08-07,0,670.003,104.73,537.948
2002-08-08,0,537.948,452.12,519.087
2002-08-09,3.63837,519.087,440.319,402.783
2002-08-10,0.428568,402.783,525.346,294.304
2002-08-11,0,294.304,491.273,212.499
2002-08-12,2.7327,212.499,405.626,163.198
2002-08-13,0.561796,163.198,670.003,143.994
2002-08-14,24.8888,143.994,537.948,136.543
2002-08-15,1.0535,136.543,519.087,289.526
2002-08-16,0.94808,289.526,402.783,277.698
2002-08-17,0,277.698,294.304,216.803
2002-08-18,0,216.803,212.499,179.139
2002-08-19,0,179.139,163.198,153.494
2002-08-20,0.484855,153.494,143.994,136.543
2002-08-21,10.7092,136.543,136.543,125.622
2002-08-22,9.67831,125.622,289.526,120.279
2002-08-23,1.37886,120.279,277.698,277.698
2002-08-24,6.90931,277.698,216.803,316.13
2002-08-25,0,316.13,179.139,366.515
2002-08-26,0,366.515,153.494,275.353
2002-08-27,0,275.353,136.543,187.297
2002-08-28,0,187.297,125.622,155.418
2002-08-29,4.73862,155.418,120.279,140.252
2002-08-30,0.293599,140.252,277.698,136.543
2002-08-31,0,136.543,316.13,123.832
2002-09-01,0,123.832,366.515,109.831
2002-09-02,0,109.831,275.353,98.0566
2002-09-03,0,98.0566,187.297,89.9278
2002-09-04,0,89.9278,155.418,83.5988
2002-09-05,2.44255,83.5988,140.252,82.0412
2002-09-06,20.452,82.0412,136.543,82.0412
2002-09-07,15.8554,82.0412,123.832,275.353
2002-09-08,0,275.353,109.831,256.835
2002-09-09,0,256.835,98.0566,323.664
2002-09-10,0,323.664,89.9278,122.051
2002-09-11,0,122.051,83.5988,108.122
2002-09-12,11.1736,108.122,82.0412,101.374
2002-09-13,5.2668,101.374,82.0412,106.421
2002-09-14,24.8346,106.421,275.353,380.312
2002-09-15,11.0924,380.312,256.835,494.335
2002-09-16,9.89464,494.335,323.664,394.3
2002-09-17,6.06378,394.3,122.051,294.304
2002-09-18,3.80755,294.304,108.122,323.664
2002-09-19,15.9462,323.664,101.374,238.759
2002-09-20,20.3291,238.759,106.421,579.671
2002-09-21,0,579.671,380.312,676.889
2002-09-22,0,676.889,494.335,525.346
2002-09-23,0,525.346,394.3,428.636
2002-09-24,0,428.636,294.304,355.615
2002-09-25,0,355.615,323.664,294.304
2002-09-26,0,294.304,238.759,256.835
2002-09-27,0,256.835,579.671,225.499
2002-09-28,0,225.499,676.889,208.224
2002-09-29,0,208.224,525.346,187.297
2002-09-30,8.85465,187.297,428.636,187.297
2002-10-01,2.84386,187.297,355.615,175.084
2002-10-02,0,175.084,294.304,183.179
2002-10-03,16.5142,183.179,256.835,155.398
2002-10-04,0,155.398,225.499,140.234
2002-10-05,12.9186,140.234,208.224,169.095
2002-10-06,5.1011,169.095,187.297,500.48
2002-10-07,0,500.48,187.297,440.319
2002-10-08,15.8359,440.319,175.084,347.522
2002-10-09,5.41193,347.522,183.179,464.037
2002-10-10,3.11104,464.037,155.398,369.259
2002-10-11,3.14192,369.259,140.234,261.389
2002-10-12,2.71038,261.389,169.095,299.07
2002-10-13,0.201076,299.07,500.48,339.499
2002-10-14,4.60203,339.499,440.319,252.241
2002-10-15,1.87049,252.241,347.522,203.952
2002-10-16,5.02496,203.952,464.037,191.397
2002-10-17,18.0271,191.397,369.259,294.266
2002-10-18,0.0184093,294.266,261.389,306.325
2002-10-19,0.71805,306.325,299.07,261.389
2002-10-20,0.607777,261.389,339.499,216.775
2002-10-21,1.1087,216.775,252.241,187.273
2002-10-22,0,187.273,203.952,210.33
2002-10-23,0.203965,210.33,191.397,193.471
2002-10-24,11.1134,193.471,294.266,155.398
2002-10-25,18.0758,155.398,306.325,234.28
2002-10-26,27.4522,234.28,261.389,372.011
2002-10-27,1.97733,372.011,216.775,321.052
2002-10-28,4.76132,321.052,187.273,256.802
2002-10-29,20.0639,256.802,210.33,221.108
2002-10-30,8.93875,221.108,193.471,563.485
2002-10-31,0,563.485,155.398,596.028
2002-11-01,0,596.028,234.28,622.552
2002-11-02,0,622.552,372.011,582.929
2002-11-03,0.310658,582.929,321.052,525.346
2002-11-04,32.9509,525.346,256.802,467.034
2002-11-05,0,467.034,221.108,500.48
2002-11-06,0,500.48,563.485,500.48
2002-11-07,0,500.48,596.028,366.515
2002-11-08,0,366.515,622.552,277.698
2002-11-09,0.951452,277.698,582.929,203.978
2002-11-10,21.3311,203.978,525.346,247.741
2002-11-11,0,247.741,467.034,500.48
2002-11-12,0,500.48,500.48,464.037
2002-11-13,9.62882,464.037,500.48,383.095
2002-11-14,1.01583,383.095,366.515,289.526
2002-11-15,5.44737,289.526,277.698,210.357
2002-11-16,1.47357,210.357,203.978,199.763
2002-11-17,0,199.763,247.741,216.803
2002-11-18,18.2134,216.803,500.48,189.356
2002-11-19,1.81209,189.356,464.037,270.682
2002-11-20,4.86462,270.682,383.095,214.647
2002-11-21,24.567,214.647,289.526,208.224
2002-11-22,1.23364,208.224,210.357,708.196
2002-11-23,0,708.196,199.763,602.618
2002-11-24,2.72563,602.618,216.803,455.088
2002-11-25,16.2107,455.088,189.356,294.304
2002-11-26,16.1838,294.304,270.682,275.353
2002-11-27,17.7504,275.353,214.647,275.353
2002-11-28,26.7415,275.353,208.224,299.108
2002-11-29,10.8339,299.108,708.196,494.335
2002-11-30,0.477578,494.335,602.618,816.337
2002-12-01,5.78805,816.337,455.088,779.651
2002-12-02,9.08408,779.651,294.304,715.226
2002-12-03,1.88368,715.226,275.353,663.145
2002-12-04,1.77245,663.145,275.353,582.929
2002-12-05,12.9557,582.929,299.108,537.948
2002-12-06,23.6514,537.948,494.335,497.404
2002-12-07,11.8342,497.404,816.337,431.546
2002-12-08,0,431.546,779.651,797.915
2002-12-09,0,797.915,715.226,632.61
2002-12-10,0,632.61,663.145,569.939
2002-12-11,3.19116,569.939,582.929,417.072
2002-12-12,0.81254,417.072,537.948,323.664
2002-12-13,0.0881,323.664,497.404,261.389
2002-12-14,2.2994,261.389,431.546,225.47
2002-12-15,8.45167,225.47,797.915,254.518
2002-12-16,0.610859,254.518,632.61,243.204
2002-12-17,0.0472798,243.204,569.939,229.861
2002-12-18,0,229.861,417.072,187.273
2002-12-19,4.40217,187.273,323.664,183.179
2002-12-20,17.1826,183.179,261.389,167.114
2002-12-21,4.9648,167.114,225.47,201.841
2002-12-22,0.0188484,201.841,254.518,195.552
2002-12-23,10.5461,195.552,243.204,161.22
2002-12-24,33.259,161.22,229.861,208.197
2002-12-25,0.149877,208.197,187.273,334.189
2002-12-26,0,334.189,183.179,323.664
2002-12-27,0,323.664,167.114,247.709
2002-12-28,0,247.709,201.841,185.222
2002-12-29,0,185.222,195.552,151.558
2002-12-30,1.29086,151.558,161.22,132.852
2002-12-31,8.78623,132.852,208.197,122.035
2003-01-01,0.183239,122.035,334.189,136.543
2003-01-02,16.2943,136.543,323.664,147.769
2003-01-03,4.28333,147.769,247.709,179.139
2003-01-04,15.7991,179.139,185.222,183.203
2003-01-05,0.547298,183.203,151.558,151.577
2003-01-06,0,151.577,132.852,127.421
2003-01-07,0,127.421,122.035,109.831
2003-01-08,0,109.831,136.543,94.7765
2003-01-09,0,94.7765,147.769,85.1663
2003-01-10,16.6145,85.1663,179.139,82.0412
2003-01-11,5.51256,82.0412,183.203,91.5344
2003-01-12,0.373927,91.5344,151.577,98.0566
2003-01-13,0,98.0566,127.421,91.5344
2003-01-14,0,91.5344,109.831,83.5988
2003-01-15,0,83.5988,94.7765,75.9111
2003-01-16,0.177862,75.9111,85.1663,72.9072
2003-01-17,0.475549,72.9072,82.0412,68.4792
2003-01-18,0.0257035,68.4792,91.5344,69.9448
2003-01-19,0.0502885,69.9448,98.0566,80.4936
2003-01-20,12.0981,80.4936,91.5344,104.73
2003-01-21,0.262358,104.73,83.5988,88.3309
2003-01-22,0,88.3309,75.9111,78.956
2003-01-23,9.05114,78.956,72.9072,67.0243
2003-01-24,0.221393,67.0243,68.4792,61.3117
2003-01-25,0,61.3117,69.9448,61.3117
2003-01-26,33.6031,61.3117,80.4936,55.7744
2003-01-27,11.8468,55.7744,104.73,67.0243
2003-01-28,0,67.0243,88.3309,147.769
2003-01-29,0,147.769,78.956,140.252
2003-01-30,0,140.252,67.0243,103.047
2003-01-31,0,103.047,61.3117,77.4285
2003-02-01,6.16513,77.4285,61.3117,62.7236
2003-02-02,0.382149,62.7236,55.7744,61.3117
2003-02-03,0.46616,61.3117,67.0243,55.7744
2003-02-04,0.132519,55.7744,147.769,51.7397
2003-02-05,1.11476,51.7397,140.252,45.2478
2003-02-06,7.26588,45.2478,103.047,43.9853
2003-02-07,17.6951,43.9853,77.4285,47.8091
2003-02-08,1.07345,47.8091,62.7236,68.4792
2003-02-09,21.066,68.4792,61.3117,118.515
2003-02-10,7.55369,118.515,55.7744,183.203
2003-02-11,14.2213,183.203,51.7397,149.669
2003-02-12,18.2134,149.669,45.2478,145.877
2003-02-13,0.121901,145.877,43.9853,171.105
2003-02-14,0.866651,171.105,47.8091,157.351
2003-02-15,0.550116,157.351,68.4792,122.051
2003-02-16,10.3021,122.051,118.515,104.73
2003-02-17,5.73941,104.73,183.203,147.769
2003-02-18,0.0165901,147.769,149.669,183.203
2003-02-19,0.0559581,183.203,145.877,125.622
2003-02-20,15.8292,125.622,171.105,101.374
2003-02-21,2.02373,101.374,157.351,140.252
2003-02-22,2.98317,140.252,122.051,129.228
2003-02-23,0,129.228,104.73,132.869
2003-02-24,0,132.869,147.769,122.051
2003-02-25,14.2074,122.051,183.203,94.7765
2003-02-26,1.73148,94.7765,125.622,120.279
2003-02-27,0.0176705,120.279,101.374,104.73
2003-02-28,0.825908,104.73,140.252,82.0412
2003-03-01,2.19585,82.0412,129.228,68.4704
2003-03-02,15.147,68.4704,132.869,62.7155
2003-03-03,24.0376,62.7155,122.051,243.204
2003-03-04,14.5215,243.204,94.7765,234.28
2003-03-05,0.503776,234.28,120.279,221.108
2003-03-06,3.43256,221.108,104.73,153.474
2003-03-07,40.2053,153.474,82.0412,151.558
2003-03-08,4.35457,151.558,68.4704,268.323
2003-03-09,0.352611,268.323,62.7155,350.212
2003-03-10,11.5424,350.212,243.204,303.9
2003-03-11,13.931,303.9,234.28,280.014
2003-03-12,0.0851544,280.014,221.108,331.546
2003-03-13,0,331.546,153.474,331.546
2003-03-14,0,331.546,151.558,238.728
2003-03-15,0.180908,238.728,268.323,155.398
2003-03-16,7.99692,155.398,350.212,115
2003-03-17,0.0498636,115,303.9,103.034
2003-03-18,0,103.034,280.014,94.7643
2003-03-19,0,94.7643,331.546,85.1554
2003-03-20,2.71333,85.1554,331.546,75.9014
2003-03-21,16.3104,75.9014,238.728,72.8978
2003-03-22,0,72.8978,155.398,75.9014
2003-03-23,0,75.9014,115,69.9358
2003-03-24,0,69.9358,103.034,62.7155
2003-03-25,0,62.7155,94.7643,58.5133
2003-03-26,0,58.5133,85.1554,55.7672
2003-03-27,0,55.7672,75.9014,57.1346
2003-03-28,0,57.1346,72.8978,57.1346
2003-03-29,0,57.1346,75.9014,53.0663
2003-03-30,0,53.0663,69.9358,49.1012
2003-03-31,0.357302,49.1012,62.7155,47.8029
2003-04-01,1.96328,47.8029,58.5133,45.2478
2003-04-02,0.227262,45.2478,55.7672,53.0731
2003-04-03,1.42657,53.0731,57.1346,69.9448
2003-04-04,23.4314,69.9448,57.1346,67.0243
2003-04-05,0,67.0243,53.0663,94.7765
2003-04-06,0,94.7765,49.1012,111.55
2003-04-07,0,111.55,47.8029,75.9111
2003-04-08,0,75.9111,45.2478,58.5208
2003-04-09,0.0200781,58.5208,53.0731,47.8091
2003-04-10,2.62039,47.8091,69.9448,45.2478
2003-04-11,0.176131,45.2478,67.0243,49.1075
2003-04-12,0,49.1075,94.7765,49.1075
2003-04-13,0,49.1075,111.55,40.2712
2003-04-14,0,40.2712,75.9111,35.4952
2003-04-15,0,35.4952,58.5208,34.3335
2003-04-16,0,34.3335,47.8091,30.9281
2003-04-17,0,30.9281,45.2478,35.4952
2003-04-18,5.22318,35.4952,49.1075,33.1849
2003-04-19,19.4011,33.1849,49.1075,40.2712
2003-04-20,0.437696,40.2712,40.2712,62.7236
2003-04-21,0,62.7236,35.4952,58.5208
2003-04-22,0,58.5208,34.3335,46.5225
2003-04-23,0,46.5225,30.9281,40.2712
2003-04-24,0.0516077,40.2712,35.4952,35.4952
2003-04-25,0.00650705,35.4952,33.1849,34.3335
2003-04-26,0,34.3335,40.2712,33.1849
2003-04-27,0,33.1849,62.7236,30.9281
2003-04-28,0.626402,30.9281,58.5208,30.9281
2003-04-29,10.9118,30.9281,46.5225,28.7258
2003-04-30,12.3082,28.7258,40.2712,32.0498
2003-05-01,30.4185,32.0498,35.4952,88.3309
2003-05-02,0,88.3309,34.3335,104.73
2003-05-03,0,104.73,33.1849,83.5988
2003-05-04,0,83.5988,30.9281,58.5208
2003-05-05,1.57603,58.5208,30.9281,45.2478
2003-05-06,0,45.2478,28.7258,37.8576
2003-05-07,0,37.8576,32.0498,35.4952
2003-05-08,0,35.4952,88.3309,33.1849
2003-05-09,0,33.1849,104.73,29.8201
2003-05-10,0,29.8201,83.5988,28.7258
2003-05-11,1.06751,28.7258,58.5208,26.5795
2003-05-12,0,26.5795,45.2478,24.4904
2003-05-13,0,24.4904,37.8576,26.5795
2003-05-14,0,26.5795,35.4952,25.5277
2003-05-15,0,25.5277,33.1849,24.4904
2003-05-16,0,24.4904,29.8201,26.5795
2003-05-17,0.0159014,26.5795,28.7258,24.4904
2003-05-18,0.343418,24.4904,26.5795,25.5277
2003-05-19,0.595337,25.5277,24.4904,24.4904
2003-05-20,1.28754,24.4904,26.5795,22.4602
2003-05-21,0.253984,22.4602,25.5277,21.4676
2003-05-22,0,21.4676,24.4904,20.4904
2003-05-23,23.866,20.4904,26.5795,30.9281
2003-05-24,0,30.9281,24.4904,75.9111
2003-05-25,0,75.9111,25.5277,69.9448
2003-05-26,0,69.9448,24.4904,46.5225
2003-05-27,0,46.5225,22.4602,33.1849
2003-05-28,0,33.1849,21.4676,25.5277
2003-05-29,0,25.5277,20.4904,22.4602
2003-05-30,0,22.4602,30.9281,20.4904
2003-05-31,0,20.4904,75.9111,20.4904
2003-06-01,0.740184,20.4904,69.9448,20.4904
2003-06-02,0,20.4904,46.5225,18.583
2003-06-03,22.7211,18.583,33.1849,22.4602
2003-06-04,7.55579,22.4602,25.5277,59.9107
2003-06-05,12.0374,59.9107,22.4602,78.956
2003-06-06,5.73304,78.956,20.4904,122.051
2003-06-07,0.0250904,122.051,20.4904,151.577
2003-06-08,0.205133,151.577,20.4904,122.051
2003-06-09,37.1164,122.051,18.583,163.198
2003-06-10,0,163.198,22.4602,280.051
2003-06-11,0.0942129,280.051,59.9107,296.703
2003-06-12,0.193694,296.703,78.956,177.119
2003-06-13,0.0727373,177.119,122.051,118.515
2003-06-14,0.158443,118.515,151.577,98.0566
2003-06-15,0,98.0566,122.051,83.5988
2003-06-16,0,83.5988,163.198,72.9072
2003-06-17,3.25624,72.9072,280.051,67.0243
2003-06-18,10.4492,67.0243,296.703,62.7236
2003-06-19,2.53766,62.7236,177.119,83.5988
2003-06-20,0,83.5988,118.515,127.421
2003-06-21,0.0715821,127.421,98.0566,104.73
2003-06-22,0,104.73,83.5988,82.0412
2003-06-23,0,82.0412,72.9072,69.9448
2003-06-24,0,69.9448,67.0243,61.3117
2003-06-25,0,61.3117,62.7236,58.5208
2003-06-26,0,58.5208,83.5988,53.0731
2003-06-27,0,53.0731,127.421,50.4178
2003-06-28,0,50.4178,104.73,47.8091
2003-06-29,0,47.8091,82.0412,45.2478
2003-06-30,0,45.2478,69.9448,43.9853
2003-07-01,0,43.9853,61.3117,42.7349
2003-07-02,0,42.7349,58.5208,37.8576
2003-07-03,0,37.8576,53.0731,37.8576
2003-07-04,0,37.8576,50.4178,37.8576
2003-07-05,0.219752,37.8576,47.8091,37.8576
2003-07-06,5.39163,37.8576,45.2478,36.6699
2003-07-07,8.79515,36.6699,43.9853,40.2712
2003-07-08,0.76602,40.2712,42.7349,47.8091
2003-07-09,7.94161,47.8091,37.8576,49.1075
2003-07-10,5.41106,49.1075,37.8576,51.7397
2003-07-11,0,51.7397,37.8576,51.7397
2003-07-12,0,51.7397,37.8576,45.2478
2003-07-13,0,45.2478,36.6699,39.0581
2003-07-14,3.83346,39.0581,40.2712,33.1849
2003-07-15,9.78177,33.1849,47.8091,40.2712
2003-07-16,19.1804,40.2712,49.1075,145.877
2003-07-17,0,145.877,51.7397,197.666
2003-07-18,0,197.666,51.7397,151.577
2003-07-19,0,151.577,45.2478,111.55
2003-07-20,0,111.55,39.0581,91.5344
2003-07-21,0,91.5344,33.1849,78.956
2003-07-22,1.35999,78.956,40.2712,67.0243
2003-07-23,0,67.0243,145.877,62.7236
2003-07-24,0.00847373,62.7236,197.666,57.142
2003-07-25,0.323847,57.142,151.577,51.7397
2003-07-26,0.641506,51.7397,111.55,49.1075
2003-07-27,0.252653,49.1075,91.5344,45.2478
2003-07-28,1.63666,45.2478,78.956,43.9853
2003-07-29,0.113554,43.9853,67.0243,42.7349
2003-07-30,0.367101,42.7349,62.7236,40.2712
2003-07-31,0,40.2712,57.142,41.4968
2003-08-01,0,41.4968,51.7397,37.8576
2003-08-02,0,37.8576,49.1075,37.8576
2003-08-03,0.853486,37.8576,45.2478,35.4952
2003-08-04,0,35.4952,43.9853,34.3335
2003-08-05,0,34.3335,42.7349,33.1849
2003-08-06,18.422,33.1849,40.2712,34.3335
2003-08-07,2.48871,34.3335,41.4968,37.8576
2003-08-08,0,37.8576,37.8576,36.6699
2003-08-09,1.93492,36.6699,37.8576,34.3335
2003-08-10,0,34.3335,35.4952,32.0498
2003-08-11,0,32.0498,34.3335,26.5795
2003-08-12,0,26.5795,33.1849,24.4904
2003-08-13,0,24.4904,34.3335,22.4602
2003-08-14,6.87179,22.4602,37.8576,22.4602
2003-08-15,4.31871,22.4602,36.6699,23.4678
2003-08-16,0,23.4678,34.3335,22.4602
2003-08-17,0,22.4602,32.0498,26.5795
2003-08-18,0,26.5795,26.5795,26.5795
2003-08-19,0,26.5795,24.4904,22.4602
2003-08-20,0,22.4602,22.4602,20.4904
2003-08-21,0,20.4904,22.4602,18.583
2003-08-22,0,18.583,23.4678,21.4676
2003-08-23,0,21.4676,22.4602,18.583
2003-08-24,0,18.583,26.5795,20.4904
2003-08-25,0,20.4904,26.5795,18.583
2003-08-26,0,18.583,22.4602,24.4904
2003-08-27,0,24.4904,20.4904,26.5795
2003-08-28,0,26.5795,18.583,20.4904
2003-08-29,0,20.4904,21.4676,16.7398
2003-08-30,0.270835,16.7398,18.583,16.7398
2003-08-31,0,16.7398,20.4904,14.1005
2003-09-01,0,14.1005,18.583,11.6193
2003-09-02,0,11.6193,24.4904,12.4282
2003-09-03,0,12.4282,26.5795,11.6193
2003-09-04,0,11.6193,20.4904,11.6193
2003-09-05,0,11.6193,16.7398,11.6193
2003-09-06,0,11.6193,16.7398,10.058
2003-09-07,0,10.058,14.1005,10.058
2003-09-08,3.5457,10.058,11.6193,10.058
2003-09-09,7.02098,10.058,12.4282,10.058
2003-09-10,0.660953,10.058,11.6193,28.7258
2003-09-11,0,28.7258,11.6193,143.994
2003-09-12,0.140014,143.994,11.6193,88.3309
2003-09-13,14.3348,88.3309,10.058,55.7744
2003-09-14,0,55.7744,10.058,37.8576
2003-09-15,0,37.8576,10.058,26.5795
2003-09-16,12.6002,26.5795,10.058,26.5795
2003-09-17,0,26.5795,28.7258,26.5795
2003-09-18,0,26.5795,143.994,24.4904
2003-09-19,0.04182,24.4904,88.3309,22.4602
2003-09-20,2.07842,22.4602,55.7744,16.7398
2003-09-21,1.13967,16.7398,37.8576,15.843
2003-09-22,0.153312,15.843,26.5795,16.7398
2003-09-23,0.00720684,16.7398,26.5795,12.4282
2003-09-24,10.5912,12.4282,26.5795,11.6193
2003-09-25,0.40151,11.6193,24.4904,13.2554
2003-09-26,11.2782,13.2554,22.4602,14.9632
2003-09-27,9.65705,14.9632,16.7398,16.7398
2003-09-28,4.57717,16.7398,15.843,26.5795
2003-09-29,4.08743,26.5795,16.7398,54.4181
2003-09-30,0,54.4181,12.4282,153.494
2003-10-01,0,153.494,11.6193,83.5988
2003-10-02,0,83.5988,13.2554,54.4181
2003-10-03,0.0885501,54.4181,14.9632,41.4968
2003-10-04,0.0356551,41.4968,16.7398,32.0498
2003-10-05,0.270949,32.0498,26.5795,26.5795
2003-10-06,1.22435,26.5795,54.4181,24.4904
2003-10-07,0,24.4904,153.494,49.1075
2003-10-08,0,49.1075,83.5988,123.832
2003-10-09,43.2811,123.832,54.4181,177.119
2003-10-10,6.84488,177.119,41.4968,259.125
2003-10-11,4.56264,259.125,32.0498,218.966
2003-10-12,0,218.966,26.5795,165.163
2003-10-13,0,165.163,24.4904,136.543
2003-10-14,0,136.543,49.1075,101.374
2003-10-15,0,101.374,123.832,77.4285
2003-10-16,0,77.4285,177.119,65.58
2003-10-17,0,65.58,259.125,54.4181
2003-10-18,0,54.4181,218.966,46.5225
2003-10-19,0.238247,46.5225,165.163,42.7349
2003-10-20,0.30089,42.7349,136.543,39.0581
2003-10-21,3.47998,39.0581,101.374,40.2712
2003-10-22,1.34856,40.2712,77.4285,53.0731
2003-10-23,0,53.0731,65.58,59.9107
2003-10-24,0,59.9107,54.4181,50.4178
2003-10-25,16.8177,50.4178,46.5225,40.2712
2003-10-26,42.8725,40.2712,42.7349,187.297
2003-10-27,4.70917,187.297,39.0581,328.91
2003-10-28,0.164618,328.91,40.2712,254.551
2003-10-29,0.274864,254.551,53.0731,189.356
2003-10-30,0,189.356,59.9107,132.869
2003-10-31,0,132.869,50.4178,103.047
2003-11-01,6.79739,103.047,40.2712,86.7437
2003-11-02,0,86.7437,187.297,125.622
2003-11-03,0,125.622,328.91,132.869
2003-11-04,0,132.869,254.551,101.374
2003-11-05,0.168812,101.374,189.356,78.956
2003-11-06,0.33841,78.956,132.869,65.58
2003-11-07,12.1236,65.58,103.047,61.3117
2003-11-08,0,61.3117,86.7437,72.9072
2003-11-09,0,72.9072,125.622,62.7236
2003-11-10,0.207465,62.7236,132.869,51.7397
2003-11-11,0,51.7397,101.374,42.7349
2003-11-12,7.37687,42.7349,78.956,40.2712
2003-11-13,21.2621,40.2712,65.58,68.4792
2003-11-14,0,68.4792,61.3117,165.163
2003-11-15,0.215292,165.163,72.9072,93.1506
2003-11-16,15.6568,93.1506,62.7236,71.4208
2003-11-17,14.0626,71.4208,51.7397,236.531
2003-11-18,7.84473,236.531,42.7349,195.577
2003-11-19,0,195.577,40.2712,145.877
2003-11-20,0,145.877,68.4792,104.73
2003-11-21,0,104.73,165.163,80.4936
2003-11-22,0,80.4936,93.1506,67.0243
2003-11-23,0.612032,67.0243,71.4208,58.5208
2003-11-24,7.99639,58.5208,236.531,50.4178
2003-11-25,10.6581,50.4178,195.577,45.2478
2003-11-26,7.12314,45.2478,145.877,64.1464
2003-11-27,13.2506,64.1464,104.73,78.956
2003-11-28,0,78.956,80.4936,120.279
2003-11-29,1.43045,120.279,67.0243,83.5988
2003-11-30,0.531986,83.5988,58.5208,58.5208
2003-12-01,0,58.5208,50.4178,47.8091
2003-12-02,0,47.8091,45.2478,37.8576
2003-12-03,0.611802,37.8576,64.1464,34.3335
2003-12-04,7.70007,34.3335,78.956,30.9281
2003-12-05,0.0407574,30.9281,120.279,33.1849
2003-12-06,0,33.1849,83.5988,96.4118
2003-12-07,0,96.4118,58.5208,68.4792
2003-12-08,3.93068,68.4792,47.8091,49.1075
2003-12-09,26.5388,49.1075,37.8576,98.0566
2003-12-10,0,98.0566,34.3335,120.279
2003-12-11,17.3002,120.279,30.9281,75.9111
2003-12-12,40.3427,75.9111,33.1849,440.319
2003-12-13,0.19731,440.319,96.4118,394.3
2003-12-14,10.3245,394.3,68.4792,405.626
2003-12-15,13.6866,405.626,49.1075,464.037
2003-12-16,12.1837,464.037,98.0566,589.465
2003-12-17,0,589.465,120.279,576.42
2003-12-18,0,576.42,75.9111,422.839
2003-12-19,0,422.839,440.319,270.682
2003-12-20,19.0169,270.682,394.3,189.356
2003-12-21,31.4046,189.356,405.626,446.205
2003-12-22,5.78992,446.205,464.037,402.783
2003-12-23,0.401598,402.783,589.465,318.588
2003-12-24,0,318.588,576.42,252.274
2003-12-25,0,252.274,422.839,183.203
2003-12-26,0,183.203,270.682,140.252
2003-12-27,0.00999105,140.252,189.356,120.279
2003-12-28,0.00618349,120.279,446.205,104.73
2003-12-29,0.981792,104.73,402.783,94.7765
2003-12-30,5.3449,94.7765,318.588,136.543
2003-12-31,29.088,136.543,252.274,163.198
2004-01-01,0.159189,163.198,183.203,236.531
2004-01-02,0,236.531,140.252,236.531
2004-01-03,0,236.531,120.279,167.136
2004-01-04,0,167.136,104.73,125.622
2004-01-05,0,125.622,94.7765,101.374
2004-01-06,0.125592,101.374,136.543,85.1663
2004-01-07,1.23622,85.1663,163.198,78.956
2004-01-08,1.33273,78.956,236.531,69.9448
2004-01-09,2.54159,69.9448,236.531,65.58
2004-01-10,0,65.58,167.136,72.9072
2004-01-11,3.11417,72.9072,125.622,65.58
2004-01-12,0,65.58,101.374,67.0243
2004-01-13,0,67.0243,85.1663,68.4792
2004-01-14,21.294,68.4792,78.956,54.4181
2004-01-15,10.3163,54.4181,69.9448,64.1464
2004-01-16,0.650463,64.1464,65.58,74.404
2004-01-17,0,74.404,72.9072,59.9107
2004-01-18,0,59.9107,65.58,51.7397
2004-01-19,0,51.7397,67.0243,47.8091
2004-01-20,0,47.8091,68.4792,43.9853
2004-01-21,0.32896,43.9853,54.4181,39.0581
2004-01-22,0.152988,39.0581,64.1464,36.6699
2004-01-23,1.12242,36.6699,74.404,35.4952
2004-01-24,5.41754,35.4952,59.9107,45.2478
2004-01-25,35.9122,45.2478,51.7397,42.7349
2004-01-26,20.5619,42.7349,47.8091,45.2478
2004-01-27,2.73937,45.2478,43.9853,55.7744
2004-01-28,1.33598,55.7744,39.0581,58.5208
2004-01-29,4.46895,58.5208,36.6699,49.1075
2004-01-30,0.25398,49.1075,35.4952,61.3117
2004-01-31,6.16892,61.3117,45.2478,68.4792
2004-02-01,13.3732,68.4792,42.7349,51.7397
2004-02-02,10.9921,51.7397,45.2478,53.0731
2004-02-03,3.07544,53.0731,55.7744,58.5208
2004-02-04,2.78902,58.5208,58.5208,62.7236
2004-02-05,9.31139,62.7236,49.1075,67.0243
2004-02-06,0.0111043,67.0243,61.3117,49.1075
2004-02-07,0,49.1075,68.4792,62.7236
2004-02-08,0,62.7236,51.7397,82.0412
2004-02-09,0.0267107,82.0412,53.0731,55.7744
2004-02-10,0,55.7744,58.5208,40.2712
2004-02-11,0.136014,40.2712,62.7236,35.4952
2004-02-12,0,35.4952,67.0243,28.7258
2004-02-13,0,28.7258,49.1075,25.5277
2004-02-14,10.5716,25.5277,62.7236,24.4904
2004-02-15,8.97222,24.4904,82.0412,24.4904
2004-02-16,0,24.4904,55.7744,33.1849
2004-02-17,2.93231,33.1849,40.2712,35.4952
2004-02-18,9.04208,35.4952,35.4952,27.6456
2004-02-19,10.6971,27.6456,28.7258,24.4904
2004-02-20,0.0144996,24.4904,25.5277,49.1075
2004-02-21,0.0122234,49.1075,24.4904,53.0731
2004-02-22,0.0680918,53.0731,24.4904,41.4968
2004-02-23,0.52667,41.4968,33.1849,45.2478
2004-02-24,0,45.2478,35.4952,45.2478
2004-02-25,0.329029,45.2478,27.6456,35.4952
2004-02-26,13.0907,35.4952,24.4904,25.5277
2004-02-27,14.8006,25.5277,49.1075,23.4678
2004-02-28,1.58744,23.4678,53.0731,23.4678
2004-02-29,0,23.4678,41.4968,35.4952
2004-03-01,0,35.4952,45.2478,28.7258
2004-03-02,2.68818,28.7258,45.2478,20.4904
2004-03-03,1.84039,20.4904,35.4952,16.7398
2004-03-04,0.119813,16.7398,25.5277,16.7398
2004-03-05,0,16.7398,23.4678,14.9632
2004-03-06,0,14.9632,23.4678,10.8291
2004-03-07,0,10.8291,35.4952,8.575
2004-03-08,7.55972,8.575,28.7258,8.575
2004-03-09,0.786819,8.575,20.4904,8.575
2004-03-10,0.698011,8.575,16.7398,14.1005
2004-03-11,0.800875,14.1005,16.7398,15.843
2004-03-12,0.7655,15.843,14.9632,16.7398
2004-03-13,17.7946,16.7398,10.8291,14.9632
2004-03-14,33.7785,14.9632,8.575,16.7398
2004-03-15,0,16.7398,8.575,24.4904
2004-03-16,0,24.4904,8.575,45.2478
2004-03-17,0,45.2478,14.1005,30.9281
2004-03-18,0.370002,30.9281,15.843,22.4602
2004-03-19,19.9247,22.4602,16.7398,17.6532
2004-03-20,8.88262,17.6532,14.9632,14.9632
2004-03-21,0,14.9632,16.7398,40.2712
2004-03-22,0,40.2712,24.4904,40.2712
2004-03-23,0,40.2712,45.2478,33.1849
2004-03-24,0,33.1849,30.9281,21.4676
2004-03-25,0,21.4676,22.4602,14.9632
2004-03-26,0,14.9632,17.6532,11.6193
2004-03-27,2.77723,11.6193,14.9632,10.058
2004-03-28,1.88259,10.058,40.2712,10.058
2004-03-29,3.04301,10.058,40.2712,10.8291
2004-03-30,0,10.8291,33.1849,12.4282
2004-03-31,0,12.4282,21.4676,16.7398
2004-04-01,0,16.7398,14.9632,16.7398
2004-04-02,0,16.7398,11.6193,14.1005
2004-04-03,17.8968,14.1005,10.058,13.2554
2004-04-04,0.265797,13.2554,10.058,14.1005
2004-04-05,3.38159,14.1005,10.8291,43.9853
2004-04-06,0.210904,43.9853,12.4282,61.3117
2004-04-07,0,61.3117,16.7398,54.4181
2004-04-08,0.00778072,54.4181,16.7398,58.5208
2004-04-09,1.46608,58.5208,14.1005,43.9853
2004-04-10,0,43.9853,13.2554,32.0498
2004-04-11,3.71428,32.0498,14.1005,30.9281
2004-04-12,1.9213,30.9281,43.9853,49.1075
2004-04-13,0,49.1075,61.3117,43.9853
2004-04-14,14.6214,43.9853,54.4181,28.7258
2004-04-15,6.69476,28.7258,58.5208,24.4904
2004-04-16,0.0161765,24.4904,43.9853,18.583
2004-04-17,1.61664,18.583,32.0498,20.4904
2004-04-18,0,20.4904,30.9281,16.7398
2004-04-19,24.4395,16.7398,49.1075,26.5795
2004-04-20,0,26.5795,43.9853,104.73
2004-04-21,0,104.73,28.7258,106.421
2004-04-22,0,106.421,24.4904,74.404
2004-04-23,17.35,74.404,18.583,54.4181
2004-04-24,2.61277,54.4181,20.4904,54.4181
2004-04-25,0,54.4181,16.7398,55.7744
2004-04-26,0,55.7744,26.5795,42.7349
2004-04-27,0,42.7349,104.73,34.3335
2004-04-28,0,34.3335,106.421,29.8201
2004-04-29,0,29.8201,74.404,23.4678
2004-04-30,0.431634,23.4678,54.4181,18.583
2004-05-01,6.65807,18.583,54.4181,20.4904
2004-05-02,0,20.4904,55.7744,58.5208
2004-05-03,15.1472,58.5208,42.7349,101.374
2004-05-04,14.3294,101.374,34.3335,175.107
2004-05-05,2.49447,175.107,29.8201,140.252
2004-05-06,14.0506,140.252,23.4678,127.421
2004-05-07,17.2159,127.421,18.583,140.252
2004-05-08,0,140.252,20.4904,263.728
2004-05-09,0,263.728,58.5208,240.994
2004-05-10,0,240.994,101.374,167.136
2004-05-11,0,167.136,175.107,111.55
2004-05-12,11.9079,111.55,140.252,88.3309
2004-05-13,5.96247,88.3309,127.421,86.7437
2004-05-14,0,86.7437,140.252,111.55
2004-05-15,0.368798,111.55,263.728,93.1506
2004-05-16,0,93.1506,240.994,74.404
2004-05-17,0,74.404,167.136,62.7236
2004-05-18,0,62.7236,111.55,54.4181
2004-05-19,0,54.4181,88.3309,47.8091
2004-05-20,0,47.8091,86.7437,42.7349
2004-05-21,7.96244,42.7349,111.55,40.2712
2004-05-22,0,40.2712,93.1506,37.8576
2004-05-23,0.848385,37.8576,74.404,40.2712
2004-05-24,0.0798467,40.2712,62.7236,41.4968
2004-05-25,8.09918,41.4968,54.4181,64.1464
2004-05-26,0,64.1464,47.8091,91.5344
2004-05-27,0,91.5344,42.7349,140.252
2004-05-28,0,140.252,40.2712,99.7108
2004-05-29,0,99.7108,37.8576,72.9072
2004-05-30,11.5088,72.9072,40.2712,61.3117
2004-05-31,6.06772,61.3117,41.4968,54.4181
2004-06-01,3.18935,54.4181,64.1464,51.7397
2004-06-02,0,51.7397,91.5344,49.1075
2004-06-03,1.09579,49.1075,140.252,47.8091
2004-06-04,0.0830447,47.8091,99.7108,50.4178
2004-06-05,0,50.4178,72.9072,49.1075
2004-06-06,0,49.1075,61.3117,42.7349
2004-06-07,0,42.7349,54.4181,37.8576
2004-06-08,0.00391321,37.8576,51.7397,36.6699
2004-06-09,0.122902,36.6699,49.1075,32.0498
2004-06-10,9.35337,32.0498,47.8091,39.0581
2004-06-11,39.1659,39.0581,50.4178,71.4208
2004-06-12,13.0632,71.4208,49.1075,388.682
2004-06-13,0,388.682,42.7349,284.775
2004-06-14,0,284.775,37.8576,199.763
2004-06-15,0,199.763,36.6699,151.577
2004-06-16,0,151.577,32.0498,111.55
2004-06-17,0,111.55,39.0581,86.7437
2004-06-18,0,86.7437,71.4208,75.9111
2004-06-19,0,75.9111,388.682,68.4792
2004-06-20,0,68.4792,284.775,62.7236
2004-06-21,0,62.7236,199.763,58.5208
2004-06-22,0,58.5208,151.577,55.7744
2004-06-23,0.00301837,55.7744,111.55,50.4178
2004-06-24,2.73804,50.4178,86.7437,47.8091
2004-06-25,2.56098,47.8091,75.9111,45.2478
2004-06-26,0.0691844,45.2478,68.4792,43.9853
2004-06-27,8.84795,43.9853,62.7236,42.7349
2004-06-28,0.140902,42.7349,58.5208,42.7349
2004-06-29,0,42.7349,55.7744,42.7349
2004-06-30,0,42.7349,50.4178,42.7349
2004-07-01,3.70989,42.7349,47.8091,39.0581
2004-07-02,0,39.0581,45.2478,54.4181
2004-07-03,5.66185,54.4181,43.9853,71.4208
2004-07-04,46.4216,71.4208,42.7349,104.73
2004-07-05,0,104.73,42.7349,361.05
2004-07-06,0,361.05,42.7349,434.463
2004-07-07,2.0481,434.463,42.7349,268.357
2004-07-08,27.1866,268.357,39.0581,254.551
2004-07-09,0.735601,254.551,54.4181,405.626
2004-07-10,1.84355,405.626,71.4208,311.234
2004-07-11,0,311.234,104.73,225.499
2004-07-12,0,225.499,361.05,171.105
2004-07-13,0,171.105,434.463,136.543
2004-07-14,1.17431,136.543,268.357,122.051
2004-07-15,8.71781,122.051,254.551,127.421
2004-07-16,27.271,127.421,405.626,428.636
2004-07-17,0,428.636,311.234,602.618
2004-07-18,0.32365,602.618,225.499,537.948
2004-07-19,22.2388,537.948,171.105,464.037
2004-07-20,0,464.037,136.543,372.011
2004-07-21,0,372.011,122.051,289.526
2004-07-22,0,289.526,127.421,254.551
2004-07-23,0,254.551,428.636,216.803
2004-07-24,0,216.803,602.618,179.139
2004-07-25,0,179.139,537.948,151.577
2004-07-26,0,151.577,464.037,134.702
2004-07-27,0,134.702,372.011,122.051
2004-07-28,0.974531,122.051,289.526,108.122
2004-07-29,1.8741,108.122,254.551,103.047
2004-07-30,1.93031,103.047,216.803,93.1506
2004-07-31,0,93.1506,179.139,101.374
2004-08-01,0,101.374,151.577,104.73
2004-08-02,0,104.73,134.702,88.3309
2004-08-03,0,88.3309,122.051,80.4936
2004-08-04,0,80.4936,108.122,72.9072
2004-08-05,0,72.9072,103.047,67.0243
2004-08-06,0,67.0243,93.1506,67.0243
2004-08-07,0.0345406,67.0243,101.374,64.1464
2004-08-08,0,64.1464,104.73,67.0243
2004-08-09,0,67.0243,88.3309,67.0243
2004-08-10,0,67.0243,80.4936,58.5208
2004-08-11,0,58.5208,72.9072,55.7744
2004-08-12,0,55.7744,67.0243,53.0731
2004-08-13,0,53.0731,67.0243,50.4178
2004-08-14,0,50.4178,64.1464,49.1075
2004-08-15,0,49.1075,67.0243,47.8091
2004-08-16,0.566673,47.8091,67.0243,43.9853
2004-08-17,1.10411,43.9853,58.5208,43.9853
2004-08-18,0,43.9853,55.7744,45.2478
2004-08-19,0,45.2478,53.0731,40.2712
2004-08-20,0.0829694,40.2712,50.4178,40.2712
2004-08-21,5.47277,40.2712,49.1075,39.0581
2004-08-22,5.07564,39.0581,47.8091,37.8576
2004-08-23,0.115251,37.8576,43.9853,39.0581
2004-08-24,0,39.0581,43.9853,37.8576
2004-08-25,0.363337,37.8576,45.2478,36.6699
2004-08-26,0.0445426,36.6699,40.2712,35.4952
2004-08-27,20.9229,35.4952,40.2712,30.9281
2004-08-28,26.247,30.9281,39.0581,83.5988
2004-08-29,0,83.5988,37.8576,167.136
2004-08-30,0,167.136,39.0581,120.279
2004-08-31,0,120.279,37.8576,78.956
2004-09-01,0,78.956,36.6699,61.3117
2004-09-02,0,61.3117,35.4952,53.0731
2004-09-03,2.91724,53.0731,30.9281,47.8091
2004-09-04,0,47.8091,83.5988,43.9853
2004-09-05,0,43.9853,167.136,41.4968
2004-09-06,0,41.4968,120.279,40.2712
2004-09-07,0,40.2712,78.956,37.8576
2004-09-08,0,37.8576,61.3117,35.4952
2004-09-09,0,35.4952,53.0731,36.6699
2004-09-10,0,36.6699,47.8091,32.0498
2004-09-11,0,32.0498,43.9853,30.9281
2004-09-12,0,30.9281,41.4968,30.9281
2004-09-13,4.52854,30.9281,40.2712,30.9281
2004-09-14,81.7375,30.9281,37.8576,683.8
2004-09-15,0,683.8,35.4952,876.339
2004-09-16,0,876.339,36.6699,683.8
2004-09-17,0,683.8,32.0498,522.213
2004-09-18,0,522.213,30.9281,388.682
2004-09-19,0,388.682,30.9281,214.647
2004-09-20,0.228552,214.647,30.9281,149.669
2004-09-21,0.228214,149.669,683.8,123.832
2004-09-22,4.29735,123.832,876.339,109.831
2004-09-23,0.503903,109.831,683.8,118.515
2004-09-24,0.632638,118.515,522.213,122.051
2004-09-25,0,122.051,388.682,136.543
2004-09-26,7.93988,136.543,214.647,122.051
2004-09-27,7.11489,122.051,149.669,115.015
2004-09-28,5.15313,115.015,123.832,155.418
2004-09-29,4.51225,155.418,109.831,256.835
2004-09-30,0,256.835,118.515,238.759
2004-10-01,0,238.759,122.051,149.669
2004-10-02,0.99121,149.669,136.543,115.015
2004-10-03,1.04342,115.015,122.051,101.374
2004-10-04,0,101.374,115.015,91.5344
2004-10-05,0,91.5344,155.418,82.0412
2004-10-06,0,82.0412,256.835,72.9072
2004-10-07,0,72.9072,238.759,65.58
2004-10-08,0,65.58,149.669,58.5208
2004-10-09,1.0525,58.5208,115.015,55.7744
2004-10-10,16.3156,55.7744,101.374,72.9072
2004-10-11,6.79957,72.9072,91.5344,238.759
2004-10-12,0,238.759,82.0412,225.499
2004-10-13,41.4799,225.499,72.9072,326.283
2004-10-14,6.82803,326.283,65.58,659.726
2004-10-15,0,659.726,58.5208,569.939
2004-10-16,0.0787152,569.939,55.7744,443.258
2004-10-17,18.1402,443.258,72.9072,385.884
2004-10-18,10.9614,385.884,238.759,287.147
2004-10-19,2.02076,287.147,225.499,301.521
2004-10-20,0,301.521,326.283,275.353
2004-10-21,0,275.353,659.726,238.759
2004-10-22,0,238.759,569.939,195.577
2004-10-23,2.66179,195.577,443.258,163.198
2004-10-24,43.7915,163.198,385.884,221.136
2004-10-25,28.0769,221.136,287.147,872.542
2004-10-26,0,872.542,301.521,838.65
2004-10-27,0,838.65,275.353,711.708
2004-10-28,0,711.708,238.759,670.003
2004-10-29,0,670.003,195.577,569.939
2004-10-30,0.0198984,569.939,163.198,500.48
2004-10-31,16.3547,500.48,221.136,461.047
2004-11-01,2.41364,461.047,872.542,397.12
2004-11-02,0.387834,397.12,838.65,299.108
2004-11-03,6.26208,299.108,711.708,247.741
2004-11-04,17.2315,247.741,670.003,303.939
2004-11-05,5.5076,303.939,569.939,328.91
2004-11-06,0,328.91,500.48,287.147
2004-11-07,0,287.147,461.047,208.224
2004-11-08,0,208.224,397.12,171.105
2004-11-09,2.04388,171.105,299.108,151.577
2004-11-10,17.8633,151.577,247.741,143.994
2004-11-11,8.13264,143.994,303.939,212.499
2004-11-12,0.157507,212.499,328.91,383.095
2004-11-13,0,383.095,287.147,299.108
2004-11-14,0,299.108,208.224,221.136
2004-11-15,26.9278,221.136,171.105,179.139
2004-11-16,0.107956,179.139,151.577,169.117
2004-11-17,8.2527,169.117,143.994,163.198
2004-11-18,0,163.198,212.499,159.292
2004-11-19,0,159.292,383.095,134.702
2004-11-20,0,134.702,299.108,115.015
2004-11-21,0,115.015,221.136,101.374
2004-11-22,0,101.374,179.139,91.5344
2004-11-23,0,91.5344,169.117,85.1663
2004-11-24,0,85.1663,163.198,78.956
2004-11-25,3.21425,78.956,159.292,75.9111
2004-11-26,2.30739,75.9111,134.702,74.404
2004-11-27,22.0778,74.404,115.015,78.956
2004-11-28,8.57965,78.956,101.374,167.136
2004-11-29,0,167.136,91.5344,252.274
2004-11-30,0.201487,252.274,85.1663,175.107
2004-12-01,0,175.107,78.956,120.279
2004-12-02,0,120.279,75.9111,96.4118
2004-12-03,0,96.4118,74.404,85.1663
2004-12-04,0,85.1663,78.956,78.956
2004-12-05,9.67771,78.956,167.136,72.9072
2004-12-06,32.4753,72.9072,252.274,122.051
2004-12-07,14.1783,122.051,175.107,163.198
2004-12-08,10.8655,163.198,120.279,181.167
2004-12-09,3.47651,181.167,96.4118,344.84
2004-12-10,2.48897,344.84,85.1663,380.312
2004-12-11,1.18029,380.312,78.956,425.734
2004-12-12,0,425.734,72.9072,394.3
2004-12-13,0,394.3,122.051,334.189
2004-12-14,0.0325044,334.189,163.198,270.682
2004-12-15,0,270.682,181.167,206.097
2004-12-16,10.8034,206.097,344.84,169.117
2004-12-17,0.893945,169.117,380.312,171.105
2004-12-18,0,171.105,425.734,216.803
2004-12-19,16.489,216.803,394.3,193.496
2004-12-20,1.60092,193.496,334.189,163.198
2004-12-21,0.0612911,163.198,270.682,151.577
2004-12-22,20.9027,151.577,206.097,132.869
2004-12-23,0.370444,132.869,169.117,122.051
2004-12-24,0,122.051,171.105,136.543
2004-12-25,0.0683712,136.543,216.803,155.418
2004-12-26,0.127107,155.418,193.496,147.769
2004-12-27,0,147.769,163.198,120.279
2004-12-28,0,120.279,151.577,98.0566
2004-12-29,0,98.0566,132.869,85.1663
2004-12-30,8.3238,85.1663,122.051,77.4285
2004-12-31,0.579169,77.4285,136.543,72.9072
2005-01-01,0,72.9072,155.418,68.4792
2005-01-02,0.6824,68.4792,147.769,62.7236
2005-01-03,22.9438,62.7236,120.279,55.7744
2005-01-04,14.0956,55.7744,98.0566,67.0243
2005-01-05,4.40939,67.0243,85.1663,69.9448
2005-01-06,3.25247,69.9448,77.4285,80.4936
2005-01-07,10.2699,80.4936,72.9072,101.374
2005-01-08,1.64905,101.374,68.4792,106.421
2005-01-09,13.4903,106.421,62.7236,99.7108
2005-01-10,19.6207,99.7108,55.7744,125.622
2005-01-11,11.48,125.622,67.0243,268.357
2005-01-12,0,268.357,69.9448,223.314
2005-01-13,0,223.314,80.4936,163.198
2005-01-14,0,163.198,101.374,115.015
2005-01-15,5.31083,115.015,106.421,88.3309
2005-01-16,16.491,88.3309,99.7108,94.7765
2005-01-17,0,94.7765,125.622,78.956
2005-01-18,0,78.956,268.357,74.404
2005-01-19,0,74.404,223.314,64.1464
2005-01-20,0.0539868,64.1464,163.198,69.9448
2005-01-21,0,69.9448,115.015,78.956
2005-01-22,0,78.956,88.3309,74.404
2005-01-23,16.8041,74.404,94.7765,58.5208
2005-01-24,33.9918,58.5208,78.956,53.0731
2005-01-25,4.8994,53.0731,74.404,191.422
2005-01-26,0,191.422,64.1464,323.664
2005-01-27,0,323.664,69.9448,261.423
2005-01-28,0,261.423,78.956,175.107
2005-01-29,0,175.107,74.404,118.515
2005-01-30,0,118.515,58.5208,103.047
2005-01-31,0,103.047,53.0731,101.374
2005-02-01,0.0195686,101.374,191.422,94.7765
2005-02-02,0,94.7765,323.664,83.5988
2005-02-03,0,83.5988,261.423,74.404
2005-02-04,0,74.404,175.107,64.1464
2005-02-05,0.318189,64.1464,118.515,55.7744
2005-02-06,0.0146864,55.7744,103.047,53.0731
2005-02-07,0,53.0731,101.374,51.7397
2005-02-08,0,51.7397,94.7765,47.8091
2005-02-09,0,47.8091,83.5988,43.9853
2005-02-10,0,43.9853,74.404,39.0581
2005-02-11,0,39.0581,64.1464,37.8576
2005-02-12,0.0217306,37.8576,55.7744,37.8576
2005-02-13,0.03603,37.8576,53.0731,37.8576
2005-02-14,0,37.8576,51.7397,39.0581
2005-02-15,0,39.0581,47.8091,35.4952
2005-02-16,0.0130361,35.4952,43.9853,35.4952
2005-02-17,4.33452,35.4952,39.0581,30.9281
2005-02-18,12.7071,30.9281,37.8576,24.4904
2005-02-19,5.18722,24.4904,37.8576,30.9281
2005-02-20,0,30.9281,37.8576,45.2478
2005-02-21,0,45.2478,39.0581,40.2712
2005-02-22,10.1959,40.2712,35.4952,33.1849
2005-02-23,2.42973,33.1849,35.4952,29.8201
2005-02-24,18.3527,29.8201,30.9281,42.7349
2005-02-25,14.8745,42.7349,24.4904,43.9853
2005-02-26,8.55215,43.9853,30.9281,49.1075
2005-02-27,0.077141,49.1075,45.2478,58.5208
2005-02-28,0,58.5208,40.2712,50.4178
2005-03-01,0,50.4178,33.1849,37.8576
2005-03-02,0,37.8576,29.8201,30.9281
2005-03-03,0,30.9281,42.7349,26.5795
2005-03-04,0.0556438,26.5795,43.9853,24.4904
2005-03-05,0,24.4904,49.1075,22.4602
2005-03-06,0,22.4602,58.5208,26.5795
2005-03-07,0,26.5795,50.4178,18.583
2005-03-08,0,18.583,37.8576,18.583
2005-03-09,0,18.583,30.9281,16.7398
2005-03-10,3.35255,16.7398,26.5795,20.4904
2005-03-11,0,20.4904,24.4904,21.4676
2005-03-12,0.507757,21.4676,22.4602,26.5795
2005-03-13,54.7509,26.5795,26.5795,24.4904
2005-03-14,3.91584,24.4904,18.583,42.7349
2005-03-15,0,42.7349,18.583,91.5344
2005-03-16,0,91.5344,16.7398,58.5208
2005-03-17,0,58.5208,20.4904,42.7349
2005-03-18,0.26183,42.7349,21.4676,30.9281
2005-03-19,0,30.9281,26.5795,27.6456
2005-03-20,0,27.6456,24.4904,26.5795
2005-03-21,2.75438,26.5795,42.7349,22.4602
2005-03-22,12.0819,22.4602,91.5344,23.4678
2005-03-23,5.93983,23.4678,58.5208,27.6456
2005-03-24,0,27.6456,42.7349,42.7349
2005-03-25,0,42.7349,30.9281,46.5225
2005-03-26,0,46.5225,27.6456,41.4968
2005-03-27,0,41.4968,26.5795,35.4952
2005-03-28,0,35.4952,22.4602,26.5795
2005-03-29,0,26.5795,23.4678,24.4904
2005-03-30,0,24.4904,27.6456,20.4904
2005-03-31,6.08672,20.4904,42.7349,19.5288
2005-04-01,21.7879,19.5288,46.5225,16.7398
2005-04-02,54.141,16.7398,41.4968,53.0731
2005-04-03,11.3594,53.0731,35.4952,111.55
2005-04-04,0.0259849,111.55,26.5795,159.292
2005-04-05,0,159.292,24.4904,282.409
2005-04-06,0,282.409,20.4904,203.978
2005-04-07,0,203.978,19.5288,134.702
2005-04-08,1.55108,134.702,16.7398,94.7765
2005-04-09,0.0490942,94.7765,53.0731,80.4936
2005-04-10,0,80.4936,111.55,71.4208
2005-04-11,0,71.4208,159.292,61.3117
2005-04-12,0.470563,61.3117,282.409,57.142
2005-04-13,0.13645,57.142,203.978,50.4178
2005-04-14,0,50.4178,134.702,57.142
2005-04-15,1.4445,57.142,94.7765,46.5225
2005-04-16,0,46.5225,80.4936,42.7349
2005-04-17,0,42.7349,71.4208,39.0581
2005-04-18,0.0527171,39.0581,61.3117,35.4952
2005-04-19,12.9588,35.4952,57.142,33.1849
2005-04-20,10.3247,33.1849,50.4178,33.1849
2005-04-21,1.40493,33.1849,57.142,45.2478
2005-04-22,0,45.2478,46.5225,55.7744
2005-04-23,0,55.7744,42.7349,49.1075
2005-04-24,4.10656,49.1075,39.0581,40.2712
2005-04-25,13.7889,40.2712,35.4952,40.2712
2005-04-26,0,40.2712,33.1849,45.2478
2005-04-27,0,45.2478,33.1849,40.2712
2005-04-28,1.87937,40.2712,45.2478,35.4952
2005-04-29,1.2316,35.4952,55.7744,30.9281
2005-04-30,6.60857,30.9281,49.1075,33.1849
2005-05-01,0,33.1849,40.2712,47.8091
2005-05-02,0,47.8091,40.2712,42.7349
2005-05-03,0,42.7349,45.2478,33.1849
2005-05-04,0,33.1849,40.2712,26.5795
2005-05-05,0,26.5795,35.4952,26.5795
2005-05-06,1.36388,26.5795,30.9281,23.4678
2005-05-07,0.0247782,23.4678,33.1849,23.4678
2005-05-08,5.84501,23.4678,47.8091,21.4676
2005-05-09,0,21.4676,42.7349,24.4904
2005-05-10,0,24.4904,33.1849,28.7258
2005-05-11,1.42689,28.7258,26.5795,61.3117
2005-05-12,10.2538,61.3117,26.5795,50.4178
2005-05-13,0,50.4178,23.4678,69.9448
2005-05-14,0,69.9448,23.4678,54.4181
2005-05-15,0.347547,54.4181,21.4676,40.2712
2005-05-16,25.6175,40.2712,24.4904,35.4952
2005-05-17,1.94254,35.4952,28.7258,30.9281
2005-05-18,34.7586,30.9281,61.3117,64.1464
2005-05-19,16.1189,64.1464,50.4178,680.341
2005-05-20,18.4661,680.341,69.9448,683.8
2005-05-21,9.35049,683.8,54.4181,961.419
2005-05-22,0,961.419,40.2712,805.265
2005-05-23,0,805.265,35.4952,683.8
2005-05-24,33.029,683.8,30.9281,625.898
2005-05-25,2.45953,625.898,64.1464,599.32
2005-05-26,0,599.32,680.341,519.087
2005-05-27,0.0114143,519.087,683.8,428.636
2005-05-28,0,428.636,961.419,306.364
2005-05-29,0,306.364,805.265,212.499
2005-05-30,0.00456812,212.499,683.8,179.139
2005-05-31,0,179.139,625.898,143.994
2005-06-01,0.727723,143.994,599.32,125.622
2005-06-02,0.0179218,125.622,519.087,113.278
2005-06-03,0,113.278,428.636,103.047
2005-06-04,0,103.047,306.364,94.7765
2005-06-05,0,94.7765,212.499,89.9278
2005-06-06,0,89.9278,179.139,82.0412
2005-06-07,0,82.0412,143.994,80.4936
2005-06-08,0,80.4936,125.622,77.4285
2005-06-09,0,77.4285,113.278,72.9072
2005-06-10,0,72.9072,103.047,69.9448
2005-06-11,0.063146,69.9448,94.7765,67.0243
2005-06-12,3.70843,67.0243,89.9278,67.0243
2005-06-13,1.05122,67.0243,82.0412,67.0243
2005-06-14,1.29033,67.0243,80.4936,69.9448
2005-06-15,21.0267,69.9448,77.4285,101.374
2005-06-16,17.968,101.374,72.9072,175.107
2005-06-17,17.2874,175.107,69.9448,236.531
2005-06-18,11.3199,236.531,67.0243,485.17
2005-06-19,0,485.17,67.0243,428.636
2005-06-20,2.03869,428.636,67.0243,313.679
2005-06-21,0,313.679,69.9448,247.741
2005-06-22,0,247.741,101.374,212.499
2005-06-23,0,212.499,175.107,183.203
2005-06-24,0,183.203,236.531,155.418
2005-06-25,0.0198208,155.418,485.17,132.869
2005-06-26,1.2317,132.869,428.636,118.515
2005-06-27,0.192218,118.515,313.679,104.73
2005-06-28,4.22953,104.73,247.741,98.0566
2005-06-29,1.10323,98.0566,212.499,91.5344
2005-06-30,0,91.5344,183.203,91.5344
2005-07-01,0,91.5344,155.418,83.5988
2005-07-02,0,83.5988,132.869,78.956
2005-07-03,0,78.956,118.515,75.9111
2005-07-04,1.50612,75.9111,104.73,72.9072
2005-07-05,3.74993,72.9072,98.0566,132.869
2005-07-06,0,132.869,91.5344,138.393
2005-07-07,0,138.393,91.5344,104.73
2005-07-08,0,104.73,83.5988,83.5988
2005-07-09,0,83.5988,78.956,75.9111
2005-07-10,0,75.9111,75.9111,71.4208
2005-07-11,0,71.4208,72.9072,69.9448
2005-07-12,0,69.9448,132.869,68.4792
2005-07-13,0,68.4792,138.393,65.58
2005-07-14,0,65.58,104.73,62.7236
2005-07-15,0,62.7236,83.5988,59.9107
2005-07-16,0,59.9107,75.9111,58.5208
2005-07-17,1.00032,58.5208,71.4208,67.0243
2005-07-18,0,67.0243,69.9448,122.051
2005-07-19,0,122.051,68.4792,89.9278
2005-07-20,0,89.9278,65.58,71.4208
2005-07-21,0.740405,71.4208,62.7236,61.3117
2005-07-22,47.3833,61.3117,59.9107,98.0566
2005-07-23,5.32961,98.0566,58.5208,405.626
2005-07-24,22.5345,405.626,67.0243,473.051
2005-07-25,0,473.051,122.051,394.3
2005-07-26,0,394.3,89.9278,299.108
2005-07-27,0,299.108,71.4208,218.966
2005-07-28,0,218.966,61.3117,195.577
2005-07-29,0,195.577,98.0566,175.107
2005-07-30,0,175.107,405.626,155.418
2005-07-31,0,155.418,473.051,132.869
2005-08-01,0,132.869,394.3,115.015
2005-08-02,0,115.015,299.108,101.374
2005-08-03,0,101.374,218.966,91.5344
2005-08-04,0,91.5344,195.577,83.5988
2005-08-05,0,83.5988,175.107,78.956
2005-08-06,0,78.956,155.418,75.9111
2005-08-07,0,75.9111,132.869,71.4208
2005-08-08,11.6083,71.4208,115.015,69.9448
2005-08-09,3.02995,69.9448,101.374,103.047
2005-08-10,8.71978,103.047,91.5344,238.759
2005-08-11,0,238.759,83.5988,294.304
2005-08-12,0,294.304,78.956,225.499
2005-08-13,0,225.499,75.9111,175.107
2005-08-14,0,175.107,71.4208,140.252
2005-08-15,0,140.252,69.9448,122.051
2005-08-16,0,122.051,103.047,108.122
2005-08-17,0,108.122,238.759,98.0566
2005-08-18,11.4427,98.0566,294.304,91.5344
2005-08-19,0,91.5344,225.499,88.3309
2005-08-20,1.09264,88.3309,175.107,83.5988
2005-08-21,0.199701,83.5988,140.252,77.4285
2005-08-22,0,77.4285,122.051,72.9072
2005-08-23,0,72.9072,108.122,69.9448
2005-08-24,8.7422,69.9448,98.0566,67.0243
2005-08-25,0,67.0243,91.5344,72.9072
2005-08-26,7.03978,72.9072,88.3309,67.0243
2005-08-27,0,67.0243,83.5988,61.3117
2005-08-28,0,61.3117,77.4285,58.5208
2005-08-29,0,58.5208,72.9072,58.5208
2005-08-30,23.3847,58.5208,69.9448,55.7744
2005-08-31,58.4985,55.7744,67.0243,377.538
2005-09-01,9.66403,377.538,72.9072,887.766
2005-09-02,3.31019,887.766,67.0243,797.915
2005-09-03,0,797.915,61.3117,656.313
2005-09-04,81.1089,656.313,58.5208,732.912
2005-09-05,18.4934,732.912,58.5208,1127.73
2005-09-06,0.00471803,1127.73,55.7744,918.509
2005-09-07,0,918.509,377.538,772.39
2005-09-08,0,772.39,887.766,632.61
2005-09-09,0,632.61,797.915,582.929
2005-09-10,0,582.929,656.313,569.939
2005-09-11,19.1885,569.939,732.912,544.29
2005-09-12,23.3579,544.29,1127.73,676.889
2005-09-13,15.132,676.889,918.509,747.178
2005-09-14,21.9396,747.178,772.39,649.507
2005-09-15,1.5747,649.507,632.61,663.145
2005-09-16,0,663.145,582.929,656.313
2005-09-17,0,656.313,569.939,609.236
2005-09-18,0.182258,609.236,544.29,544.29
2005-09-19,0,544.29,676.889,704.692
2005-09-20,0,704.692,747.178,687.266
2005-09-21,0,687.266,649.507,602.618
2005-09-22,2.87343,602.618,663.145,488.218
2005-09-23,0.233401,488.218,656.313,425.734
2005-09-24,17.0793,425.734,609.236,388.682
2005-09-25,10.5197,388.682,544.29,355.615
2005-09-26,2.09097,355.615,704.692,589.465
2005-09-27,0,589.465,687.266,476.07
2005-09-28,0,476.07,602.618,388.682
2005-09-29,0,388.682,488.218,308.756
2005-09-30,26.0433,308.756,425.734,275.317
2005-10-01,9.78578,275.317,388.682,275.317
2005-10-02,1.08301,275.317,355.615,254.518
2005-10-03,0,254.518,589.465,229.861
2005-10-04,20.4381,229.861,476.07,212.471
2005-10-05,24.258,212.471,388.682,519.087
2005-10-06,0.772646,519.087,308.756,680.341
2005-10-07,6.91025,680.341,275.317,625.898
2005-10-08,15.9741,625.898,275.317,609.236
2005-10-09,0.504546,609.236,254.518,622.552
2005-10-10,0,622.552,229.861,569.939
2005-10-11,0.226629,569.939,212.471,512.857
2005-10-12,0.728656,512.857,519.087,428.636
2005-10-13,0,428.636,680.341,331.546
2005-10-14,6.63192,331.546,625.898,294.266
2005-10-15,0,294.266,609.236,284.738
2005-10-16,19.4908,284.738,622.552,268.323
2005-10-17,2.9725,268.323,569.939,311.194
2005-10-18,0,311.194,512.857,522.213
2005-10-19,0.128116,522.213,428.636,476.07
2005-10-20,0.612568,476.07,331.546,394.3
2005-10-21,0.481151,394.3,294.266,291.874
2005-10-22,0.0791112,291.874,284.738,254.518
2005-10-23,1.10156,254.518,268.323,234.28
2005-10-24,0.0705764,234.28,311.194,203.952
2005-10-25,8.86917,203.952,522.213,179.116
2005-10-26,2.64678,179.116,476.07,171.083
2005-10-27,14.5367,171.083,394.3,155.398
2005-10-28,47.2775,155.398,291.874,275.317
2005-10-29,6.09629,275.317,254.518,582.929
2005-10-30,0.313295,582.929,234.28,579.671
2005-10-31,1.08995,579.671,203.952,582.929
2005-11-01,0,582.929,179.116,531.633
2005-11-02,0.00251238,531.633,171.083,361.05
2005-11-03,0,361.05,155.398,361.05
2005-11-04,0,361.05,275.317,313.679
2005-11-05,5.69695,313.679,582.929,287.147
2005-11-06,18.645,287.147,579.671,243.236
2005-11-07,11.2598,243.236,582.929,383.095
2005-11-08,0,383.095,531.633,428.636
2005-11-09,0.235865,428.636,361.05,383.095
2005-11-10,0,383.095,361.05,311.234
2005-11-11,0.00310122,311.234,313.679,266.039
2005-11-12,0,266.039,287.147,234.31
2005-11-13,0,234.31,243.236,212.499
2005-11-14,3.38152,212.499,383.095,181.167
2005-11-15,4.11742,181.167,428.636,165.163
2005-11-16,4.79872,165.163,383.095,208.224
2005-11-17,13.7721,208.224,311.234,191.422
2005-11-18,0,191.422,266.039,189.356
2005-11-19,4.78904,189.356,234.31,183.203
2005-11-20,0,183.203,212.499,208.224
2005-11-21,0,208.224,181.167,177.119
2005-11-22,0.0139705,177.119,165.163,147.769
2005-11-23,0,147.769,208.224,129.228
2005-11-24,18.1326,129.228,191.422,118.515
2005-11-25,0,118.515,189.356,123.832
2005-11-26,0,123.832,183.203,134.702
2005-11-27,0,134.702,208.224,122.051
2005-11-28,0,122.051,177.119,108.122
2005-11-29,0,108.122,147.769,96.4118
2005-11-30,2.09536,96.4118,129.228,88.3309
2005-12-01,4.39711,88.3309,118.515,82.0412
2005-12-02,0,82.0412,123.832,86.7437
2005-12-03,0,86.7437,134.702,99.7108
2005-12-04,0,99.7108,122.051,85.1663
2005-12-05,6.50633,85.1663,108.122,78.956
2005-12-06,10.4718,78.956,96.4118,91.5344
2005-12-07,5.87699,91.5344,88.3309,99.7108
2005-12-08,0,99.7108,82.0412,83.5988
2005-12-09,0,83.5988,86.7437,71.4208
2005-12-10,4.35467,71.4208,99.7108,64.1464
2005-12-11,0,64.1464,85.1663,61.3117
2005-12-12,0,61.3117,78.956,58.5208
2005-12-13,0,58.5208,91.5344,54.4181
2005-12-14,0,54.4181,99.7108,55.7744
2005-12-15,5.93795,55.7744,83.5988,57.142
2005-12-16,6.83519,57.142,71.4208,55.7744
2005-12-17,8.15504,55.7744,64.1464,59.9107
2005-12-18,4.73636,59.9107,61.3117,78.956
2005-12-19,0,78.956,58.5208,75.9111
2005-12-20,9.733,75.9111,54.4181,104.73
2005-12-21,0.718316,104.73,55.7744,159.292
2005-12-22,9.23606,159.292,57.142,129.228
2005-12-23,14.7614,129.228,55.7744,93.1506
2005-12-24,9.66513,93.1506,59.9107,108.122
2005-12-25,0.175221,108.122,78.956,111.55
2005-12-26,0,111.55,75.9111,83.5988
2005-12-27,0,83.5988,104.73,64.1464
2005-12-28,0,64.1464,159.292,58.5208
2005-12-29,0.00395747,58.5208,129.228,51.7397
2005-12-30,0.0627407,51.7397,93.1506,51.7397
2005-12-31,10.1719,51.7397,108.122,47.8091
2006-01-01,23.198,47.8091,111.55,58.5208
2006-01-02,2.43513,58.5208,83.5988,75.9111
2006-01-03,1.71604,75.9111,64.1464,86.7437
2006-01-04,1.61798,86.7437,58.5208,98.0566
2006-01-05,6.27507,98.0566,51.7397,82.0412
2006-01-06,5.40814,82.0412,51.7397,69.9448
2006-01-07,2.63711,69.9448,47.8091,59.9107
2006-01-08,0,59.9107,58.5208,58.5208
2006-01-09,0.941178,58.5208,75.9111,50.4178
2006-01-10,0,50.4178,86.7437,42.7349
2006-01-11,0,42.7349,98.0566,33.1849
2006-01-12,0,33.1849,82.0412,28.7258
2006-01-13,3.63813,28.7258,69.9448,26.5795
2006-01-14,11.6827,26.5795,59.9107,26.5795
2006-01-15,0.10861,26.5795,58.5208,45.2478
2006-01-16,0,45.2478,50.4178,35.4952
2006-01-17,16.1505,35.4952,42.7349,41.4968
2006-01-18,13.4048,41.4968,33.1849,151.577
2006-01-19,6.91713,151.577,28.7258,94.7765
2006-01-20,6.59226,94.7765,26.5795,72.9072
2006-01-21,7.13665,72.9072,26.5795,57.142
2006-01-22,17.5393,57.142,45.2478,75.9111
2006-01-23,22.4286,75.9111,35.4952,151.577
2006-01-24,10.3834,151.577,41.4968,306.364
2006-01-25,17.9978,306.364,151.577,280.051
2006-01-26,0.699208,280.051,94.7765,238.759
2006-01-27,0.277261,238.759,72.9072,165.163
2006-01-28,6.57428,165.163,57.142,122.051
2006-01-29,0.243242,122.051,75.9111,98.0566
2006-01-30,0,98.0566,151.577,83.5988
2006-01-31,0.199569,83.5988,306.364,88.3309
2006-02-01,0.190259,88.3309,280.051,85.1663
2006-02-02,0,85.1663,238.759,74.404
2006-02-03,4.364,74.404,165.163,58.5208
2006-02-04,6.20641,58.5208,122.051,51.7397
2006-02-05,18.2531,51.7397,98.0566,71.4208
2006-02-06,0.590402,71.4208,83.5988,82.0412
2006-02-07,2.28403,82.0412,88.3309,62.7236
2006-02-08,0,62.7236,85.1663,65.58
2006-02-09,18.3521,65.58,74.404,72.9072
2006-02-10,2.21914,72.9072,58.5208,72.9072
2006-02-11,0,72.9072,51.7397,83.5988
2006-02-12,0,83.5988,71.4208,88.3309
2006-02-13,2.13387,88.3309,82.0412,78.956
2006-02-14,11.4376,78.956,62.7236,69.9448
2006-02-15,2.55134,69.9448,65.58,67.0243
2006-02-16,0.765474,67.0243,72.9072,64.1464
2006-02-17,0.0270004,64.1464,72.9072,67.0243
2006-02-18,12.8662,67.0243,83.5988,99.7108
2006-02-19,4.636,99.7108,88.3309,83.5988
2006-02-20,2.88728,83.5988,78.956,85.1663
2006-02-21,16.536,85.1663,69.9448,80.4936
2006-02-22,0.875051,80.4936,67.0243,115.015
2006-02-23,0,115.015,64.1464,122.051
2006-02-24,0,122.051,67.0243,89.9278
2006-02-25,0,89.9278,99.7108,80.4936
2006-02-26,0.0183278,80.4936,83.5988,71.4208
2006-02-27,0,71.4208,85.1663,55.7744
2006-02-28,0,55.7744,80.4936,47.8091
2006-03-01,2.97263,47.8091,115.015,42.7349
2006-03-02,6.11808,42.7349,122.051,47.8091
2006-03-03,28.5772,47.8091,89.9278,67.0243
2006-03-04,4.23744,67.0243,80.4936,83.5988
2006-03-05,0,83.5988,71.4208,108.122
2006-03-06,0,108.122,55.7744,88.3309
2006-03-07,0,88.3309,47.8091,64.1464
2006-03-08,0,64.1464,42.7349,50.4178
2006-03-09,3.7522,50.4178,47.8091,42.7349
2006-03-10,0.22478,42.7349,67.0243,41.4968
2006-03-11,0,41.4968,83.5988,83.5988
2006-03-12,0,83.5988,108.122,71.4208
2006-03-13,0,71.4208,88.3309,59.9107
2006-03-14,0,59.9107,64.1464,49.1075
2006-03-15,0,49.1075,50.4178,42.7349
2006-03-16,0,42.7349,42.7349,36.6699
2006-03-17,0,36.6699,41.4968,34.3335
2006-03-18,0,34.3335,83.5988,32.0498
2006-03-19,0,32.0498,71.4208,29.8201
2006-03-20,17.3631,29.8201,59.9107,28.7258
2006-03-21,5.71453,28.7258,49.1075,37.8576
2006-03-22,0,37.8576,42.7349,65.9324
2006-03-23,8.6236,65.9324,36.6699,48.7647
2006-03-24,5.63765,48.7647,34.3335,38.3547
2006-03-25,2.13003,38.3547,32.0498,48.7647
2006-03-26,0.0535161,48.7647,29.8201,95.2435
2006-03-27,0,95.2435,28.7258,163.177
2006-03-28,33.23,163.177,37.8576,106.661
2006-03-29,13.2672,106.661,65.9324,80.6716
2006-03-30,0,80.6716,48.7647,145.858
2006-03-31,0,145.858,38.3547,113.931
2006-04-01,0,113.931,48.7647,69.4325
2006-04-02,0,69.4325,95.2435,51.6324
2006-04-03,0.0737984,51.6324,163.177,38.3547
2006-04-04,0,38.3547,106.661,34.8702
2006-04-05,1.0868,34.8702,80.6716,32.6685
2006-04-06,0,32.6685,145.858,29.5429
2006-04-07,0.100351,29.5429,113.931,28.5472
2006-04-08,0,28.5472,69.4325,23.9027
2006-04-09,12.7228,23.9027,51.6324,25.6947
2006-04-10,4.87749,25.6947,38.3547,32.6685
2006-04-11,0.088554,32.6685,34.8702,57.701
2006-04-12,0,57.701,32.6685,26.6233
2006-04-13,0,26.6233,29.5429,19.0303
2006-04-14,0.112666,19.0303,28.5472,23.9027
2006-04-15,7.7762,23.9027,23.9027,20.5726
2006-04-16,0.0076124,20.5726,25.6947,17.5671
2006-04-17,0.035702,17.5671,32.6685,18.289
2006-04-18,0,18.289,57.701,16.8645
2006-04-19,0.0187366,16.8645,26.6233,16.1809
2006-04-20,0,16.1809,19.0303,16.1809
2006-04-21,7.45558,16.1809,23.9027,15.516
2006-04-22,0,15.516,20.5726,14.8696
2006-04-23,0,14.8696,17.5671,19.7914
2006-04-24,0,19.7914,18.289,18.289
2006-04-25,0.333092,18.289,16.8645,16.1809
2006-04-26,1.11731,16.1809,16.1809,13.6311
2006-04-27,0,13.6311,16.1809,13.6311
2006-04-28,0.0154385,13.6311,15.516,12.4634
2006-04-29,0,12.4634,14.8696,11.3644
2006-04-30,1.85968,11.3644,19.7914,10.8399
2006-05-01,1.38845,10.8399,18.289,9.3639
2006-05-02,0,9.3639,16.1809,8.9035
2006-05-03,0.0240554,8.9035,13.6311,8.9035
2006-05-04,0,8.9035,13.6311,8.4584
2006-05-05,0,8.4584,12.4634,7.6132
2006-05-06,0,7.6132,11.3644,8.4584
2006-05-07,0,8.4584,10.8399,7.6132
2006-05-08,0.00680569,7.6132,9.3639,7.6132
2006-05-09,0.560047,7.6132,8.9035,7.2126
2006-05-10,0.00328172,7.2126,8.9035,8.4584
2006-05-11,0.432078,8.4584,8.4584,8.4584
2006-05-12,0,8.4584,7.6132,8.0284
2006-05-13,0,8.0284,8.4584,9.84
2006-05-14,0,9.84,7.6132,10.8399
2006-05-15,0,10.8399,7.6132,9.3639
2006-05-16,0.674358,9.3639,7.2126,7.6132
2006-05-17,0,7.6132,8.4584,6.8263
2006-05-18,0,6.8263,8.4584,7.2126
2006-05-19,1.3871,7.2126,8.0284,6.0956
2006-05-20,17.7749,6.0956,9.84,6.4541
2006-05-21,1.26396,6.4541,10.8399,8.4584
2006-05-22,0.720559,8.4584,9.3639,10.3319
2006-05-23,0,10.3319,7.6132,13.6311
2006-05-24,0,13.6311,6.8263,13.0386
2006-05-25,0,13.0386,7.2126,11.3644
2006-05-26,0,11.3644,6.0956,10.8399
2006-05-27,0,10.8399,6.4541,10.3319
2006-05-28,0,10.3319,8.4584,9.3639
2006-05-29,0.0233584,9.3639,10.3319,8.4584
2006-05-30,0,8.4584,13.6311,6.8263
2006-05-31,0.00470507,6.8263,13.0386,8.0284
2006-06-01,0,8.0284,11.3644,7.6132
2006-06-02,0.0408505,7.6132,10.8399,6.8263
2006-06-03,0.0156443,6.8263,10.3319,6.8263
2006-06-04,2.59162,6.8263,9.3639,6.8263
2006-06-05,0.267297,6.8263,8.4584,6.4541
2006-06-06,0,6.4541,6.8263,6.4541
2006-06-07,0.865167,6.4541,8.0284,6.8263
2006-06-08,0,6.8263,7.6132,6.8263
2006-06-09,0,6.8263,6.8263,6.8263
2006-06-10,0,6.8263,6.8263,6.4541
2006-06-11,0,6.4541,6.8263,6.4541
2006-06-12,0,6.4541,6.4541,6.0956
2006-06-13,0,6.0956,6.4541,6.0956
2006-06-14,0,6.0956,6.8263,6.4541
2006-06-15,0,6.4541,6.8263,6.0956
2006-06-16,0,6.0956,6.8263,6.8263
2006-06-17,0,6.8263,6.4541,5.419
2006-06-18,0,5.419,6.4541,6.0956
2006-06-19,0,6.0956,6.0956,5.419
2006-06-20,0,5.419,6.0956,5.419
2006-06-21,9.53093,5.419,6.4541,5.1003
2006-06-22,8.59196,5.1003,6.0956,8.0284
2006-06-23,0,8.0284,6.8263,14.2414
2006-06-24,0,14.2414,5.419,14.8696
2006-06-25,0.413087,14.8696,6.0956,13.0386
2006-06-26,10.7418,13.0386,5.419,8.4584
2006-06-27,0,8.4584,5.419,10.8399
2006-06-28,0,10.8399,5.1003,13.6311
2006-06-29,9.52408,13.6311,8.0284,12.4634
2006-06-30,0,12.4634,14.2414,9.3639
2006-07-01,0.904238,9.3639,14.8696,7.6132
2006-07-02,0.589502,7.6132,13.0386,6.8263
2006-07-03,0,6.8263,8.4584,6.4541
2006-07-04,0,6.4541,10.8399,5.7506
2006-07-05,0,5.7506,13.6311,5.419
2006-07-06,0,5.419,12.4634,5.1003
2006-07-07,0,5.1003,9.3639,4.7943
2006-07-08,0,4.7943,7.6132,4.7943
2006-07-09,3.12457,4.7943,6.8263,4.5009
2006-07-10,1.77231,4.5009,6.4541,4.5009
2006-07-11,0,4.5009,5.7506,6.0956
2006-07-12,0,6.0956,5.419,8.4584
2006-07-13,0,8.4584,5.1003,6.8263
2006-07-14,0.0878515,6.8263,4.7943,5.7506
2006-07-15,0.247485,5.7506,4.7943,5.419
2006-07-16,0,5.419,4.5009,4.7943
2006-07-17,0,4.7943,4.5009,4.7943
2006-07-18,0,4.7943,6.0956,5.419
2006-07-19,0,5.419,8.4584,5.1003
2006-07-20,0,5.1003,6.8263,4.7943
2006-07-21,0,4.7943,5.7506,4.5009
2006-07-22,0,4.5009,5.419,7.6132
2006-07-23,0,7.6132,4.7943,4.5009
2006-07-24,0,4.5009,4.7943,2.9878
2006-07-25,1.05697,2.9878,5.419,3.2118
2006-07-26,11.2124,3.2118,5.1003,2.7745
2006-07-27,10.3798,2.7745,4.7943,3.6929
2006-07-28,16.9466,3.6929,4.5009,4.2197
2006-07-29,9.09634,4.2197,7.6132,37.1686
2006-07-30,0,37.1686,4.5009,47.3715
2006-07-31,0,47.3715,2.9878,38.3547
2006-08-01,0.00495087,38.3547,3.2118,18.289
2006-08-02,0,18.289,2.7745,19.7914
2006-08-03,0,19.7914,3.6929,8.4584
2006-08-04,0,8.4584,4.2197,6.8263
2006-08-05,0.0478307,6.8263,37.1686,5.7506
2006-08-06,0.0323563,5.7506,47.3715,5.419
2006-08-07,0,5.419,38.3547,4.2197
2006-08-08,0,4.2197,18.289,4.5009
2006-08-09,0,4.5009,19.7914,4.2197
2006-08-10,0.437462,4.2197,8.4584,4.2197
2006-08-11,0.03522,4.2197,6.8263,3.9504
2006-08-12,0,3.9504,5.7506,3.4468
2006-08-13,0,3.4468,5.419,3.2118
2006-08-14,0.129718,3.2118,4.2197,2.5716
2006-08-15,12.7013,2.5716,4.5009,2.7745
2006-08-16,43.2572,2.7745,4.2197,7.2126
2006-08-17,2.65515,7.2126,4.2197,280.014
2006-08-18,17.5063,280.014,3.9504,266.005
2006-08-19,0.00499414,266.005,3.4468,143.975
2006-08-20,0,143.975,3.2118,71.2281
2006-08-21,0,71.2281,2.5716,43.3516
2006-08-22,0,43.3516,2.7745,29.5429
2006-08-23,0,29.5429,7.2126,18.289
2006-08-24,0,18.289,280.014,18.289
2006-08-25,0,18.289,266.005,14.8696
2006-08-26,3.1564,14.8696,143.975,13.6311
2006-08-27,2.68624,13.6311,71.2281,13.6311
2006-08-28,0,13.6311,43.3516,11.3644
2006-08-29,0,11.3644,29.5429,10.3319
2006-08-30,0,10.3319,18.289,9.3639
2006-08-31,2.25503,9.3639,18.289,8.4584
2006-09-01,22.1702,8.4584,14.8696,13.0386
2006-09-02,18.8121,13.0386,13.6311,60.9059
2006-09-03,0,60.9059,13.6311,191.397
2006-09-04,0,191.397,11.3644,129.447
2006-09-05,0,129.447,10.3319,65.9324
2006-09-06,0,65.9324,9.3639,40.8022
2006-09-07,0,40.8022,8.4584,30.5615
2006-09-08,0.340999,30.5615,13.0386,25.6947
2006-09-09,10.2381,25.6947,60.9059,22.196
2006-09-10,0,22.196,191.397,25.6947
2006-09-11,0,25.6947,129.447,29.5429
2006-09-12,0,29.5429,65.9324,25.6947
2006-09-13,0.252397,25.6947,40.8022,19.0303
2006-09-14,0,19.0303,30.5615,19.0303
2006-09-15,5.77551,19.0303,25.6947,14.2414
2006-09-16,12.8031,14.2414,22.196,19.0303
2006-09-17,1.63,19.0303,25.6947,27.574
2006-09-18,0,27.574,29.5429,31.6033
2006-09-19,0.00655556,31.6033,25.6947,27.574
2006-09-20,14.0007,27.574,19.0303,23.9027
2006-09-21,0,23.9027,19.0303,29.5429
2006-09-22,0,29.5429,14.2414,38.3547
2006-09-23,9.36829,38.3547,19.0303,33.7574
2006-09-24,2.39464,33.7574,27.574,25.6947
2006-09-25,0,25.6947,31.6033,22.196
2006-09-26,0,22.196,27.574,20.5726
2006-09-27,0,20.5726,23.9027,16.1809
2006-09-28,0.0812945,16.1809,29.5429,13.6311
2006-09-29,8.54186,13.6311,38.3547,13.0386
2006-09-30,0,13.0386,33.7574,14.2414
2006-10-01,20.4812,14.2414,25.6947,19.7914
2006-10-02,1.15827,19.7914,22.196,109.049
2006-10-03,0,109.049,20.5726,167.114
2006-10-04,0.116444,167.114,16.1809,140.234
2006-10-05,20.0187,140.234,13.6311,80.6716
2006-10-06,7.4781,80.6716,13.0386,57.701
2006-10-07,0.246955,57.701,14.2414,86.7195
2006-10-08,0,86.7195,19.7914,60.9059
2006-10-09,0,60.9059,109.049,48.7647
2006-10-10,0,48.7647,167.114,36.0071
2006-10-11,19.7724,36.0071,140.234,32.6685
2006-10-12,1.52682,32.6685,80.6716,59.289
2006-10-13,0,59.289,57.701,116.426
2006-10-14,0,116.426,86.7195,104.309
2006-10-15,8.52347,104.309,60.9059,67.6673
2006-10-16,3.73956,67.6673,48.7647,116.426
2006-10-17,0,116.426,36.0071,134.916
2006-10-18,0,134.916,32.6685,84.6711
2006-10-19,0,84.6711,59.289,64.2273
2006-10-20,0,64.2273,116.426,50.1849
2006-10-21,0,50.1849,104.309,40.8022
2006-10-22,0,40.8022,67.6673,34.8702
2006-10-23,0.00344837,34.8702,116.426,32.6685
2006-10-24,0,32.6685,134.916,27.574
2006-10-25,0,27.574,84.6711,23.0388
2006-10-26,0.240527,23.0388,64.2273,19.0303
2006-10-27,0.0735941,19.0303,50.1849,18.289
2006-10-28,0,18.289,40.8022,13.6311
2006-10-29,0,13.6311,34.8702,12.4634
2006-10-30,3.34841,12.4634,32.6685,10.3319
2006-10-31,3.75892,10.3319,27.574,9.3639
2006-11-01,6.11849,9.3639,23.0388,10.3319
2006-11-02,0.0436935,10.3319,19.0303,12.4634
2006-11-03,0.119959,12.4634,18.289,29.5429
2006-11-04,0,29.5429,13.6311,33.7574
2006-11-05,0,33.7574,12.4634,22.196
2006-11-06,7.41925,22.196,10.3319,21.374
2006-11-07,0,21.374,9.3639,32.6685
2006-11-08,0,32.6685,10.3319,43.3516
2006-11-09,1.83672,43.3516,12.4634,30.5615
2006-11-10,0,30.5615,29.5429,27.574
2006-11-11,0,27.574,33.7574,16.1809
2006-11-12,0,16.1809,22.196,11.9054
2006-11-13,0,11.9054,21.374,8.9035
2006-11-14,0,8.9035,32.6685,7.6132
2006-11-15,0,7.6132,43.3516,7.6132
2006-11-16,0,7.6132,30.5615,7.6132
2006-11-17,16.1924,7.6132,27.574,7.6132
2006-11-18,49.0692,7.6132,16.1809,9.3639
2006-11-19,38.5984,9.3639,11.9054,143.975
2006-11-20,0,143.975,8.9035,321.052
2006-11-21,0,321.052,7.6132,361.05
2006-11-22,0,361.05,7.6132,296.665
2006-11-23,0,296.665,7.6132,193.471
2006-11-24,3.28675,193.471,7.6132,111.472
2006-11-25,1.40844,111.472,9.3639,71.2281
2006-11-26,18.6031,71.2281,143.975,57.701
2006-11-27,7.24213,57.701,321.052,82.6552
2006-11-28,2.16708,82.6552,361.05,116.426
2006-11-29,0,116.426,296.665,183.179
2006-11-30,0,183.179,193.471,199.737
2006-12-01,0,199.737,111.472,161.22
2006-12-02,0,161.22,71.2281,113.931
2006-12-03,0.118461,113.931,57.701,78.7199
2006-12-04,1.82318,78.7199,82.6552,59.289
2006-12-05,1.8608,59.289,116.426,56.1416
2006-12-06,36.9361,56.1416,183.179,48.7647
2006-12-07,0.106671,48.7647,199.737,137.707
2006-12-08,0,137.707,161.22,159.272
2006-12-09,0.0274676,159.272,113.931,113.931
2006-12-10,0,113.931,78.7199,69.4325
2006-12-11,0,69.4325,59.289,71.2281
2006-12-12,0,71.2281,56.1416,59.289
2006-12-13,0,59.289,48.7647,51.6324
2006-12-14,0.035333,51.6324,137.707,43.3516
2006-12-15,2.84958,43.3516,159.272,38.3547
2006-12-16,0,38.3547,113.931,31.6033
2006-12-17,1.15754,31.6033,69.4325,36.0071
2006-12-18,10.6039,36.0071,71.2281,34.8702
2006-12-19,17.3249,34.8702,59.289,25.6947
2006-12-20,15.4927,25.6947,51.6324,48.7647
2006-12-21,10.4841,48.7647,43.3516,171.083
2006-12-22,0.569689,171.083,38.3547,183.179
2006-12-23,0.617165,183.179,31.6033,143.975
2006-12-24,24.4154,143.975,36.0071,109.049
2006-12-25,8.53265,109.049,34.8702,99.7073
2006-12-26,8.20027,99.7073,25.6947,221.108
2006-12-27,0,221.108,48.7647,173.08
2006-12-28,0,173.08,171.083,118.957
2006-12-29,0.0136243,118.957,183.179,78.7199
2006-12-30,0,78.7199,143.975,60.9059
2006-12-31,0,60.9059,109.049,46.0051
2007-01-01,0,46.0051,99.7073,37.1686
2007-01-02,2.02819,37.1686,221.108,32.6685
2007-01-03,1.98953,32.6685,173.08,29.5429
2007-01-04,7.18369,29.5429,118.957,31.6033
2007-01-05,15.9627,31.6033,78.7199,34.8702
2007-01-06,15.1215,34.8702,60.9059,95.2435
2007-01-07,0,95.2435,46.0051,149.65
2007-01-08,0,149.65,37.1686,129.447
2007-01-09,0.0615878,129.447,32.6685,84.6711
2007-01-10,0,84.6711,29.5429,69.4325
2007-01-11,17.3116,69.4325,31.6033,54.6105
2007-01-12,8.66046,54.6105,34.8702,69.4325
2007-01-13,0,69.4325,95.2435,134.916
2007-01-14,0,134.916,149.65,109.049
2007-01-15,0,109.049,129.447,59.289
2007-01-16,0,59.289,84.6711,43.3516
2007-01-17,0.198546,43.3516,69.4325,31.6033
2007-01-18,0,31.6033,54.6105,27.574
2007-01-19,7.56086,27.574,69.4325,26.6233
2007-01-20,29.2239,26.6233,134.916,26.6233
2007-01-21,0,26.6233,109.049,179.116
2007-01-22,0,179.116,59.289,214.619
2007-01-23,0,214.619,43.3516,147.75
2007-01-24,0,147.75,31.6033,74.9116
2007-01-25,0,74.9116,27.574,48.7647
2007-01-26,12.0809,48.7647,26.6233,38.3547
2007-01-27,4.24233,38.3547,26.6233,62.5519
2007-01-28,37.3604,62.5519,179.116,109.049
2007-01-29,0.0966719,109.049,214.619,199.737
2007-01-30,0,199.737,147.75,287.11
2007-01-31,0,287.11,74.9116,294.266
2007-02-01,0.0433636,294.266,48.7647,238.728
2007-02-02,0,238.728,38.3547,181.144
2007-02-03,0,181.144,62.5519,124.128
2007-02-04,0,124.128,109.049,74.9116
2007-02-05,2.55095,74.9116,199.737,53.1076
2007-02-06,16.8905,53.1076,287.11,90.9149
2007-02-07,0,90.9149,294.266,179.116
2007-02-08,0,179.116,238.728,126.769
2007-02-09,0,126.769,181.144,104.309
2007-02-10,11.0291,104.309,124.128,86.7195
2007-02-11,5.25989,86.7195,74.9116,99.7073
2007-02-12,0,99.7073,53.1076,90.9149
2007-02-13,0,90.9149,90.9149,67.6673
2007-02-14,0,67.6673,179.116,51.6324
2007-02-15,0,51.6324,126.769,39.5658
2007-02-16,0,39.5658,104.309,39.5658
2007-02-17,7.05415,39.5658,86.7195,32.6685
2007-02-18,43.0759,32.6685,99.7073,30.5615
2007-02-19,8.50397,30.5615,90.9149,43.3516
2007-02-20,0,43.3516,67.6673,177.096
2007-02-21,7.96382,177.096,51.6324,155.398
2007-02-22,1.1311,155.398,39.5658,313.639
2007-02-23,3.40123,313.639,39.5658,323.664
2007-02-24,47.9204,323.664,32.6685,268.323
2007-02-25,17.7993,268.323,30.5615,525.346
2007-02-26,0,525.346,43.3516,476.07
2007-02-27,0,476.07,177.096,363.779
2007-02-28,0.14747,363.779,155.398,275.317
2007-03-01,0.973703,275.317,313.639,221.108
2007-03-02,16.2699,221.108,323.664,189.331
2007-03-03,10.325,189.331,268.323,318.547
2007-03-04,0.377981,318.547,525.346,326.283
2007-03-05,8.08134,326.283,476.07,326.283
2007-03-06,5.85429,326.283,363.779,277.663
2007-03-07,0.0386322,277.663,275.317,216.775
2007-03-08,0.0319676,216.775,221.108,161.22
2007-03-09,3.45815,161.22,189.331,121.524
2007-03-10,6.35174,121.524,318.547,214.619
2007-03-11,3.37751,214.619,326.283,165.142
2007-03-12,10.4844,165.142,326.283,199.737
2007-03-13,29.6831,199.737,277.663,183.179
2007-03-14,4.90694,183.179,216.775,303.9
2007-03-15,8.28322,303.9,161.22,306.325
2007-03-16,0.522097,306.325,121.524,284.738
2007-03-17,18.6672,284.738,214.619,272.979
2007-03-18,15.6036,272.979,165.142,405.626
2007-03-19,0,405.626,199.737,461.047
2007-03-20,0,461.047,183.179,383.095
2007-03-21,0,383.095,303.9,318.547
2007-03-22,0.0246884,318.547,306.325,268.323
2007-03-23,0,268.323,284.738,238.728
2007-03-24,0.0449949,238.728,272.979,208.197
2007-03-25,11.4492,208.197,405.626,165.142
2007-03-26,12.4944,165.142,461.047,126.769
2007-03-27,7.00763,126.769,383.095,159.272
2007-03-28,1.06423,159.272,318.547,129.447
2007-03-29,0,129.447,268.323,86.7195
2007-03-30,0,86.7195,238.728,71.2281
2007-03-31,1.60829,71.2281,208.197,60.9059
2007-04-01,5.27846,60.9059,165.142,82.6552
2007-04-02,2.40232,82.6552,126.769,60.9059
2007-04-03,12.6262,60.9059,159.272,54.6105
2007-04-04,7.64539,54.6105,129.447,95.2435
2007-04-05,0.50549,95.2435,86.7195,109.049
2007-04-06,0.591007,109.049,71.2281,71.2281
2007-04-07,0.60127,71.2281,60.9059,54.6105
2007-04-08,2.35951,54.6105,82.6552,44.6652
2007-04-09,0,44.6652,60.9059,40.8022
2007-04-10,0,40.8022,54.6105,44.6652
2007-04-11,0,44.6652,95.2435,38.3547
2007-04-12,3.79817,38.3547,109.049,32.6685
2007-04-13,0.343781,32.6685,71.2281,31.6033
2007-04-14,0,31.6033,54.6105,31.6033
2007-04-15,8.86834,31.6033,44.6652,31.6033
2007-04-16,0,31.6033,40.8022,31.6033
2007-04-17,0,31.6033,44.6652,33.7574
2007-04-18,0,33.7574,38.3547,34.8702
2007-04-19,0,34.8702,32.6685,29.5429
2007-04-20,0,29.5429,31.6033,25.6947
2007-04-21,0,25.6947,31.6033,22.196
2007-04-22,0,22.196,31.6033,22.196
2007-04-23,0,22.196,31.6033,20.5726
2007-04-24,5.08463,20.5726,33.7574,20.5726
2007-04-25,13.7821,20.5726,34.8702,22.196
2007-04-26,32.3045,22.196,29.5429,67.6673
2007-04-27,1.07468,67.6673,25.6947,199.737
2007-04-28,0,199.737,22.196,238.728
2007-04-29,0.0489299,238.728,22.196,187.273
2007-04-30,0,187.273,20.5726,147.75
2007-05-01,0,147.75,20.5726,126.769
2007-05-02,9.2074,126.769,22.196,104.309
2007-05-03,0.0370237,104.309,67.6673,78.7199
2007-05-04,0.0477223,78.7199,199.737,56.1416
2007-05-05,0,56.1416,238.728,43.3516
2007-05-06,0.18663,43.3516,187.273,38.3547
2007-05-07,20.3835,38.3547,147.75,34.8702
2007-05-08,30.348,34.8702,126.769,82.6552
2007-05-09,0.78846,82.6552,104.309,249.971
2007-05-10,0,249.971,78.7199,234.28
2007-05-11,0,234.28,56.1416,183.179
2007-05-12,0,183.179,43.3516,153.474
2007-05-13,6.71685,153.474,38.3547,140.234
2007-05-14,1.43511,140.234,34.8702,163.177
2007-05-15,0,163.177,82.6552,216.775
2007-05-16,9.82243,216.775,249.971,171.083
2007-05-17,22.0506,171.083,234.28,199.737
2007-05-18,31.1826,199.737,183.179,649.507
2007-05-19,0.0234985,649.507,153.474,629.251
2007-05-20,1.15621,629.251,140.234,531.633
2007-05-21,14.8892,531.633,163.177,544.29
2007-05-22,31.1663,544.29,216.775,891.587
2007-05-23,16.4669,891.587,171.083,776.018
2007-05-24,0,776.018,199.737,652.907
2007-05-25,0,652.907,649.507,544.29
2007-05-26,0,544.29,629.251,473.051
2007-05-27,0.0466397,473.051,531.633,425.734
2007-05-28,0,425.734,544.29,372.011
2007-05-29,0,372.011,891.587,299.07
2007-05-30,0,299.07,776.018,254.518
2007-05-31,0,254.518,652.907,243.204
2007-06-01,9.58404,243.204,544.29,229.861
2007-06-02,0.197111,229.861,473.051,234.28
2007-06-03,0.174551,234.28,425.734,221.108
2007-06-04,0,221.108,372.011,187.273
2007-06-05,0,187.273,299.07,159.272
2007-06-06,0,159.272,254.518,132.163
2007-06-07,0.545807,132.163,243.204,99.7073
2007-06-08,5.68708,99.7073,229.861,113.931
2007-06-09,0.144479,113.931,234.28,116.426
2007-06-10,0.0216693,116.426,221.108,95.2435
2007-06-11,1.31984,95.2435,187.273,76.8
2007-06-12,2.22728,76.8,159.272,69.4325
2007-06-13,0.026745,69.4325,132.163,65.9324
2007-06-14,1.2456,65.9324,99.7073,59.289
2007-06-15,0,59.289,113.931,57.701
2007-06-16,0,57.701,116.426,54.6105
2007-06-17,0,54.6105,95.2435,48.7647
2007-06-18,0.676817,48.7647,76.8,46.0051
2007-06-19,0,46.0051,69.4325,46.0051
2007-06-20,0,46.0051,65.9324,43.3516
2007-06-21,0,43.3516,59.289,43.3516
2007-06-22,0,43.3516,57.701,43.3516
2007-06-23,0.695834,43.3516,54.6105,40.8022
2007-06-24,2.44113,40.8022,48.7647,38.3547
2007-06-25,1.54958,38.3547,46.0051,38.3547
2007-06-26,12.1237,38.3547,46.0051,36.0071
2007-06-27,5.203,36.0071,43.3516,36.0071
2007-06-28,0,36.0071,43.3516,40.8022
2007-06-29,0,40.8022,43.3516,46.0051
2007-06-30,0,46.0051,40.8022,40.8022
2007-07-01,0,40.8022,38.3547,37.1686
2007-07-02,0,37.1686,38.3547,31.6033
2007-07-03,0,31.6033,36.0071,31.6033
2007-07-04,0,31.6033,36.0071,31.6033
2007-07-05,0,31.6033,40.8022,29.5429
2007-07-06,0,29.5429,46.0051,29.5429
2007-07-07,0,29.5429,40.8022,29.5429
2007-07-08,10.0278,29.5429,37.1686,27.574
2007-07-09,30.6184,27.574,31.6033,210.33
2007-07-10,2.64883,210.33,31.6033,494.335
2007-07-11,10.6609,494.335,31.6033,411.334
2007-07-12,11.4091,411.334,29.5429,247.709
2007-07-13,0,247.709,29.5429,254.518
2007-07-14,3.20889,254.518,29.5429,284.738
2007-07-15,0,284.738,27.574,261.389
2007-07-16,4.62314,261.389,210.33,208.197
2007-07-17,4.69819,208.197,494.335,167.114
2007-07-18,6.0886,167.114,411.334,187.273
2007-07-19,0,187.273,247.709,214.619
2007-07-20,0,214.619,254.518,179.116
2007-07-21,0,179.116,284.738,151.558
2007-07-22,22.1586,151.558,261.389,143.975
2007-07-23,10.6053,143.975,208.197,683.8
2007-07-24,9.54919,683.8,167.114,589.465
2007-07-25,16.2408,589.465,187.273,596.028
2007-07-26,0,596.028,214.619,476.07
2007-07-27,0,476.07,179.116,383.095
2007-07-28,0,383.095,151.558,316.09
2007-07-29,0,316.09,143.975,240.963
2007-07-30,3.02699,240.963,683.8,208.197
2007-07-31,0,208.197,589.465,175.084
2007-08-01,0,175.084,596.028,151.558
2007-08-02,1.79599,151.558,476.07,140.234
2007-08-03,0.0994715,140.234,383.095,140.234
2007-08-04,0.175509,140.234,316.09,140.234
2007-08-05,6.52404,140.234,240.963,124.128
2007-08-06,2.66392,124.128,208.197,104.309
2007-08-07,0.404659,104.309,175.084,95.2435
2007-08-08,0.166233,95.2435,151.558,86.7195
2007-08-09,0.0168199,86.7195,140.234,80.6716
2007-08-10,10.4545,80.6716,140.234,74.9116
2007-08-11,0.0817772,74.9116,140.234,71.2281
2007-08-12,0.0870725,71.2281,124.128,65.9324
2007-08-13,0.690568,65.9324,104.309,60.9059
2007-08-14,1.34981,60.9059,95.2435,57.701
2007-08-15,0.299558,57.701,86.7195,57.701
2007-08-16,0,57.701,80.6716,48.7647
2007-08-17,0,48.7647,74.9116,51.6324
2007-08-18,0,51.6324,71.2281,48.7647
2007-08-19,0,48.7647,65.9324,47.3715
2007-08-20,0,47.3715,60.9059,44.6652
2007-08-21,0,44.6652,57.701,43.3516
2007-08-22,0,43.3516,57.701,38.3547
2007-08-23,0,38.3547,48.7647,36.0071
2007-08-24,0,36.0071,51.6324,37.1686
2007-08-25,0,37.1686,48.7647,37.1686
2007-08-26,0,37.1686,47.3715,34.8702
2007-08-27,0.0162696,34.8702,44.6652,36.0071
2007-08-28,0.337361,36.0071,43.3516,39.5658
2007-08-29,0.741775,39.5658,38.3547,38.3547
2007-08-30,3.10523,38.3547,36.0071,37.1686
2007-08-31,40.4401,37.1686,37.1686,328.91
2007-09-01,1.88247,328.91,37.1686,872.542
2007-09-02,0.55074,872.542,34.8702,725.818
2007-09-03,0.130687,725.818,36.0071,476.07
2007-09-04,0,476.07,39.5658,347.522
2007-09-05,0,347.522,38.3547,268.323
2007-09-06,0,268.323,37.1686,232.067
2007-09-07,0,232.067,328.91,173.08
2007-09-08,0,173.08,872.542,124.128
2007-09-09,0,124.128,725.818,101.991
2007-09-10,0,101.991,476.07,90.9149
2007-09-11,0,90.9149,347.522,80.6716
2007-09-12,0,80.6716,268.323,71.2281
2007-09-13,0,71.2281,232.067,65.9324
2007-09-14,0.26078,65.9324,173.08,59.289
2007-09-15,0.694685,59.289,124.128,57.701
2007-09-16,0.0171339,57.701,101.991,53.1076
2007-09-17,7.93672,53.1076,90.9149,51.6324
2007-09-18,2.47799,51.6324,80.6716,51.6324
2007-09-19,0.63892,51.6324,71.2281,57.701
2007-09-20,12.2186,57.701,65.9324,62.5519
2007-09-21,33.3773,62.5519,59.289,104.309
2007-09-22,35.8608,104.309,57.701,328.91
2007-09-23,16.1487,328.91,53.1076,388.682
2007-09-24,4.50326,388.682,51.6324,417.072
2007-09-25,1.56863,417.072,51.6324,372.011
2007-09-26,0,372.011,57.701,243.204
2007-09-27,0.416372,243.204,62.5519,189.331
2007-09-28,0,189.331,104.309,318.547
2007-09-29,0,318.547,328.91,270.647
2007-09-30,0,270.647,388.682,225.47
2007-10-01,0,225.47,417.072,163.177
2007-10-02,0,163.177,372.011,134.916
2007-10-03,0,134.916,243.204,116.426
2007-10-04,1.30047,116.426,189.331,99.7073
2007-10-05,0.142102,99.7073,318.547,90.9149
2007-10-06,0,90.9149,270.647,84.6711
2007-10-07,0.125491,84.6711,225.47,78.7199
2007-10-08,0,78.7199,163.177,78.7199
2007-10-09,0,78.7199,134.916,74.9116
2007-10-10,4.30534,74.9116,116.426,74.9116
2007-10-11,4.90147,74.9116,99.7073,69.4325
2007-10-12,17.0789,69.4325,90.9149,78.7199
2007-10-13,12.5412,78.7199,84.6711,191.397
2007-10-14,4.96524,191.397,78.7199,236.501
2007-10-15,8.98184,236.501,78.7199,225.47
2007-10-16,27.7407,225.47,74.9116,372.011
2007-10-17,4.76667,372.011,74.9116,849.891
2007-10-18,4.96127,849.891,69.4325,652.907
2007-10-19,7.02258,652.907,78.7199,563.485
2007-10-20,4.21061,563.485,191.397,488.218
2007-10-21,26.2503,488.218,236.501,512.857
2007-10-22,0.0825491,512.857,225.47,417.072
2007-10-23,0,417.072,372.011,301.482
2007-10-24,1.03792,301.482,849.891,221.108
2007-10-25,0,221.108,652.907,193.471
2007-10-26,0,193.471,563.485,165.142
2007-10-27,2.60621,165.142,488.218,149.65
2007-10-28,2.16427,149.65,512.857,134.916
2007-10-29,28.5505,134.916,417.072,140.234
2007-10-30,12.2081,140.234,301.482,318.547
2007-10-31,4.63688,318.547,221.108,405.626
2007-11-01,52.6786,405.626,193.471,428.636
2007-11-02,9.36211,428.636,165.142,740.032
2007-11-03,1.04771,740.032,149.65,1045.36
2007-11-04,0,1045.36,134.916,704.692
2007-11-05,0,704.692,140.234,666.571
2007-11-06,0,666.571,318.547,589.465
2007-11-07,0,589.465,405.626,544.29
2007-11-08,0,544.29,428.636,458.064
2007-11-09,8.40201,458.064,740.032,383.095
2007-11-10,3.51994,383.095,1045.36,347.522
2007-11-11,13.3237,347.522,704.692,296.665
2007-11-12,0.770511,296.665,666.571,234.28
2007-11-13,0,234.28,589.465,191.397
2007-11-14,17.8492,191.397,544.29,191.397
2007-11-15,0,191.397,458.064,203.952
2007-11-16,0,203.952,383.095,187.273
2007-11-17,0,187.273,347.522,147.75
2007-11-18,14.5473,147.75,296.665,126.769
2007-11-19,0.010136,126.769,234.28,134.916
2007-11-20,0,134.916,191.397,129.447
2007-11-21,0,129.447,191.397,113.931
2007-11-22,0,113.931,203.952,90.9149
2007-11-23,0,90.9149,187.273,78.7199
2007-11-24,0,78.7199,147.75,67.6673
2007-11-25,0.0202013,67.6673,126.769,64.2273
2007-11-26,0.114782,64.2273,134.916,73.0543
2007-11-27,0,73.0543,129.447,62.5519
2007-11-28,0,62.5519,113.931,54.6105
2007-11-29,0,54.6105,90.9149,48.7647
2007-11-30,0,48.7647,78.7199,43.3516
2007-12-01,0,43.3516,67.6673,38.3547
2007-12-02,0,38.3547,64.2273,34.8702
2007-12-03,1.78692,34.8702,73.0543,33.7574
2007-12-04,3.39516,33.7574,62.5519,37.1686
2007-12-05,16.4387,37.1686,54.6105,43.3516
2007-12-06,19.5731,43.3516,48.7647,218.938
2007-12-07,0,218.938,43.3516,366.515
2007-12-08,0,366.515,38.3547,323.664
2007-12-09,0,323.664,34.8702,254.518
2007-12-10,0.0432824,254.518,33.7574,216.775
2007-12-11,23.7923,216.775,37.1686,195.552
2007-12-12,0.0245942,195.552,43.3516,252.241
2007-12-13,0,252.241,218.938,212.471
2007-12-14,0,212.471,366.515,175.084
2007-12-15,0,175.084,323.664,132.163
2007-12-16,0,132.163,254.518,86.7195
2007-12-17,0,86.7195,216.775,65.9324
2007-12-18,12.1112,65.9324,195.552,59.289
2007-12-19,24.694,59.289,252.241,65.9324
2007-12-20,0.0878328,65.9324,212.471,84.6711
2007-12-21,0.170454,84.6711,175.084,90.9149
2007-12-22,0.0247423,90.9149,132.163,73.0543
2007-12-23,1.67135,73.0543,86.7195,60.9059
2007-12-24,2.22281,60.9059,65.9324,48.7647
2007-12-25,9.10727,48.7647,59.289,50.1849
2007-12-26,5.69613,50.1849,65.9324,74.9116
2007-12-27,6.91583,74.9116,84.6711,111.472
2007-12-28,20.0657,111.472,90.9149,183.179
2007-12-29,12.6184,183.179,73.0543,181.144
2007-12-30,18.2232,181.144,60.9059,151.558
2007-12-31,3.89561,151.558,48.7647,145.858
2008-01-01,13.558,145.858,50.1849,111.472
2008-01-02,5.69951,111.472,74.9116,99.7073
2008-01-03,16.6854,99.7073,111.472,151.558
2008-01-04,20.3715,151.558,183.179,252.241
2008-01-05,0.361858,252.241,181.144,449.159
2008-01-06,0,449.159,151.558,313.639
2008-01-07,0,313.639,145.858,238.728
2008-01-08,0.415185,238.728,111.472,203.952
2008-01-09,0.289439,203.952,99.7073,185.222
2008-01-10,0.621156,185.222,151.558,171.083
2008-01-11,30.1475,171.083,252.241,124.128
2008-01-12,0.165155,124.128,449.159,132.163
2008-01-13,0,132.163,313.639,212.471
2008-01-14,0,212.471,238.728,137.707
2008-01-15,0,137.707,203.952,99.7073
2008-01-16,1.50303,99.7073,185.222,82.6552
2008-01-17,2.0323,82.6552,171.083,67.6673
2008-01-18,11.3992,67.6673,124.128,76.8
2008-01-19,53.7771,76.8,132.163,171.083
2008-01-20,1.77903,171.083,212.471,301.482
2008-01-21,0,301.482,137.707,291.874
2008-01-22,0,291.874,99.7073,199.737
2008-01-23,0,199.737,82.6552,143.975
2008-01-24,0,143.975,67.6673,116.426
2008-01-25,0,116.426,76.8,104.309
2008-01-26,0.237395,104.309,171.083,99.7073
2008-01-27,2.89601,99.7073,301.482,93.0624
2008-01-28,6.05631,93.0624,291.874,86.7195
2008-01-29,2.46615,86.7195,199.737,88.8007
2008-01-30,0.547821,88.8007,143.975,109.049
2008-01-31,24.5073,109.049,116.426,212.471
2008-02-01,2.40297,212.471,104.309,422.839
2008-02-02,2.7542,422.839,99.7073,458.064
2008-02-03,0.0343519,458.064,93.0624,437.388
2008-02-04,0,437.388,86.7195,352.91
2008-02-05,0,352.91,88.8007,263.694
2008-02-06,0,263.694,109.049,223.285
2008-02-07,0.366103,223.285,212.471,175.084
2008-02-08,0.110326,175.084,422.839,142.1
2008-02-09,6.6296,142.1,458.064,111.472
2008-02-10,20.218,111.472,437.388,71.2281
2008-02-11,4.88513,71.2281,352.91,104.309
2008-02-12,13.5929,104.309,263.694,191.397
2008-02-13,0,191.397,223.285,225.47
2008-02-14,0,225.47,175.084,159.272
2008-02-15,7.96807,159.272,142.1,106.661
2008-02-16,9.03799,106.661,111.472,82.6552
2008-02-17,25.4584,82.6552,71.2281,86.7195
2008-02-18,0,86.7195,104.309,268.323
2008-02-19,0,268.323,191.397,263.694
2008-02-20,7.73308,263.694,225.47,167.114
2008-02-21,15.5327,167.114,159.272,159.272
2008-02-22,0.00826393,159.272,106.661,124.128
2008-02-23,9.84193,124.128,82.6552,95.2435
2008-02-24,0.0328642,95.2435,86.7195,90.9149
2008-02-25,0.0164673,90.9149,268.323,95.2435
2008-02-26,0.353886,95.2435,263.694,67.6673
2008-02-27,0.175214,67.6673,167.114,67.6673
2008-02-28,4.47155,67.6673,159.272,59.289
2008-02-29,25.0648,59.289,124.128,74.9116
2008-03-01,0.578764,74.9116,95.2435,208.197
2008-03-02,0,208.197,90.9149,291.874
2008-03-03,0,291.874,95.2435,323.664
2008-03-04,0,323.664,67.6673,296.665
2008-03-05,0,296.665,67.6673,187.273
2008-03-06,0,187.273,59.289,129.447
2008-03-07,0,129.447,74.9116,95.2435
2008-03-08,0.0920593,95.2435,208.197,78.7199
2008-03-09,0,78.7199,291.874,73.0543
2008-03-10,0,73.0543,323.664,62.5519
2008-03-11,10.1461,62.5519,296.665,54.6105
2008-03-12,2.3393,54.6105,187.273,64.2273
2008-03-13,4.15872,64.2273,129.447,142.1
2008-03-14,0,142.1,95.2435,155.398
2008-03-15,0,155.398,78.7199,121.524
2008-03-16,0.020398,121.524,73.0543,90.9149
2008-03-17,0.208812,90.9149,62.5519,74.9116
2008-03-18,2.55959,74.9116,54.6105,64.2273
2008-03-19,3.77374,64.2273,64.2273,57.701
2008-03-20,22.0614,57.701,142.1,54.6105
2008-03-21,34.4405,54.6105,155.398,65.9324
2008-03-22,11.2067,65.9324,121.524,151.558
2008-03-23,16.1222,151.558,90.9149,137.707
2008-03-24,0.107501,137.707,74.9116,147.75
2008-03-25,0.0108773,147.75,64.2273,124.128
2008-03-26,0,124.128,57.701,97.4583
2008-03-27,0,97.4583,54.6105,74.9116
2008-03-28,1.83757,74.9116,65.9324,65.9324
2008-03-29,0.0290038,65.9324,151.558,74.9116
2008-03-30,0,74.9116,137.707,71.2281
2008-03-31,7.67538,71.2281,147.75,62.5519
2008-04-01,0.969133,62.5519,124.128,51.6324
2008-04-02,0.700834,51.6324,97.4583,43.3516
2008-04-03,0,43.3516,74.9116,44.6652
2008-04-04,0,44.6652,65.9324,62.5519
2008-04-05,0,62.5519,74.9116,46.0051
2008-04-06,0,46.0051,71.2281,42.064
2008-04-07,0,42.064,62.5519,36.0071
2008-04-08,0,36.0071,51.6324,31.6033
2008-04-09,0,31.6033,43.3516,31.6033
2008-04-10,2.67655,31.6033,44.6652,32.6685
2008-04-11,0.194672,32.6685,62.5519,32.6685
2008-04-12,21.6233,32.6685,46.0051,39.5658
2008-04-13,17.0359,39.5658,42.064,62.5519
2008-04-14,10.8394,62.5519,36.0071,57.701
2008-04-15,0,57.701,31.6033,74.9116
2008-04-16,0,74.9116,31.6033,73.0543
2008-04-17,9.61994,73.0543,32.6685,82.6552
2008-04-18,0,82.6552,32.6685,134.916
2008-04-19,0.454059,134.916,39.5658,67.6673
2008-04-20,20.0203,67.6673,62.5519,104.309
2008-04-21,3.10522,104.309,57.701,405.626
2008-04-22,8.82002,405.626,74.9116,339.499
2008-04-23,0,339.499,73.0543,234.28
2008-04-24,0,234.28,82.6552,159.272
2008-04-25,0,159.272,134.916,101.991
2008-04-26,0.221948,101.991,67.6673,90.9149
2008-04-27,0.523959,90.9149,104.309,82.6552
2008-04-28,18.1227,82.6552,405.626,69.4325
2008-04-29,38.2196,69.4325,339.499,225.47
2008-04-30,0,225.47,234.28,366.515
2008-05-01,5.88131,366.515,159.272,306.325
2008-05-02,33.2661,306.325,101.991,216.775
2008-05-03,0.0200796,216.775,90.9149,605.924
2008-05-04,0,605.924,82.6552,592.743
2008-05-05,0,592.743,69.4325,488.218
2008-05-06,0,488.218,225.47,388.682
2008-05-07,0,388.682,366.515,259.092
2008-05-08,0,259.092,306.325,173.08
2008-05-09,0,173.08,216.775,153.474
2008-05-10,0,153.474,605.924,126.769
2008-05-11,0,126.769,592.743,113.931
2008-05-12,0,113.931,488.218,95.2435
2008-05-13,0.0948787,95.2435,388.682,84.6711
2008-05-14,0,84.6711,259.092,80.6716
2008-05-15,0,80.6716,173.08,74.9116
2008-05-16,0.00915413,74.9116,153.474,65.9324
2008-05-17,0,65.9324,126.769,64.2273
2008-05-18,0,64.2273,113.931,60.9059
2008-05-19,0,60.9059,95.2435,57.701
2008-05-20,0,57.701,84.6711,46.0051
2008-05-21,0,46.0051,80.6716,53.1076
2008-05-22,0,53.1076,74.9116,48.7647
2008-05-23,0,48.7647,65.9324,46.0051
2008-05-24,0,46.0051,64.2273,46.0051
2008-05-25,0,46.0051,60.9059,40.8022
2008-05-26,0,40.8022,57.701,38.3547
2008-05-27,0.122306,38.3547,46.0051,37.1686
2008-05-28,0,37.1686,53.1076,36.0071
2008-05-29,14.9397,36.0071,48.7647,43.3516
2008-05-30,0,43.3516,46.0051,60.9059
2008-05-31,0.0242357,60.9059,46.0051,60.9059
2008-06-01,1.00269,60.9059,40.8022,43.3516
2008-06-02,0,43.3516,38.3547,37.1686
2008-06-03,30.0747,37.1686,37.1686,44.6652
2008-06-04,0,44.6652,36.0071,84.6711
2008-06-05,0,84.6711,43.3516,165.142
2008-06-06,0,165.142,60.9059,109.049
2008-06-07,0,109.049,60.9059,71.2281
2008-06-08,0,71.2281,43.3516,62.5519
2008-06-09,0,62.5519,37.1686,56.1416
2008-06-10,0,56.1416,44.6652,48.7647
2008-06-11,0,48.7647,84.6711,46.0051
2008-06-12,0.915329,46.0051,165.142,42.064
2008-06-13,0.0814427,42.064,109.049,95.2435
2008-06-14,5.97884,95.2435,71.2281,84.6711
2008-06-15,0,84.6711,62.5519,143.975
2008-06-16,0,143.975,56.1416,137.707
2008-06-17,0,137.707,48.7647,82.6552
2008-06-18,0,82.6552,46.0051,60.9059
2008-06-19,1.93155,60.9059,42.064,51.6324
2008-06-20,2.20984,51.6324,95.2435,54.6105
2008-06-21,0,54.6105,84.6711,67.6673
2008-06-22,0,67.6673,143.975,74.9116
2008-06-23,0,74.9116,137.707,57.701
2008-06-24,0,57.701,82.6552,47.3715
2008-06-25,0,47.3715,60.9059,43.3516
2008-06-26,17.0323,43.3516,51.6324,38.3547
2008-06-27,18.7446,38.3547,54.6105,84.6711
2008-06-28,3.31395,84.6711,67.6673,183.179
2008-06-29,0,183.179,74.9116,316.09
2008-06-30,0,316.09,57.701,291.874
2008-07-01,0,291.874,47.3715,208.197
2008-07-02,0,208.197,43.3516,173.08
2008-07-03,6.11109,173.08,38.3547,111.472
2008-07-04,0,111.472,84.6711,104.309
2008-07-05,0,104.309,183.179,109.049
2008-07-06,0,109.049,316.09,86.7195
2008-07-07,0,86.7195,291.874,74.9116
2008-07-08,0,74.9116,208.197,65.9324
2008-07-09,0.484845,65.9324,173.08,64.2273
2008-07-10,0,64.2273,111.472,78.7199
2008-07-11,0,78.7199,104.309,62.5519
2008-07-12,0,62.5519,109.049,64.2273
2008-07-13,0,64.2273,86.7195,54.6105
2008-07-14,0,54.6105,74.9116,48.7647
2008-07-15,0,48.7647,65.9324,43.3516
2008-07-16,0,43.3516,64.2273,42.064
2008-07-17,0,42.064,78.7199,39.5658
2008-07-18,0,39.5658,62.5519,42.064
2008-07-19,0,42.064,64.2273,39.5658
2008-07-20,0,39.5658,54.6105,36.0071
2008-07-21,0,36.0071,48.7647,34.8702
2008-07-22,0,34.8702,43.3516,31.6033
2008-07-23,0.444947,31.6033,42.064,33.7574
2008-07-24,14.3219,33.7574,39.5658,39.5658
2008-07-25,0,39.5658,42.064,51.6324
2008-07-26,0,51.6324,39.5658,43.3516
2008-07-27,0,43.3516,36.0071,42.064
2008-07-28,0,42.064,34.8702,38.3547
2008-07-29,0,38.3547,31.6033,31.6033
2008-07-30,1.49641,31.6033,33.7574,32.6685
2008-07-31,8.48842,32.6685,39.5658,30.5615
2008-08-01,1.21736,30.5615,51.6324,40.8022
2008-08-02,10.649,40.8022,43.3516,44.6652
2008-08-03,8.52278,44.6652,42.064,95.2435
2008-08-04,0,95.2435,38.3547,82.6552
2008-08-05,0,82.6552,31.6033,51.6324
2008-08-06,1.88125,51.6324,32.6685,37.1686
2008-08-07,7.00895,37.1686,30.5615,53.1076
2008-08-08,18.7108,53.1076,40.8022,74.9116
2008-08-09,13.7894,74.9116,44.6652,86.7195
2008-08-10,3.58046,86.7195,95.2435,134.916
2008-08-11,0,134.916,82.6552,159.272
2008-08-12,2.83226,159.272,51.6324,124.128
2008-08-13,18.4557,124.128,37.1686,111.472
2008-08-14,3.61697,111.472,53.1076,147.75
2008-08-15,9.9643,147.75,74.9116,153.474
2008-08-16,0,153.474,86.7195,140.234
2008-08-17,0.0106791,140.234,134.916,140.234
2008-08-18,0,140.234,159.272,109.049
2008-08-19,0,109.049,124.128,82.6552
2008-08-20,0,82.6552,111.472,76.8
2008-08-21,0,76.8,147.75,64.2273
2008-08-22,0,64.2273,153.474,62.5519
2008-08-23,0,62.5519,140.234,95.2435
2008-08-24,0,95.2435,140.234,74.9116
2008-08-25,0,74.9116,109.049,65.9324
2008-08-26,0,65.9324,82.6552,57.701
2008-08-27,0,57.701,76.8,54.6105
2008-08-28,0,54.6105,64.2273,46.0051
2008-08-29,0.0501316,46.0051,62.5519,46.0051
2008-08-30,0.0683417,46.0051,95.2435,38.3547
2008-08-31,0,38.3547,74.9116,38.3547
2008-09-01,0,38.3547,65.9324,33.7574
2008-09-02,0,33.7574,57.701,28.5472
2008-09-03,0,28.5472,54.6105,31.6033
2008-09-04,0,31.6033,46.0051,29.5429
2008-09-05,0.0430125,29.5429,46.0051,27.574
2008-09-06,5.41202,27.574,38.3547,33.7574
2008-09-07,0,33.7574,38.3547,175.084
2008-09-08,2.37664,175.084,33.7574,129.447
2008-09-09,15.8475,129.447,28.5472,104.309
2008-09-10,17.7474,104.309,31.6033,175.084
2008-09-11,9.98247,175.084,29.5429,134.916
2008-09-12,30.7688,134.916,27.574,272.979
2008-09-13,20.0159,272.979,33.7574,711.708
2008-09-14,1.457,711.708,175.084,609.236
2008-09-15,0,609.236,129.447,512.857
2008-09-16,0,512.857,104.309,358.329
2008-09-17,0,358.329,175.084,303.9
2008-09-18,0,303.9,134.916,210.33
2008-09-19,0,210.33,272.979,151.558
2008-09-20,10.1315,151.558,711.708,129.447
2008-09-21,6.73614,129.447,609.236,151.558
2008-09-22,0,151.558,512.857,169.095
2008-09-23,0,169.095,358.329,124.128
2008-09-24,0,124.128,303.9,104.309
2008-09-25,0,104.309,210.33,78.7199
2008-09-26,0,78.7199,151.558,78.7199
2008-09-27,0,78.7199,129.447,62.5519
2008-09-28,0,62.5519,151.558,67.6673
2008-09-29,4.22445,67.6673,169.095,90.9149
2008-09-30,7.66606,90.9149,124.128,74.9116
2008-10-01,32.0917,74.9116,104.309,151.558
2008-10-02,12.1706,151.558,78.7199,261.389
2008-10-03,0,261.389,78.7199,303.9
2008-10-04,79.718,303.9,62.5519,589.465
2008-10-05,0.184248,589.465,67.6673,930.139
2008-10-06,0.182735,930.139,90.9149,680.341
2008-10-07,7.52399,680.341,74.9116,635.976
2008-10-08,0,635.976,151.558,500.48
2008-10-09,0,500.48,261.389,419.952
2008-10-10,0,419.952,303.9,440.319
2008-10-11,6.44473,440.319,589.465,399.948
2008-10-12,0,399.948,930.139,394.3
2008-10-13,9.59139,394.3,680.341,339.499
2008-10-14,16.4014,339.499,635.976,247.709
2008-10-15,15.0786,247.709,500.48,234.28
2008-10-16,12.0308,234.28,419.952,306.325
2008-10-17,2.93966,306.325,440.319,783.291
2008-10-18,0.0509102,783.291,399.948,1021.11
2008-10-19,0,1021.11,394.3,872.542
2008-10-20,0,872.542,339.499,711.708
2008-10-21,0,711.708,247.709,740.032
2008-10-22,4.53459,740.032,234.28,697.702
2008-10-23,10.0546,697.702,306.325,673.443
2008-10-24,11.3858,673.443,783.291,827.465
2008-10-25,26.824,827.465,1021.11,743.602
2008-10-26,17.4664,743.602,872.542,808.949
2008-10-27,0.0882808,808.949,711.708,838.65
2008-10-28,5.66395,838.65,740.032,776.018
2008-10-29,52.6328,776.018,697.702,776.018
2008-10-30,5.73382,776.018,673.443,776.018
2008-10-31,2.63495,776.018,827.465,680.341
2008-11-01,1.43379,680.341,743.602,673.443
2008-11-02,76.0896,673.443,808.949,797.915
2008-11-03,0,797.915,838.65,715.226
2008-11-04,0,715.226,776.018,711.708
2008-11-05,3.08778,711.708,776.018,619.213
2008-11-06,40.28,619.213,776.018,488.218
2008-11-07,0,488.218,680.341,531.633
2008-11-08,0,531.633,673.443,417.072
2008-11-09,12.4479,417.072,797.915,352.91
2008-11-10,0.949324,352.91,715.226,417.072
2008-11-11,12.4528,417.072,711.708,377.538
2008-11-12,45.7411,377.538,619.213,485.17
2008-11-13,6.72127,485.17,488.218,831.187
2008-11-14,0.0763716,831.187,531.633,461.047
2008-11-15,0,461.047,417.072,659.726
2008-11-16,0,659.726,352.91,560.269
2008-11-17,0,560.269,417.072,576.42
2008-11-18,0,576.42,377.538,494.335
2008-11-19,0,494.335,485.17,458.064
2008-11-20,0,458.064,831.187,402.783
2008-11-21,0,402.783,461.047,358.329
2008-11-22,0,358.329,659.726,399.948
2008-11-23,0,399.948,560.269,666.571
2008-11-24,0,666.571,576.42,754.349
2008-11-25,0,754.349,494.335,544.29
2008-11-26,0,544.29,458.064,491.273
2008-11-27,0,491.273,402.783,525.346
2008-11-28,0,525.346,358.329,497.404
2008-11-29,0,497.404,399.948,402.783
2008-11-30,0,402.783,666.571,299.07
2008-12-01,1.31363,299.07,754.349,232.067
2008-12-02,2.79358,232.067,544.29,218.938
2008-12-03,0,218.938,491.273,212.471
2008-12-04,0,212.471,525.346,183.179
2008-12-05,0,183.179,497.404,151.558
2008-12-06,0,151.558,402.783,126.769
2008-12-07,0,126.769,299.07,132.163
2008-12-08,0.126667,132.163,232.067,109.049
2008-12-09,14.4331,109.049,218.938,95.2435
2008-12-10,28.525,95.2435,212.471,155.398
2008-12-11,8.60133,155.398,183.179,195.552
2008-12-12,0,195.552,151.558,171.083
2008-12-13,0,171.083,126.769,111.472
2008-12-14,0.735177,111.472,132.163,109.049
2008-12-15,0,109.049,109.049,84.6711
2008-12-16,7.84471,84.6711,95.2435,88.8007
2008-12-17,0,88.8007,155.398,101.991
2008-12-18,0,101.991,195.552,69.4325
2008-12-19,0,69.4325,171.083,60.9059
2008-12-20,0,60.9059,111.472,64.2273
2008-12-21,0,64.2273,109.049,71.2281
2008-12-22,0,71.2281,84.6711,57.701
2008-12-23,1.72954,57.701,88.8007,46.0051
2008-12-24,40.3644,46.0051,101.991,42.064
2008-12-25,0,42.064,69.4325,88.8007
2008-12-26,0,88.8007,60.9059,137.707
2008-12-27,0,137.707,64.2273,90.9149
2008-12-28,0.0714658,90.9149,71.2281,60.9059
2008-12-29,6.44994,60.9059,57.701,56.1416
2008-12-30,5.40023,56.1416,46.0051,76.8
2008-12-31,0.253853,76.8,42.064,65.9324
2009-01-01,16.0163,65.9324,88.8007,86.7195
2009-01-02,22.3139,86.7195,137.707,165.142
2009-01-03,10.5618,165.142,90.9149,243.204
2009-01-04,0,243.204,60.9059,377.538
2009-01-05,0,377.538,56.1416,344.84
2009-01-06,0,344.84,76.8,261.389
2009-01-07,0,261.389,65.9324,191.397
2009-01-08,0,191.397,86.7195,143.975
2009-01-09,16.5442,143.975,165.142,109.049
2009-01-10,11.3868,109.049,243.204,243.204
2009-01-11,26.1583,243.204,377.538,361.05
2009-01-12,1.50045,361.05,344.84,372.011
2009-01-13,6.76739,372.011,261.389,321.052
2009-01-14,2.73593,321.052,191.397,243.204
2009-01-15,9.5364,243.204,143.975,206.071
2009-01-16,13.7153,206.071,109.049,187.273
2009-01-17,52.6136,187.273,243.204,313.639
2009-01-18,0.46808,313.639,361.05,299.07
2009-01-19,5.20838,299.07,372.011,289.489
2009-01-20,0,289.489,321.052,391.487
2009-01-21,0,391.487,243.204,377.538
2009-01-22,0,377.538,206.071,313.639
2009-01-23,0,313.639,187.273,238.728
2009-01-24,0,238.728,313.639,212.471
2009-01-25,0,212.471,299.07,195.552
2009-01-26,0,195.552,289.489,171.083
2009-01-27,0.95129,171.083,391.487,163.177
2009-01-28,0.560977,163.177,377.538,151.558
2009-01-29,17.1343,151.558,313.639,118.957
2009-01-30,4.18071,118.957,238.728,187.273
2009-01-31,0,187.273,212.471,140.234
2009-02-01,0,140.234,195.552,99.7073
2009-02-02,2.07183,99.7073,171.083,86.7195
2009-02-03,3.40658,86.7195,163.177,76.8
2009-02-04,4.76235,76.8,151.558,71.2281
2009-02-05,0,71.2281,118.957,109.049
2009-02-06,0.216966,109.049,187.273,140.234
2009-02-07,3.44425,140.234,140.234,140.234
2009-02-08,0.0652976,140.234,99.7073,104.309
2009-02-09,4.83644,104.309,86.7195,171.083
2009-02-10,0.796998,171.083,76.8,129.447
2009-02-11,24.3758,129.447,71.2281,132.163
2009-02-12,0,132.163,109.049,140.234
2009-02-13,0,140.234,140.234,109.049
2009-02-14,0,109.049,140.234,82.6552
2009-02-15,0,82.6552,104.309,64.2273
2009-02-16,10.0025,64.2273,171.083,44.6652
2009-02-17,13.7383,44.6652,129.447,95.2435
2009-02-18,12.4327,95.2435,132.163,261.389
2009-02-19,0.749879,261.389,140.234,232.067
2009-02-20,6.76186,232.067,109.049,229.861
2009-02-21,9.76324,229.861,82.6552,171.083
2009-02-22,7.52956,171.083,64.2273,234.28
2009-02-23,18.6118,234.28,44.6652,301.482
2009-02-24,14.808,301.482,95.2435,234.28
2009-02-25,0,234.28,261.389,234.28
2009-02-26,0,234.28,232.067,234.28
2009-02-27,10.6263,234.28,229.861,212.471
2009-02-28,10.0959,212.471,171.083,223.285
2009-03-01,9.78803,223.285,234.28,206.071
2009-03-02,14.2226,206.071,301.482,214.619
2009-03-03,10.9882,214.619,234.28,289.489
2009-03-04,1.43979,289.489,234.28,210.33
2009-03-05,0.341957,210.33,234.28,147.75
2009-03-06,0,147.75,212.471,124.128
2009-03-07,5.9,124.128,223.285,95.2435
2009-03-08,23.0921,95.2435,206.071,106.661
2009-03-09,2.03794,106.661,214.619,311.194
2009-03-10,6.9854,311.194,289.489,291.874
2009-03-11,8.08873,291.874,210.33,210.33
2009-03-12,9.81047,210.33,147.75,143.975
2009-03-13,0.631942,143.975,124.128,140.234
2009-03-14,0,140.234,95.2435,134.916
2009-03-15,0,134.916,106.661,109.049
2009-03-16,0,109.049,311.194,76.8
2009-03-17,0.953961,76.8,291.874,76.8
2009-03-18,0.783304,76.8,210.33,82.6552
2009-03-19,0.0174161,82.6552,143.975,74.9116
2009-03-20,7.8111,74.9116,140.234,64.2273
2009-03-21,0.197512,64.2273,134.916,62.5519
2009-03-22,0.267296,62.5519,109.049,62.5519
2009-03-23,2.61746,62.5519,76.8,54.6105
2009-03-24,0,54.6105,76.8,54.6105
2009-03-25,0,54.6105,82.6552,56.1416
2009-03-26,0,56.1416,74.9116,56.1416
2009-03-27,0,56.1416,64.2273,50.1849
2009-03-28,0.637471,50.1849,62.5519,50.1849
2009-03-29,0,50.1849,62.5519,51.6324
2009-03-30,0,51.6324,54.6105,50.1849
2009-03-31,0.251666,50.1849,54.6105,46.0051
2009-04-01,0,46.0051,56.1416,44.6652
2009-04-02,0,44.6652,56.1416,36.0071
2009-04-03,0,36.0071,50.1849,38.3547
2009-04-04,0,38.3547,50.1849,37.1686
2009-04-05,4.48481,37.1686,51.6324,40.8022
2009-04-06,0,40.8022,50.1849,34.8702
2009-04-07,0.806814,34.8702,46.0051,38.3547
2009-04-08,0.327881,38.3547,44.6652,39.5658
2009-04-09,0,39.5658,36.0071,47.3715
2009-04-10,0,47.3715,38.3547,34.8702
2009-04-11,0,34.8702,37.1686,38.3547
2009-04-12,0,38.3547,40.8022,29.5429
2009-04-13,0.146614,29.5429,34.8702,26.6233
2009-04-14,0.657943,26.6233,38.3547,23.9027
2009-04-15,0.774249,23.9027,39.5658,21.374
2009-04-16,0,21.374,47.3715,27.574
2009-04-17,0,27.574,34.8702,23.9027
2009-04-18,0,23.9027,38.3547,27.574
2009-04-19,0,27.574,29.5429,22.196
2009-04-20,0,22.196,26.6233,21.374
2009-04-21,2.67483,21.374,23.9027,20.5726
2009-04-22,50.8225,20.5726,21.374,23.9027
2009-04-23,1.54078,23.9027,27.574,90.9149
2009-04-24,0,90.9149,23.9027,95.2435
2009-04-25,0,95.2435,27.574,54.6105
2009-04-26,1.89137,54.6105,22.196,39.5658
2009-04-27,0,39.5658,21.374,33.7574
2009-04-28,0,33.7574,20.5726,31.6033
2009-04-29,0,31.6033,23.9027,23.9027
2009-04-30,0,23.9027,90.9149,25.6947
2009-05-01,0,25.6947,95.2435,26.6233
2009-05-02,0,26.6233,54.6105,21.374
2009-05-03,0,21.374,39.5658,19.7914
2009-05-04,0.0203686,19.7914,33.7574,19.0303
2009-05-05,0,19.0303,31.6033,19.0303
2009-05-06,0,19.0303,23.9027,19.0303
2009-05-07,0,19.0303,25.6947,20.5726
2009-05-08,11.8934,20.5726,26.6233,14.8696
2009-05-09,1.85039,14.8696,21.374,21.374
2009-05-10,0,21.374,19.7914,23.9027
2009-05-11,0,23.9027,19.0303,22.196
2009-05-12,8.30069,22.196,19.0303,19.7914
2009-05-13,7.83976,19.7914,19.0303,27.574
2009-05-14,16.9096,27.574,20.5726,36.0071
2009-05-15,0,36.0071,14.8696,69.4325
2009-05-16,0,69.4325,21.374,65.9324
2009-05-17,0.0132845,65.9324,23.9027,48.7647
2009-05-18,0,48.7647,22.196,38.3547
2009-05-19,0,38.3547,19.7914,29.5429
2009-05-20,0,29.5429,27.574,24.7879
2009-05-21,0,24.7879,36.0071,23.9027
2009-05-22,0,23.9027,69.4325,22.196
2009-05-23,0,22.196,65.9324,20.5726
2009-05-24,0.113369,20.5726,48.7647,20.5726
2009-05-25,2.03255,20.5726,38.3547,19.7914
2009-05-26,2.86943,19.7914,29.5429,19.0303
2009-05-27,0.0989666,19.0303,24.7879,19.7914
2009-05-28,0,19.7914,23.9027,25.6947
2009-05-29,4.79074,25.6947,22.196,36.0071
2009-05-30,21.0621,36.0071,20.5726,38.3547
2009-05-31,0,38.3547,20.5726,46.0051
2009-06-01,0,46.0051,19.7914,86.7195
2009-06-02,0,86.7195,19.0303,65.9324
2009-06-03,0,65.9324,19.7914,51.6324
2009-06-04,0,51.6324,25.6947,32.6685
2009-06-05,0.0147491,32.6685,36.0071,27.574
2009-06-06,0,27.574,38.3547,26.6233
2009-06-07,0,26.6233,46.0051,23.9027
2009-06-08,0,23.9027,86.7195,22.196
2009-06-09,1.41434,22.196,65.9324,22.196
2009-06-10,10.1706,22.196,51.6324,20.5726
2009-06-11,0,20.5726,32.6685,19.7914
2009-06-12,0,19.7914,27.574,20.5726
2009-06-13,0,20.5726,26.6233,19.0303
2009-06-14,0,19.0303,23.9027,18.289
2009-06-15,0,18.289,22.196,17.5671
2009-06-16,24.2334,17.5671,22.196,19.0303
2009-06-17,0,19.0303,20.5726,46.0051
2009-06-18,0,46.0051,19.7914,57.701
2009-06-19,0,57.701,20.5726,47.3715
2009-06-20,0,47.3715,19.0303,32.6685
2009-06-21,0,32.6685,18.289,27.574
2009-06-22,2.71834,27.574,17.5671,23.9027
2009-06-23,11.8096,23.9027,19.0303,22.196
2009-06-24,1.57512,22.196,46.0051,22.196
2009-06-25,0.032403,22.196,57.701,23.9027
2009-06-26,0.141938,23.9027,47.3715,27.574
2009-06-27,0.0246627,27.574,32.6685,25.6947
2009-06-28,0,25.6947,27.574,28.5472
2009-06-29,0.320077,28.5472,23.9027,30.5615
2009-06-30,0.250063,30.5615,22.196,36.0071
2009-07-01,0,36.0071,22.196,43.3516
2009-07-02,0.0165621,43.3516,23.9027,54.6105
2009-07-03,0,54.6105,27.574,38.3547
2009-07-04,0,38.3547,25.6947,31.6033
2009-07-05,2.42501,31.6033,28.5472,28.5472
2009-07-06,2.76451,28.5472,30.5615,25.6947
2009-07-07,3.57263,25.6947,36.0071,33.7574
2009-07-08,5.83998,33.7574,43.3516,145.858
2009-07-09,11.9493,145.858,54.6105,266.005
2009-07-10,24.6246,266.005,38.3547,259.092
2009-07-11,32.0909,259.092,31.6033,479.096
2009-07-12,0,479.096,28.5472,722.281
2009-07-13,0,722.281,25.6947,500.48
2009-07-14,1.13888,500.48,33.7574,334.189
2009-07-15,8.71418,334.189,145.858,245.453
2009-07-16,34.1521,245.453,266.005,256.802
2009-07-17,0.29997,256.802,259.092,676.889
2009-07-18,0,676.889,479.096,612.555
2009-07-19,0,612.555,722.281,452.12
2009-07-20,0,452.12,500.48,361.05
2009-07-21,1.42394,361.05,334.189,366.515
2009-07-22,9.88846,366.515,245.453,254.518
2009-07-23,1.66235,254.518,256.802,183.179
2009-07-24,0,183.179,676.889,179.116
2009-07-25,2.84122,179.116,612.555,163.177
2009-07-26,5.67711,163.177,452.12,140.234
2009-07-27,3.842,140.234,361.05,124.128
2009-07-28,11.8896,124.128,366.515,104.309
2009-07-29,2.8737,104.309,254.518,118.957
2009-07-30,0,118.957,183.179,140.234
2009-07-31,11.3894,140.234,179.116,124.128
2009-08-01,30.6632,124.128,163.177,754.349
2009-08-02,38.2297,754.349,140.234,857.417
2009-08-03,4.66492,857.417,124.128,768.769
2009-08-04,0,768.769,104.309,609.236
2009-08-05,0,609.236,118.957,602.618
2009-08-06,0,602.618,140.234,576.42
2009-08-07,0.581578,576.42,124.128,560.269
2009-08-08,0,560.269,754.349,422.839
2009-08-09,1.25255,422.839,857.417,323.664
2009-08-10,0.622818,323.664,768.769,275.317
2009-08-11,0,275.317,609.236,225.47
2009-08-12,0,225.47,602.618,199.737
2009-08-13,0,199.737,576.42,163.177
2009-08-14,0,163.177,560.269,132.163
2009-08-15,0,132.163,422.839,111.472
2009-08-16,0,111.472,323.664,106.661
2009-08-17,13.5547,106.661,275.317,90.9149
2009-08-18,38.5226,90.9149,225.47,155.398
2009-08-19,21.6756,155.398,199.737,377.538
2009-08-20,3.79595,377.538,163.177,761.547
2009-08-21,0,761.547,132.163,557.059
2009-08-22,0,557.059,111.472,411.334
2009-08-23,0.542628,411.334,106.661,303.9
2009-08-24,0.449288,303.9,90.9149,266.005
2009-08-25,0,266.005,155.398,232.067
2009-08-26,0,232.067,377.538,214.619
2009-08-27,0,214.619,761.547,187.273
2009-08-28,0,187.273,557.059,167.114
2009-08-29,0,167.114,411.334,147.75
2009-08-30,0,147.75,303.9,129.447
2009-08-31,0,129.447,266.005,99.7073
2009-09-01,0,99.7073,232.067,90.9149
2009-09-02,0.0107104,90.9149,214.619,82.6552
2009-09-03,5.35624,82.6552,187.273,95.2435
2009-09-04,16.3829,95.2435,167.114,142.1
2009-09-05,1.69275,142.1,147.75,169.095
2009-09-06,8.6694,169.095,129.447,153.474
2009-09-07,14.6866,153.474,99.7073,118.957
2009-09-08,39.9777,118.957,90.9149,270.647
2009-09-09,10.7744,270.647,82.6552,531.633
2009-09-10,6.05181,531.633,95.2435,790.59
2009-09-11,0,790.59,142.1,697.702
2009-09-12,14.6934,697.702,169.095,680.341
2009-09-13,0,680.341,153.474,993.085
2009-09-14,0,993.085,118.957,776.018
2009-09-15,0,776.018,270.647,732.912
2009-09-16,1.47842,732.912,531.633,622.552
2009-09-17,3.17658,622.552,790.59,563.485
2009-09-18,14.8351,563.485,697.702,449.159
2009-09-19,0.588361,449.159,680.341,503.564
2009-09-20,0,503.564,993.085,399.948
2009-09-21,2.41702,399.948,776.018,306.325
2009-09-22,4.97127,306.325,732.912,254.518
2009-09-23,21.1894,254.518,622.552,284.738
2009-09-24,0,284.738,563.485,287.11
2009-09-25,0,287.11,449.159,259.092
2009-09-26,9.03694,259.092,503.564,234.28
2009-09-27,37.0374,234.28,399.948,247.709
2009-09-28,50.014,247.709,306.325,1152.89
2009-09-29,0,1152.89,254.518,1281.81
2009-09-30,1.58362,1281.81,284.738,945.73
2009-10-01,15.0558,945.73,287.11,945.73
2009-10-02,0,945.73,259.092,842.391
2009-10-03,0,842.391,234.28,740.032
2009-10-04,3.47254,740.032,247.709,711.708
2009-10-05,0,711.708,1152.89,715.226
2009-10-06,7.40359,715.226,1281.81,747.178
2009-10-07,1.16569,747.178,945.73,750.76
2009-10-08,7.28935,750.76,945.73,729.362
2009-10-09,0,729.362,842.391,635.976
2009-10-10,0,635.976,740.032,560.269
2009-10-11,0,560.269,711.708,464.037
2009-10-12,25.812,464.037,715.226,419.952
2009-10-13,0,419.952,747.178,609.236
2009-10-14,1.08795,609.236,750.76,602.618
2009-10-15,35.6987,602.618,729.362,652.907
2009-10-16,1.73252,652.907,635.976,642.728
2009-10-17,4.21514,642.728,560.269,666.571
2009-10-18,0,666.571,464.037,639.349
2009-10-19,15.6908,639.349,419.952,573.176
2009-10-20,0,573.176,609.236,494.335
2009-10-21,4.13988,494.335,602.618,434.463
2009-10-22,5.25997,434.463,652.907,383.095
2009-10-23,0,383.095,642.728,328.91
2009-10-24,9.77481,328.91,666.571,282.373
2009-10-25,0,282.373,639.349,261.389
2009-10-26,1.52351,261.389,573.176,272.979
2009-10-27,0.0130926,272.979,494.335,321.011
2009-10-28,0,321.011,434.463,328.91
2009-10-29,0,328.91,383.095,277.663
2009-10-30,0,277.663,328.91,236.501
2009-10-31,0,236.501,282.373,212.471
2009-11-01,0,212.471,261.389,187.273
2009-11-02,0,187.273,272.979,157.331
2009-11-03,0.52814,157.331,321.011,137.707
2009-11-04,3.45332,137.707,328.91,124.128
2009-11-05,0,124.128,277.663,118.957
2009-11-06,11.9715,118.957,236.501,106.661
2009-11-07,11.1865,106.661,212.471,187.273
2009-11-08,4.8242,187.273,187.273,221.108
2009-11-09,0,221.108,157.331,334.189
2009-11-10,17.0466,334.189,137.707,299.07
2009-11-11,0.486663,299.07,124.128,296.665
2009-11-12,0,296.665,118.957,216.775
2009-11-13,3.30607,216.775,106.661,199.737
2009-11-14,9.0536,199.737,187.273,177.096
2009-11-15,5.88543,177.096,221.108,167.114
2009-11-16,3.1787,167.114,334.189,187.273
2009-11-17,0,187.273,299.07,187.273
2009-11-18,7.90978,187.273,296.665,159.272
2009-11-19,4.2558,159.272,216.775,137.707
2009-11-20,24.1663,137.707,199.737,191.397
2009-11-21,4.24545,191.397,177.096,238.728
2009-11-22,10.0297,238.728,167.114,199.737
2009-11-23,0.303542,199.737,187.273,187.273
2009-11-24,0.620002,187.273,187.273,179.116
2009-11-25,4.20115,179.116,159.272,151.558
2009-11-26,8.31536,151.558,137.707,203.952
2009-11-27,8.07914,203.952,191.397,232.067
2009-11-28,10.8147,232.067,238.728,261.389
2009-11-29,0,261.389,199.737,372.011
2009-11-30,15.0541,372.011,187.273,221.108
2009-12-01,0,221.108,179.116,299.07
2009-12-02,12.5627,299.07,151.558,247.709
2009-12-03,6.28074,247.709,203.952,303.9
2009-12-04,0,303.9,232.067,296.665
2009-12-05,0,296.665,261.389,240.963
2009-12-06,0,240.963,372.011,203.952
2009-12-07,0,203.952,221.108,185.222
2009-12-08,0,185.222,299.07,155.398
2009-12-09,0.120999,155.398,247.709,134.916
2009-12-10,0.46154,134.916,303.9,104.309
2009-12-11,5.25733,104.309,296.665,111.472
2009-12-12,30.5933,111.472,240.963,208.197
2009-12-13,0.162762,208.197,203.952,344.84
2009-12-14,0,344.84,185.222,221.108
2009-12-15,0,221.108,155.398,165.142
2009-12-16,3.77979,165.142,134.916,134.916
2009-12-17,15.9048,134.916,104.309,109.049
2009-12-18,0,109.049,111.472,199.737
2009-12-19,0,199.737,208.197,225.47
2009-12-20,0,225.47,344.84,183.179
2009-12-21,4.82016,183.179,221.108,129.447
2009-12-22,2.87667,129.447,165.142,97.4583
2009-12-23,2.94035,97.4583,134.916,116.426
2009-12-24,9.45448,116.426,109.049,116.426
2009-12-25,1.87385,116.426,199.737,195.552
2009-12-26,5.37183,195.552,225.47,229.861
2009-12-27,33.061,229.861,183.179,344.84
2009-12-28,0,344.84,129.447,446.205
2009-12-29,1.15801,446.205,97.4583,434.463
2009-12-30,4.70644,434.463,116.426,344.84
2009-12-31,0,344.84,116.426,238.728
2010-01-01,0,238.728,195.552,234.28
2010-01-02,0,234.28,229.861,183.179
2010-01-03,2.06979,183.179,344.84,151.558
2010-01-04,19.2038,151.558,446.205,109.049
2010-01-05,20.4207,109.049,434.463,234.28
2010-01-06,19.1028,234.28,344.84,334.189
2010-01-07,0,334.189,238.728,294.266
2010-01-08,0.20618,294.266,234.28,225.47
2010-01-09,6.6917,225.47,183.179,181.144
2010-01-10,10.9536,181.144,151.558,163.177
2010-01-11,28.0609,163.177,109.049,229.861
2010-01-12,7.08608,229.861,234.28,280.014
2010-01-13,34.2682,280.014,334.189,446.205
2010-01-14,7.42661,446.205,294.266,494.335
2010-01-15,0,494.335,225.47,461.047
2010-01-16,0,461.047,181.144,431.546
2010-01-17,13.5449,431.546,163.177,339.499
2010-01-18,6.93246,339.499,229.861,557.059
2010-01-19,8.34074,557.059,280.014,452.12
2010-01-20,8.38552,452.12,446.205,377.538
2010-01-21,1.55945,377.538,494.335,355.615
2010-01-22,0,355.615,461.047,576.42
2010-01-23,7.14384,576.42,431.546,642.728
2010-01-24,14.6795,642.728,339.499,589.465
2010-01-25,17.6959,589.465,557.059,602.618
2010-01-26,7.84257,602.618,452.12,629.251
2010-01-27,6.09979,629.251,377.538,350.212
2010-01-28,6.98687,350.212,355.615,296.665
2010-01-29,9.24873,296.665,576.42,256.802
2010-01-30,2.71676,256.802,642.728,313.639
2010-01-31,3.42829,313.639,589.465,261.389
2010-02-01,7.49927,261.389,602.618,212.471
2010-02-02,5.02803,212.471,629.251,216.775
2010-02-03,0,216.775,350.212,177.096
2010-02-04,0.0125917,177.096,296.665,140.234
2010-02-05,0.726289,140.234,256.802,134.916
2010-02-06,4.01653,134.916,313.639,124.128
2010-02-07,3.7294,124.128,261.389,106.661
2010-02-08,25.9937,106.661,212.471,95.2435
2010-02-09,4.78046,95.2435,216.775,124.128
2010-02-10,1.79645,124.128,177.096,195.552
2010-02-11,7.65786,195.552,140.234,167.114
2010-02-12,19.3526,167.114,134.916,229.861
2010-02-13,0.402799,229.861,124.128,232.067
2010-02-14,6.09348,232.067,106.661,218.938
2010-02-15,10.7566,218.938,95.2435,183.179
2010-02-16,9.17763,183.179,124.128,163.177
2010-02-17,0.737192,163.177,195.552,199.737
2010-02-18,0,199.737,167.114,189.331
2010-02-19,0,189.331,229.861,173.08
2010-02-20,0,173.08,232.067,143.975
2010-02-21,1.65431,143.975,218.938,118.957
2010-02-22,23.0451,118.957,183.179,109.049
2010-02-23,11.6569,109.049,163.177,149.65
2010-02-24,3.1661,149.65,199.737,179.116
2010-02-25,1.48479,179.116,189.331,229.861
2010-02-26,0,229.861,173.08,210.33
2010-02-27,0,210.33,143.975,165.142
2010-02-28,0,165.142,118.957,147.75
2010-03-01,0,147.75,109.049,104.309
2010-03-02,0,104.309,149.65,90.9149
2010-03-03,0,90.9149,179.116,80.6716
2010-03-04,0,80.6716,229.861,78.7199
2010-03-05,20.3851,78.7199,210.33,82.6552
2010-03-06,34.7029,82.6552,165.142,124.128
2010-03-07,6.24168,124.128,147.75,189.331
2010-03-08,2.35898,189.331,104.309,167.114
2010-03-09,0.298052,167.114,90.9149,104.309
2010-03-10,0.226394,104.309,80.6716,90.9149
2010-03-11,0,90.9149,78.7199,74.9116
2010-03-12,0,74.9116,82.6552,67.6673
2010-03-13,0,67.6673,124.128,60.9059
2010-03-14,15.0649,60.9059,189.331,67.6673
2010-03-15,1.39069,67.6673,167.114,84.6711
2010-03-16,0,84.6711,104.309,73.0543
2010-03-17,0,73.0543,90.9149,60.9059
2010-03-18,0,60.9059,74.9116,51.6324
2010-03-19,0,51.6324,67.6673,48.7647
2010-03-20,3.87014,48.7647,60.9059,43.3516
2010-03-21,0,43.3516,67.6673,57.701
2010-03-22,13.7742,57.701,84.6711,74.9116
2010-03-23,29.6873,74.9116,73.0543,57.701
2010-03-24,26.6904,57.701,60.9059,78.7199
2010-03-25,1.41125,78.7199,51.6324,576.42
2010-03-26,0.23864,576.42,48.7647,494.335
2010-03-27,17.7685,494.335,43.3516,467.034
2010-03-28,12.6293,467.034,57.701,563.485
2010-03-29,18.412,563.485,74.9116,596.028
2010-03-30,0,596.028,57.701,563.485
2010-03-31,0,563.485,78.7199,479.096
2010-04-01,0,479.096,576.42,399.948
2010-04-02,0,399.948,494.335,355.615
2010-04-03,0,355.615,467.034,280.014
2010-04-04,0,280.014,563.485,218.938
2010-04-05,2.64973,218.938,596.028,199.737
2010-04-06,5.73464,199.737,563.485,197.641
2010-04-07,0,197.641,479.096,187.273
2010-04-08,0,187.273,399.948,155.398
2010-04-09,0,155.398,355.615,113.931
2010-04-10,0,113.931,280.014,109.049
2010-04-11,0,109.049,218.938,93.0624
2010-04-12,0,93.0624,199.737,84.6711
2010-04-13,0,84.6711,197.641,80.6716
2010-04-14,0,80.6716,187.273,78.7199
2010-04-15,0.0401999,78.7199,155.398,69.4325
2010-04-16,0,69.4325,113.931,67.6673
2010-04-17,0,67.6673,109.049,64.2273
2010-04-18,0,64.2273,93.0624,60.9059
2010-04-19,0,60.9059,84.6711,60.9059
2010-04-20,6.52505,60.9059,80.6716,53.1076
2010-04-21,27.4168,53.1076,78.7199,53.1076
2010-04-22,35.9147,53.1076,69.4325,71.2281
2010-04-23,30.1496,71.2281,67.6673,926.256
2010-04-24,9.7923,926.256,64.2273,827.465
2010-04-25,21.3309,827.465,60.9059,989.106
2010-04-26,65.4907,989.106,60.9059,1443.17
2010-04-27,0,1443.17,53.1076,1277.43
2010-04-28,0,1277.43,53.1076,953.562
2010-04-29,0,953.562,71.2281,953.562
2010-04-30,0,953.562,926.256,883.951
2010-05-01,0,883.951,827.465,786.938
2010-05-02,0,786.938,989.106,683.8
2010-05-03,0,683.8,1443.17,656.313
2010-05-04,2.06931,656.313,1277.43,622.552
2010-05-05,0,622.552,953.562,589.465
2010-05-06,0,589.465,953.562,531.633
2010-05-07,37.6259,531.633,883.951,476.07
2010-05-08,10.8575,476.07,786.938,849.891
2010-05-09,0,849.891,683.8,842.391
2010-05-10,0,842.391,656.313,740.032
2010-05-11,5.30139,740.032,622.552,687.266
2010-05-12,6.56318,687.266,589.465,872.542
2010-05-13,0,872.542,531.633,849.891
2010-05-14,0.025908,849.891,476.07,725.818
2010-05-15,15.642,725.818,849.891,602.618
2010-05-16,12.8783,602.618,842.391,500.48
2010-05-17,26.791,500.48,740.032,491.273
2010-05-18,23.7203,491.273,687.266,553.857
2010-05-19,0.606307,553.857,872.542,812.64
2010-05-20,0,812.64,849.891,797.915
2010-05-21,0,797.915,725.818,736.469
2010-05-22,0,736.469,602.618,639.349
2010-05-23,0,639.349,500.48,566.709
2010-05-24,19.0051,566.709,491.273,488.218
2010-05-25,0,488.218,553.857,399.948
2010-05-26,0,399.948,812.64,318.547
2010-05-27,0.977402,318.547,797.915,266.005
2010-05-28,0,266.005,736.469,243.204
2010-05-29,8.11815,243.204,639.349,229.861
2010-05-30,0.105276,229.861,566.709,212.471
2010-05-31,0,212.471,488.218,210.33
2010-06-01,0,210.33,399.948,183.179
2010-06-02,0.824288,183.179,318.547,163.177
2010-06-03,0.88106,163.177,266.005,149.65
2010-06-04,36.8179,149.65,243.204,171.083
2010-06-05,0.031319,171.083,229.861,256.802
2010-06-06,0,256.802,212.471,291.874
2010-06-07,0,291.874,210.33,221.108
2010-06-08,0,221.108,183.179,201.841
2010-06-09,0.199621,201.841,163.177,159.272
2010-06-10,0.34336,159.272,149.65,159.272
2010-06-11,0.544341,159.272,171.083,143.975
2010-06-12,0.372308,143.975,256.802,143.975
2010-06-13,0,143.975,291.874,124.128
2010-06-14,0,124.128,221.108,118.957
2010-06-15,0.110379,118.957,201.841,113.931
2010-06-16,0.0191476,113.931,159.272,109.049
2010-06-17,1.86516,109.049,159.272,104.309
2010-06-18,2.60979,104.309,143.975,95.2435
2010-06-19,0.32475,95.2435,143.975,106.661
2010-06-20,16.002,106.661,124.128,99.7073
2010-06-21,8.71696,99.7073,118.957,234.28
2010-06-22,17.182,234.28,113.931,560.269
2010-06-23,0,560.269,109.049,479.096
2010-06-24,0,479.096,104.309,405.626
2010-06-25,0,405.626,95.2435,344.84
2010-06-26,0.244544,344.84,106.661,296.665
2010-06-27,0,296.665,99.7073,259.092
2010-06-28,0,259.092,234.28,218.938
2010-06-29,0.029772,218.938,560.269,195.552
2010-06-30,0,195.552,479.096,179.116
2010-07-01,0,179.116,405.626,165.142
2010-07-02,0,165.142,344.84,155.398
2010-07-03,0,155.398,296.665,134.916
2010-07-04,0,134.916,259.092,104.309
2010-07-05,0,104.309,218.938,99.7073
2010-07-06,0,99.7073,195.552,93.0624
2010-07-07,0.00466651,93.0624,179.116,90.9149
2010-07-08,0.292493,90.9149,165.142,86.7195
2010-07-09,0.168814,86.7195,155.398,104.309
2010-07-10,1.73498,104.309,134.916,113.931
2010-07-11,0,113.931,104.309,109.049
2010-07-12,12.1133,109.049,99.7073,99.7073
2010-07-13,28.5093,99.7073,93.0624,179.116
2010-07-14,0,179.116,90.9149,212.471
2010-07-15,10.6707,212.471,86.7195,143.975
2010-07-16,37.8781,143.975,104.309,167.114
2010-07-17,1.8738,167.114,113.931,280.014
2010-07-18,1.38391,280.014,109.049,428.636
2010-07-19,0.187801,428.636,99.7073,458.064
2010-07-20,0,458.064,179.116,537.948
2010-07-21,0,537.948,212.471,544.29
2010-07-22,0,544.29,143.975,385.884
2010-07-23,0,385.884,167.114,470.039
2010-07-24,0,470.039,280.014,440.319
2010-07-25,0,440.319,428.636,323.664
2010-07-26,0,323.664,458.064,289.489
2010-07-27,0,289.489,537.948,247.709
2010-07-28,0,247.709,544.29,229.861
2010-07-29,0,229.861,385.884,201.841
2010-07-30,0,201.841,470.039,181.144
2010-07-31,0,181.144,440.319,163.177
2010-08-01,19.7632,163.177,323.664,419.952
2010-08-02,7.95318,419.952,289.489,557.059
2010-08-03,3.43018,557.059,247.709,440.319
2010-08-04,9.2623,440.319,229.861,334.189
2010-08-05,1.06971,334.189,201.841,683.8
2010-08-06,0,683.8,181.144,656.313
2010-08-07,0,656.313,163.177,550.661
2010-08-08,0,550.661,419.952,446.205
2010-08-09,0,446.205,557.059,350.212
2010-08-10,0.73708,350.212,440.319,289.489
2010-08-11,1.40825,289.489,334.189,249.971
2010-08-12,0.0860886,249.971,683.8,229.861
2010-08-13,15.7627,229.861,656.313,225.47
2010-08-14,0,225.47,550.661,203.952
2010-08-15,0,203.952,446.205,171.083
2010-08-16,0.156828,171.083,350.212,151.558
2010-08-17,0,151.558,289.489,147.75
2010-08-18,0,147.75,249.971,129.447
2010-08-19,0,129.447,229.861,134.916
2010-08-20,0,134.916,225.47,124.128
2010-08-21,0.316406,124.128,203.952,113.931
2010-08-22,0,113.931,171.083,109.049
2010-08-23,0,109.049,151.558,99.7073
2010-08-24,0,99.7073,147.75,93.0624
2010-08-25,0,93.0624,129.447,88.8007
2010-08-26,0,88.8007,134.916,82.6552
2010-08-27,0.0131493,82.6552,124.128,80.6716
2010-08-28,0,80.6716,113.931,74.9116
2010-08-29,0,74.9116,109.049,76.8
2010-08-30,0,76.8,99.7073,73.0543
2010-08-31,0.306834,73.0543,93.0624,69.4325
2010-09-01,0.624552,69.4325,88.8007,67.6673
2010-09-02,0.00321895,67.6673,82.6552,67.6673
2010-09-03,0,67.6673,80.6716,62.5519
2010-09-04,0,62.5519,74.9116,56.1416
2010-09-05,0,56.1416,76.8,60.9059
2010-09-06,0,60.9059,73.0543,54.6105
2010-09-07,0.00305795,54.6105,69.4325,46.0051
2010-09-08,0,46.0051,67.6673,47.3715
2010-09-09,0,47.3715,67.6673,47.3715
2010-09-10,0,47.3715,62.5519,48.7647
2010-09-11,0,48.7647,56.1416,44.6652
2010-09-12,0.461576,44.6652,60.9059,46.0051
2010-09-13,4.43053,46.0051,54.6105,65.9324
2010-09-14,2.37682,65.9324,46.0051,54.6105
2010-09-15,0.640286,54.6105,47.3715,46.0051
2010-09-16,0,46.0051,47.3715,40.8022
2010-09-17,0,40.8022,48.7647,38.3547
2010-09-18,0,38.3547,44.6652,36.0071
2010-09-19,0,36.0071,46.0051,36.0071
2010-09-20,6.36359,36.0071,65.9324,34.8702
2010-09-21,22.0713,34.8702,54.6105,54.6105
2010-09-22,10.8352,54.6105,46.0051,169.095
2010-09-23,15.2262,169.095,40.8022,155.398
2010-09-24,13.5839,155.398,38.3547,181.144
2010-09-25,0,181.144,36.0071,134.916
2010-09-26,17.5257,134.916,36.0071,88.8007
2010-09-27,0.934062,88.8007,34.8702,74.9116
2010-09-28,0,74.9116,54.6105,71.2281
2010-09-29,0,71.2281,169.095,73.0543
2010-09-30,0,73.0543,155.398,126.769
2010-10-01,0,126.769,181.144,124.128
2010-10-02,1.94482,124.128,134.916,187.273
2010-10-03,0.0898978,187.273,88.8007,243.204
2010-10-04,0.244585,243.204,74.9116,203.952
2010-10-05,0,203.952,71.2281,179.116
2010-10-06,0,179.116,73.0543,179.116
2010-10-07,27.0563,179.116,126.769,167.114
2010-10-08,0,167.114,124.128,313.639
2010-10-09,0,313.639,187.273,263.694
2010-10-10,0,263.694,243.204,203.952
2010-10-11,0,203.952,203.952,153.474
2010-10-12,0,153.474,179.116,113.931
2010-10-13,0,113.931,179.116,97.4583
2010-10-14,11.6085,97.4583,167.114,90.9149
2010-10-15,18.612,90.9149,313.639,143.975
2010-10-16,3.03272,143.975,263.694,223.285
2010-10-17,6.3849,223.285,203.952,225.47
2010-10-18,6.9783,225.47,153.474,259.092
2010-10-19,0,259.092,113.931,339.499
2010-10-20,0,339.499,97.4583,266.005
2010-10-21,0,266.005,90.9149,216.775
2010-10-22,1.39733,216.775,143.975,187.273
2010-10-23,0.189578,187.273,223.285,151.558
2010-10-24,0,151.558,225.47,124.128
2010-10-25,0.492484,124.128,259.092,109.049
2010-10-26,0,109.049,339.499,111.472
2010-10-27,0,111.472,266.005,116.426
2010-10-28,0,116.426,216.775,93.0624
2010-10-29,12.0655,93.0624,187.273,76.8
2010-10-30,51.4494,76.8,151.558,183.179
2010-10-31,0,183.179,124.128,318.547
2010-11-01,0,318.547,109.049,254.518
2010-11-02,0,254.518,111.472,208.197
2010-11-03,0,208.197,116.426,171.083
2010-11-04,0,171.083,93.0624,143.975
2010-11-05,6.11639,143.975,76.8,104.309
2010-11-06,0,104.309,183.179,99.7073
2010-11-07,0,99.7073,318.547,113.931
2010-11-08,0,113.931,254.518,88.8007
2010-11-09,18.6699,88.8007,208.197,73.0543
2010-11-10,1.10134,73.0543,171.083,67.6673
2010-11-11,0,67.6673,143.975,67.6673
2010-11-12,0,67.6673,104.309,51.6324
2010-11-13,0,51.6324,99.7073,46.0051
2010-11-14,0.0839326,46.0051,113.931,48.7647
2010-11-15,8.16497,48.7647,88.8007,46.0051
2010-11-16,26.9633,46.0051,73.0543,48.7647
2010-11-17,2.31132,48.7647,67.6673,124.128
2010-11-18,0,124.128,67.6673,118.957
2010-11-19,0,118.957,51.6324,109.049
2010-11-20,4.32595,109.049,46.0051,67.6673
2010-11-21,17.7639,67.6673,48.7647,54.6105
2010-11-22,9.3641,54.6105,46.0051,80.6716
2010-11-23,0,80.6716,48.7647,193.471
2010-11-24,6.16476,193.471,124.128,216.775
2010-11-25,0,216.775,118.957,208.197
2010-11-26,0,208.197,109.049,218.938
2010-11-27,0,218.938,67.6673,183.179
2010-11-28,3.8339,183.179,54.6105,140.234
2010-11-29,4.17673,140.234,80.6716,121.524
2010-11-30,8.62682,121.524,193.471,216.775
2010-12-01,5.26686,216.775,216.775,195.552
2010-12-02,15.1867,195.552,208.197,225.47
2010-12-03,23.6886,225.47,218.938,399.948
2010-12-04,24.7104,399.948,183.179,622.552
2010-12-05,18.4873,622.552,140.234,772.39
2010-12-06,0,772.39,121.524,557.059
2010-12-07,0.576769,557.059,216.775,482.129
2010-12-08,0,482.129,195.552,1161.33
2010-12-09,0,1161.33,225.47,440.319
2010-12-10,1.05649,440.319,399.948,318.547
2010-12-11,7.93118,318.547,622.552,249.971
2010-12-12,26.1224,249.971,772.39,212.471
2010-12-13,25.847,212.471,557.059,284.738
2010-12-14,0,284.738,482.129,592.743
2010-12-15,0,592.743,1161.33,560.269
2010-12-16,0,560.269,440.319,476.07
2010-12-17,0,476.07,318.547,434.463
2010-12-18,0,434.463,249.971,414.199
2010-12-19,0,414.199,212.471,323.664
2010-12-20,9.91066,323.664,284.738,247.709
2010-12-21,26.5869,247.709,592.743,229.861
2010-12-22,5.87401,229.861,560.269,458.064
2010-12-23,0.829516,458.064,476.07,547.472
2010-12-24,0,547.472,434.463,350.212
2010-12-25,21.5881,350.212,414.199,280.014
2010-12-26,0,280.014,323.664,313.639
2010-12-27,0,313.639,247.709,272.979
2010-12-28,0,272.979,229.861,238.728
2010-12-29,0,238.728,458.064,203.952
2010-12-30,0,203.952,547.472,183.179
2010-12-31,0,183.179,350.212,155.398
2011-01-01,0.0727778,155.398,280.014,104.309
2011-01-02,0.204563,104.309,313.639,99.7073
2011-01-03,0,99.7073,272.979,97.4583
2011-01-04,0.0523073,97.4583,238.728,104.309
2011-01-05,7.43181,104.309,203.952,82.6552
2011-01-06,15.6526,82.6552,183.179,84.6711
2011-01-07,1.75873,84.6711,155.398,109.049
2011-01-08,2.67875,109.049,104.309,132.163
2011-01-09,23.6882,132.163,99.7073,155.398
2011-01-10,9.73438,155.398,97.4583,212.471
2011-01-11,1.3981,212.471,104.309,225.47
2011-01-12,8.32501,225.47,82.6552,216.775
2011-01-13,0,216.775,84.6711,193.471
2011-01-14,0,193.471,109.049,216.775
2011-01-15,0.525219,216.775,132.163,185.222
2011-01-16,0.873422,185.222,155.398,221.108
2011-01-17,4.00595,221.108,212.471,183.179
2011-01-18,4.99394,183.179,225.47,163.177
2011-01-19,10.992,163.177,216.775,151.558
2011-01-20,11.7266,151.558,193.471,366.515
2011-01-21,11.7869,366.515,216.775,458.064
2011-01-22,23.9778,458.064,185.222,458.064
2011-01-23,26.9297,458.064,221.108,560.269
2011-01-24,5.99859,560.269,183.179,622.552
2011-01-25,27.2531,622.552,163.177,589.465
2011-01-26,10.2019,589.465,151.558,602.618
2011-01-27,21.3772,602.618,366.515,531.633
2011-01-28,16.1278,531.633,458.064,649.507
2011-01-29,30.6349,649.507,458.064,656.313
2011-01-30,9.49903,656.313,560.269,656.313
2011-01-31,1.07262,656.313,622.552,625.898
2011-02-01,11.8962,625.898,589.465,629.251
2011-02-02,0.820173,629.251,602.618,676.889
2011-02-03,0,676.889,531.633,599.32
2011-02-04,3.12526,599.32,649.507,589.465
2011-02-05,7.40381,589.465,656.313,541.115
2011-02-06,14.1912,541.115,656.313,473.051
2011-02-07,5.91784,473.051,625.898,625.898
2011-02-08,15.7124,625.898,629.251,596.028
2011-02-09,10.0418,596.028,676.889,649.507
2011-02-10,28.5422,649.507,599.32,757.945
2011-02-11,8.12861,757.945,589.465,680.341
2011-02-12,31.5029,680.341,541.115,747.178
2011-02-13,31.618,747.178,473.051,673.443
2011-02-14,16.5133,673.443,625.898,857.417
2011-02-15,0,857.417,596.028,776.018
2011-02-16,0,776.018,649.507,683.8
2011-02-17,0,683.8,757.945,541.115
2011-02-18,0,541.115,680.341,609.236
2011-02-19,0,609.236,747.178,522.213
2011-02-20,0.116822,522.213,673.443,458.064
2011-02-21,29.0631,458.064,857.417,612.555
2011-02-22,10.8414,612.555,776.018,519.087
2011-02-23,8.31391,519.087,683.8,417.072
2011-02-24,9.95697,417.072,541.115,303.9
2011-02-25,11.5747,303.9,609.236,506.654
2011-02-26,5.53327,506.654,522.213,534.787
2011-02-27,8.05217,534.787,458.064,557.059
2011-02-28,0,557.059,612.555,515.968
2011-03-01,0,515.968,519.087,455.088
2011-03-02,2.44608,455.088,417.072,417.072
2011-03-03,0,417.072,303.9,361.05
2011-03-04,0,361.05,506.654,318.547
2011-03-05,0,318.547,534.787,266.005
2011-03-06,0,266.005,557.059,238.728
2011-03-07,0,238.728,515.968,195.552
2011-03-08,0,195.552,455.088,165.142
2011-03-09,0,165.142,417.072,159.272
2011-03-10,8.18719,159.272,361.05,149.65
2011-03-11,26.0425,149.65,318.547,259.092
2011-03-12,48.8767,259.092,266.005,214.619
2011-03-13,1.37803,214.619,238.728,275.317
2011-03-14,0,275.317,195.552,296.665
2011-03-15,0,296.665,165.142,261.389
2011-03-16,0,261.389,159.272,212.471
2011-03-17,0,212.471,149.65,171.083
2011-03-18,2.62937,171.083,259.092,140.234
2011-03-19,0,140.234,214.619,161.22
2011-03-20,0,161.22,275.317,145.858
2011-03-21,0,145.858,296.665,134.916
2011-03-22,0,134.916,261.389,106.661
2011-03-23,0.0158147,106.661,212.471,106.661
2011-03-24,3.03635,106.661,171.083,113.931
2011-03-25,18.4661,113.931,140.234,254.518
2011-03-26,37.6301,254.518,161.22,201.841
2011-03-27,32.2571,201.841,145.858,227.662
2011-03-28,24.6615,227.662,134.916,268.323
2011-03-29,3.54727,268.323,106.661,372.011
2011-03-30,6.65394,372.011,106.661,374.77
2011-03-31,0.799535,374.77,113.931,761.547
2011-04-01,17.4855,761.547,254.518,656.313
2011-04-02,0,656.313,201.841,596.028
2011-04-03,0,596.028,227.662,515.968
2011-04-04,0.794175,515.968,268.323,422.839
2011-04-05,0,422.839,372.011,374.77
2011-04-06,0,374.77,374.77,326.283
2011-04-07,0,326.283,761.547,252.241
2011-04-08,0.215979,252.241,656.313,221.108
2011-04-09,0.9625,221.108,596.028,177.096
2011-04-10,2.15015,177.096,515.968,165.142
2011-04-11,0.120149,165.142,422.839,167.114
2011-04-12,0.445491,167.114,374.77,151.558
2011-04-13,0,151.558,326.283,137.707
2011-04-14,2.19819,137.707,252.241,124.128
2011-04-15,17.8399,124.128,221.108,175.084
2011-04-16,0.537256,175.084,177.096,151.558
2011-04-17,1.27094,151.558,165.142,145.858
2011-04-18,6.87788,145.858,167.114,129.447
2011-04-19,0,129.447,151.558,113.931
2011-04-20,0,113.931,137.707,116.426
2011-04-21,4.22516,116.426,124.128,124.128
2011-04-22,4.04747,124.128,175.084,175.084
2011-04-23,14.3341,175.084,151.558,151.558
2011-04-24,0,151.558,145.858,116.426
2011-04-25,0,116.426,129.447,129.447
2011-04-26,0,129.447,113.931,111.472
2011-04-27,0,111.472,116.426,109.049
2011-04-28,0,109.049,124.128,95.2435
2011-04-29,0,95.2435,175.084,90.9149
2011-04-30,0.078048,90.9149,151.558,67.6673
2011-05-01,0.218863,67.6673,116.426,97.4583
2011-05-02,0,97.4583,129.447,73.0543
2011-05-03,0,73.0543,111.472,65.9324
2011-05-04,0,65.9324,109.049,57.701
2011-05-05,0,57.701,95.2435,50.1849
2011-05-06,0,50.1849,90.9149,64.2273
2011-05-07,0.00351539,64.2273,67.6673,60.9059
2011-05-08,0.0203306,60.9059,97.4583,54.6105
2011-05-09,1.10195,54.6105,73.0543,48.7647
2011-05-10,22.8494,48.7647,65.9324,48.7647
2011-05-11,5.09631,48.7647,57.701,80.6716
2011-05-12,0.135402,80.6716,50.1849,187.273
2011-05-13,0,187.273,64.2273,109.049
2011-05-14,24.1895,109.049,60.9059,84.6711
2011-05-15,7.12935,84.6711,54.6105,234.28
2011-05-16,0.326044,234.28,48.7647,434.463
2011-05-17,0,434.463,48.7647,301.482
2011-05-18,0.461943,301.482,80.6716,203.952
2011-05-19,1.67648,203.952,187.273,179.116
2011-05-20,1.42646,179.116,109.049,137.707
2011-05-21,1.27665,137.707,84.6711,149.65
2011-05-22,0,149.65,234.28,143.975
2011-05-23,0.0237113,143.975,434.463,121.524
2011-05-24,0,121.524,301.482,88.8007
2011-05-25,0.482729,88.8007,203.952,95.2435
2011-05-26,0.411955,95.2435,179.116,88.8007
2011-05-27,0.0542936,88.8007,137.707,80.6716
2011-05-28,0,80.6716,149.65,69.4325
2011-05-29,0,69.4325,143.975,62.5519
2011-05-30,0,62.5519,121.524,51.6324
2011-05-31,0,51.6324,88.8007,54.6105
2011-06-01,0,54.6105,95.2435,53.1076
2011-06-02,0,53.1076,88.8007,54.6105
2011-06-03,0.352626,54.6105,80.6716,51.6324
2011-06-04,1.60727,51.6324,69.4325,56.1416
2011-06-05,0,56.1416,62.5519,48.7647
2011-06-06,0.539737,48.7647,51.6324,46.0051
2011-06-07,9.0142,46.0051,54.6105,50.1849
2011-06-08,0,50.1849,53.1076,106.661
2011-06-09,12.0877,106.661,54.6105,99.7073
2011-06-10,0,99.7073,51.6324,71.2281
2011-06-11,0,71.2281,56.1416,59.289
2011-06-12,0,59.289,48.7647,53.1076
2011-06-13,0,53.1076,46.0051,44.6652
2011-06-14,0,44.6652,50.1849,62.5519
2011-06-15,0,62.5519,106.661,46.0051
2011-06-16,0,46.0051,99.7073,43.3516
2011-06-17,0.0285922,43.3516,71.2281,43.3516
2011-06-18,0.0514231,43.3516,59.289,48.7647
2011-06-19,3.719,48.7647,53.1076,46.0051
2011-06-20,1.79595,46.0051,44.6652,46.0051
2011-06-21,12.8836,46.0051,62.5519,47.3715
2011-06-22,20.3396,47.3715,46.0051,86.7195
2011-06-23,2.42079,86.7195,43.3516,199.737
2011-06-24,0.0822467,199.737,43.3516,201.841
2011-06-25,0.666538,201.841,48.7647,147.75
2011-06-26,7.5847,147.75,46.0051,183.179
2011-06-27,0,183.179,46.0051,245.453
2011-06-28,0.0242484,245.453,47.3715,165.142
2011-06-29,10.0547,165.142,86.7195,104.309
2011-06-30,23.9477,104.309,199.737,132.163
2011-07-01,34.4823,132.163,201.841,352.91
2011-07-02,28.4417,352.91,147.75,949.643
2011-07-03,6.70491,949.643,183.179,957.487
2011-07-04,1.36549,957.487,245.453,794.249
2011-07-05,0.0931116,794.249,165.142,635.976
2011-07-06,0,635.976,104.309,563.485
2011-07-07,0,563.485,132.163,476.07
2011-07-08,0,476.07,352.91,303.9
2011-07-09,0,303.9,949.643,225.47
2011-07-10,0.00227259,225.47,957.487,183.179
2011-07-11,0,183.179,794.249,171.083
2011-07-12,0.0469634,171.083,635.976,157.331
2011-07-13,3.83425,157.331,563.485,159.272
2011-07-14,1.01783,159.272,476.07,191.397
2011-07-15,0,191.397,303.9,189.331
2011-07-16,0,189.331,225.47,155.398
2011-07-17,1.58322,155.398,183.179,134.916
2011-07-18,8.29493,134.916,171.083,214.619
2011-07-19,0.0842426,214.619,157.331,385.884
2011-07-20,10.7317,385.884,159.272,275.317
2011-07-21,34.2424,275.317,191.397,261.389
2011-07-22,0.0121807,261.389,189.331,827.465
2011-07-23,0,827.465,155.398,704.692
2011-07-24,0,704.692,134.916,512.857
2011-07-25,0,512.857,214.619,399.948
2011-07-26,0.400208,399.948,385.884,289.489
2011-07-27,0.987384,289.489,275.317,214.619
2011-07-28,0.0308154,214.619,261.389,210.33
2011-07-29,11.4344,210.33,827.465,201.841
2011-07-30,13.1921,201.841,704.692,405.626
2011-07-31,29.0205,405.626,512.857,953.562
2011-08-01,54.3646,953.562,399.948,989.106
2011-08-02,6.56356,989.106,289.489,973.248
2011-08-03,0,973.248,214.619,849.891
2011-08-04,0,849.891,210.33,834.916
2011-08-05,0,834.916,201.841,790.59
2011-08-06,0,790.59,405.626,701.193
2011-08-07,0.190058,701.193,953.562,582.929
2011-08-08,39.4185,582.929,989.106,531.633
2011-08-09,41.9977,531.633,973.248,1157.11
2011-08-10,0,1157.11,849.891,1290.58
2011-08-11,0,1290.58,834.916,1045.36
2011-08-12,0,1045.36,790.59,812.64
2011-08-13,0,812.64,701.193,615.88
2011-08-14,0,615.88,582.929,560.269
2011-08-15,0.311792,560.269,531.633,519.087
2011-08-16,0,519.087,1157.11,476.07
2011-08-17,0.285305,476.07,1290.58,408.476
2011-08-18,11.9036,408.476,1045.36,342.165
2011-08-19,19.9241,342.165,812.64,414.199
2011-08-20,0,414.199,615.88,437.388
2011-08-21,0,437.388,560.269,299.07
2011-08-22,24.9128,299.07,519.087,240.963
2011-08-23,18.7703,240.963,476.07,566.709
2011-08-24,0,566.709,408.476,761.547
2011-08-25,1.34083,761.547,342.165,550.661
2011-08-26,0,550.661,414.199,659.726
2011-08-27,0,659.726,437.388,531.633
2011-08-28,6.97182,531.633,299.07,417.072
2011-08-29,25.6764,417.072,240.963,355.615
2011-08-30,63.5133,355.615,566.709,1135.72
2011-08-31,0,1135.72,761.547,1337.31
2011-09-01,0,1337.31,550.661,1033.08
2011-09-02,0,1033.08,659.726,1017.57
2011-09-03,0,1017.57,531.633,911.078
2011-09-04,0,911.078,417.072,840.976
2011-09-05,4.34511,840.976,355.615,740.974
2011-09-06,16.7323,740.974,1135.72,769.135
2011-09-07,30.428,769.135,1337.31,982.934
2011-09-08,71.5053,982.934,1033.08,1872.74
2011-09-09,53.1321,1872.74,1017.57,2534.05
2011-09-10,1.67148,2534.05,911.078,2068.32
2011-09-11,0,2068.32,840.976,1701.62
2011-09-12,0,1701.62,740.974,1491.91
2011-09-13,0,1491.91,769.135,1448.43
2011-09-14,0,1448.43,982.934,1237.27
2011-09-15,0,1237.27,1872.74,1052.58
2011-09-16,0,1052.58,2534.05,944.9
2011-09-17,0.264511,944.9,2068.32,888.749
2011-09-18,9.85182,888.749,1701.62,815.601
2011-09-19,0.00557415,815.601,1491.91,776.227
2011-09-20,6.95796,776.227,1448.43,783.34
2011-09-21,0,783.34,1237.27,790.474
2011-09-22,0,790.474,1052.58,608.578
2011-09-23,12.9784,608.578,944.9,433.65
2011-09-24,0.0837883,433.65,888.749,296.953
2011-09-25,0,296.953,815.601,268.593
2011-09-26,0,268.593,776.227,246.072
2011-09-27,0,246.072,783.34,226.586
2011-09-28,0,226.586,790.474,209.959
2011-09-29,0,209.959,608.578,193.74
2011-09-30,0,193.74,433.65,180.171
2011-10-01,2.10629,180.171,296.953,158.264
2011-10-02,8.96426,158.264,268.593,180.171
2011-10-03,0,180.171,246.072,177.94
2011-10-04,0.0251013,177.94,226.586,160.414
2011-10-05,0,160.414,209.959,137.279
2011-10-06,0.0584406,137.279,193.74,123.165
2011-10-07,0,123.165,180.171,119.222
2011-10-08,5.27662,119.222,158.264,113.385
2011-10-09,16.194,113.385,180.171,147.653
2011-10-10,1.72152,147.653,177.94,171.3
2011-10-11,0,171.3,160.414,149.757
2011-10-12,0.529418,149.757,137.279,121.188
2011-10-13,61.9811,121.188,123.165,307.487
2011-10-14,0.0988205,307.487,119.222,730.5
2011-10-15,0,730.5,113.385,592.211
2011-10-16,0,592.211,147.653,478.651
2011-10-17,0,478.651,171.3,318.137
2011-10-18,0,318.137,149.757,226.586
2011-10-19,0,226.586,121.188,198.332
2011-10-20,0,198.332,307.487,171.3
2011-10-21,0,171.3,730.5,151.87
2011-10-22,0,151.87,592.211,137.279
2011-10-23,0,137.279,478.651,133.197
2011-10-24,0,133.197,318.137,119.222
2011-10-25,6.96262,119.222,226.586,160.414
2011-10-26,0,160.414,198.332,243.608
2011-10-27,0,243.608,171.3,180.171
2011-10-28,0,180.171,151.87,135.233
2011-10-29,26.1589,135.233,137.279,129.154
2011-10-30,6.74275,129.154,133.197,209.959
2011-10-31,0,209.959,119.222,261.017
2011-11-01,0,261.017,160.414,202.957
2011-11-02,0,202.957,243.608,151.87
2011-11-03,0,151.87,180.171,125.151
2011-11-04,0,125.151,135.233,111.46
2011-11-05,0.318906,111.46,129.154,102.511
2011-11-06,4.78376,102.511,209.959,99.1044
2011-11-07,0,99.1044,261.017,94.0813
2011-11-08,0,94.0813,202.957,137.279
2011-11-09,0,137.279,151.87,109.545
2011-11-10,7.43673,109.545,125.151,94.0813
2011-11-11,2.3985,94.0813,111.46,92.4304
2011-11-12,5.80291,92.4304,102.511,104.232
2011-11-13,12.7488,104.232,99.1044,97.4184
2011-11-14,20.6362,97.4184,94.0813,90.7912
2011-11-15,6.34794,90.7912,137.279,127.148
2011-11-16,0,127.148,109.545,342.514
2011-11-17,0,342.514,94.0813,418.966
2011-11-18,0,418.966,92.4304,318.137
2011-11-19,0,318.137,104.232,217.036
2011-11-20,1.30576,217.036,97.4184,166.919
2011-11-21,7.61624,166.919,90.7912,123.165
2011-11-22,4.99217,123.165,127.148,113.385
2011-11-23,0,113.385,342.514,125.151
2011-11-24,0,125.151,418.966,139.335
2011-11-25,0.19189,139.335,318.137,105.964
2011-11-26,18.4279,105.964,217.036,92.4304
2011-11-27,2.23008,92.4304,166.919,184.659
2011-11-28,0,184.659,123.165,166.919
2011-11-29,0.0813454,166.919,113.385,113.385
2011-11-30,5.82796,113.385,125.151,107.708
2011-12-01,0.0188237,107.708,139.335,102.511
2011-12-02,0,102.511,105.964,89.1638
2011-12-03,0.0100685,89.1638,92.4304,79.6503
2011-12-04,0,79.6503,184.659,70.5734
2011-12-05,0.00629034,70.5734,166.919,64.7698
2011-12-06,0,64.7698,113.385,49.8627
2011-12-07,31.812,49.8627,107.708,64.7698
2011-12-08,2.31777,64.7698,102.511,61.9436
2011-12-09,0.213529,61.9436,89.1638,89.1638
2011-12-10,0,89.1638,79.6503,121.188
2011-12-11,0,121.188,70.5734,131.171
2011-12-12,1.1956,131.171,64.7698,89.1638
2011-12-13,23.9774,89.1638,49.8627,76.5757
2011-12-14,13.1216,76.5757,64.7698,105.964
2011-12-15,0.0129305,105.964,61.9436,153.992
2011-12-16,1.90806,153.992,89.1638,111.46
2011-12-17,0.536366,111.46,121.188,87.5484
2011-12-18,0,87.5484,131.171,67.6466
2011-12-19,0,67.6466,89.1638,59.1683
2011-12-20,0,59.1683,76.5757,51.1527
2011-12-21,3.74823,51.1527,105.964,51.1527
2011-12-22,5.12362,51.1527,153.992,47.3226
2011-12-23,16.4145,47.3226,111.46,43.6133
2011-12-24,16.3322,43.6133,87.5484,61.9436
2011-12-25,5.81709,61.9436,67.6466,117.266
2011-12-26,0,117.266,59.1683,109.545
2011-12-27,0,109.545,51.1527,90.7912
2011-12-28,0.0421402,90.7912,51.1527,81.2059
2011-12-29,0,81.2059,47.3226,73.5499
2011-12-30,6.07692,73.5499,43.6133,67.6466
2011-12-31,1.56607,67.6466,61.9436,70.5734
2012-01-01,0.462216,70.5734,117.266,94.0813
2012-01-02,0.367378,94.0813,109.545,180.171
2012-01-03,0,180.171,90.7912,205.283
2012-01-04,30.6602,205.283,81.2059,145.559
2012-01-05,12.6794,145.559,73.5499,109.545
2012-01-06,13.1658,109.545,67.6466,94.0813
2012-01-07,14.6681,94.0813,70.5734,121.188
2012-01-08,7.05397,121.188,94.0813,102.511
2012-01-09,2.4452,102.511,180.171,85.9448
2012-01-10,4.43758,85.9448,205.283,67.6466
2012-01-11,11.4906,67.6466,145.559,82.7735
2012-01-12,0.281118,82.7735,109.545,90.7912
2012-01-13,17.0621,90.7912,94.0813,73.5499
2012-01-14,65.9931,73.5499,121.188,537.632
2012-01-15,0,537.632,102.511,826.445
2012-01-16,0.63861,826.445,85.9448,685.662
2012-01-17,2.1359,685.662,67.6466,553.511
2012-01-18,2.27478,553.511,82.7735,454.475
2012-01-19,0.128395,454.475,90.7912,436.606
2012-01-20,2.7406,436.606,73.5499,302.205
2012-01-21,4.89863,302.205,537.632,193.74
2012-01-22,3.32913,193.74,826.445,164.741
2012-01-23,9.90035,164.741,685.662,156.123
2012-01-24,10.8645,156.123,553.511,196.031
2012-01-25,15.3027,196.031,454.475,251.022
2012-01-26,0,251.022,436.606,410.232
2012-01-27,0,410.232,302.205,384.386
2012-01-28,0,384.386,193.74,302.205
2012-01-29,0,302.205,164.741,219.411
2012-01-30,0,219.411,156.123,158.264
2012-01-31,0,158.264,196.031,129.154
2012-02-01,0,129.154,251.022,121.188
2012-02-02,0,121.188,410.232,107.696
2012-02-03,0,107.696,384.386,94.0709
2012-02-04,4.50768,94.0709,302.205,84.3438
2012-02-05,12.3163,84.3438,219.411,123.165
2012-02-06,12.2374,123.165,158.264,173.505
2012-02-07,15.7587,173.505,129.154,171.3
2012-02-08,0.901691,171.3,121.188,266.06
2012-02-09,11.3254,266.06,107.696,281.372
2012-02-10,6.42223,281.372,94.0709,451.481
2012-02-11,0,451.481,84.3438,668.658
2012-02-12,0,668.658,123.165,588.954
2012-02-13,0,588.954,173.505,390.083
2012-02-14,13.7419,390.083,171.3,299.576
2012-02-15,24.1128,299.576,266.06,231.409
2012-02-16,0.99478,231.409,281.372,263.535
2012-02-17,0,263.535,451.481,221.794
2012-02-18,0,221.794,668.658,162.573
2012-02-19,0.227113,162.573,588.954,133.197
2012-02-20,5.08178,133.197,390.083,113.385
2012-02-21,4.19318,113.385,299.576,177.94
2012-02-22,8.99124,177.94,231.409,236.265
2012-02-23,0.375698,236.265,263.535,207.617
2012-02-24,0.0437598,207.617,221.794,202.957
2012-02-25,10.1717,202.957,162.573,184.659
2012-02-26,16.0848,184.659,133.197,151.87
2012-02-27,4.20341,151.87,113.385,286.536
2012-02-28,0.637168,286.536,177.94,276.238
2012-02-29,3.09869,276.238,236.265,236.265
2012-03-01,15.9988,236.265,207.617,202.957
2012-03-02,0.462235,202.957,202.957,180.171
2012-03-03,0,180.171,184.659,145.559
2012-03-04,0,145.559,151.87,115.32
2012-03-05,0,115.32,286.536,109.545
2012-03-06,0,109.545,276.238,90.7812
2012-03-07,0,90.7812,236.265,82.7644
2012-03-08,0,82.7644,202.957,75.0484
2012-03-09,0,75.0484,180.171,76.5673
2012-03-10,0,76.5673,145.559,70.5657
2012-03-11,0,70.5657,115.32,66.1946
2012-03-12,0,66.1946,109.545,59.1618
2012-03-13,0,59.1618,90.7812,57.7935
2012-03-14,9.97162,57.7935,82.7644,56.4382
2012-03-15,0.0875962,56.4382,75.0484,64.7627
2012-03-16,0,64.7627,76.5673,82.7644
2012-03-17,0,82.7644,70.5657,75.0484
2012-03-18,0,75.0484,66.1946,66.1946
2012-03-19,0,66.1946,59.1618,59.1618
2012-03-20,0,59.1618,57.7935,56.4382
2012-03-21,8.2369,56.4382,56.4382,51.1471
2012-03-22,26.3814,51.1471,64.7627,64.7627
2012-03-23,5.19981,64.7627,82.7644,85.9353
2012-03-24,0,85.9353,75.0484,85.9353
2012-03-25,0,85.9353,66.1946,63.3434
2012-03-26,0.655147,63.3434,59.1618,53.7664
2012-03-27,20.8392,53.7664,56.4382,56.4382
2012-03-28,0,56.4382,51.1471,53.7664
2012-03-29,0,53.7664,64.7627,49.8572
2012-03-30,0,49.8572,85.9353,44.8312
2012-03-31,0,44.8312,85.9353,46.0676
2012-04-01,0,46.0676,63.3434,43.6133
2012-04-02,0,43.6133,53.7664,42.404
2012-04-03,0,42.404,56.4382,43.6133
2012-04-04,0,43.6133,53.7664,40.0268
2012-04-05,2.79834,40.0268,49.8572,38.8589
2012-04-06,1.55214,38.8589,44.8312,38.8589
2012-04-07,0,38.8589,46.0676,43.6133
2012-04-08,11.7668,43.6133,43.6133,43.6133
2012-04-09,0.293779,43.6133,42.404,43.6133
2012-04-10,0.100738,43.6133,43.6133,42.404
2012-04-11,1.04816,42.404,40.0268,43.6133
2012-04-12,2.08898,43.6133,38.8589,56.4444
2012-04-13,0,56.4444,38.8589,56.4444
2012-04-14,17.4972,56.4444,43.6133,51.1527
2012-04-15,0,51.1527,43.6133,52.456
2012-04-16,0,52.456,43.6133,52.456
2012-04-17,0,52.456,42.404,32.1476
2012-04-18,0,32.1476,43.6133,31.0792
2012-04-19,0.860699,31.0792,56.4444,28.9862
2012-04-20,3.42883,28.9862,56.4444,36.5651
2012-04-21,2.69866,36.5651,51.1527,36.5651
2012-04-22,0,36.5651,52.456,40.0268
2012-04-23,0,40.0268,52.456,46.0726
2012-04-24,0,46.0726,32.1476,40.0268
2012-04-25,13.5366,40.0268,31.0792,36.5651
2012-04-26,41.4844,36.5651,28.9862,184.659
2012-04-27,0,184.659,36.5651,445.512
2012-04-28,23.9997,445.512,36.5651,457.475
2012-04-29,24.4284,457.475,40.0268,342.514
2012-04-30,0,342.514,46.0726,328.9
2012-05-01,0,328.9,40.0268,253.509
2012-05-02,0,253.509,36.5651,137.279
2012-05-03,0,137.279,184.659,105.964
2012-05-04,0,105.964,445.512,90.7912
2012-05-05,0,90.7912,457.475,82.7735
2012-05-06,0,82.7735,342.514,73.5499
2012-05-07,0,73.5499,328.9,69.1038
2012-05-08,0,69.1038,253.509,60.5495
2012-05-09,0,60.5495,137.279,59.1683
2012-05-10,0,59.1683,105.964,53.7724
2012-05-11,5.69157,53.7724,90.7912,56.4444
2012-05-12,0,56.4444,82.7735,51.1527
2012-05-13,0,51.1527,73.5499,49.8627
2012-05-14,0,49.8627,69.1038,53.7724
2012-05-15,0,53.7724,60.5495,53.7724
2012-05-16,0,53.7724,59.1683,33.2305
2012-05-17,0,33.2305,53.7724,47.3226
2012-05-18,0,47.3226,56.4444,49.8627
2012-05-19,0.694898,49.8627,51.1527,51.1527
2012-05-20,0.622048,51.1527,49.8627,49.8627
2012-05-21,0,49.8627,53.7724,46.0726
2012-05-22,0.180966,46.0726,53.7724,55.1019
2012-05-23,1.24149,55.1019,33.2305,43.6133
2012-05-24,43.1443,43.6133,47.3226,46.0726
2012-05-25,13.7588,46.0726,49.8627,169.105
2012-05-26,0,169.105,51.1527,433.65
2012-05-27,0.823213,433.65,49.8627,348.008
2012-05-28,0.949081,348.008,46.0726,212.31
2012-05-29,0,212.31,55.1019,129.154
2012-05-30,20.0737,129.154,43.6133,100.802
2012-05-31,0,100.802,46.0726,90.7912
2012-06-01,0,90.7912,169.105,85.9448
2012-06-02,0,85.9448,433.65,75.0567
2012-06-03,16.8494,75.0567,348.008,79.6503
2012-06-04,36.0017,79.6503,212.31,164.741
2012-06-05,10.8928,164.741,129.154,515.65
2012-06-06,3.64749,515.65,100.802,439.568
2012-06-07,0,439.568,90.7912,339.777
2012-06-08,0,339.777,85.9448,221.794
2012-06-09,0,221.794,75.0567,158.264
2012-06-10,10.3803,158.264,79.6503,139.335
2012-06-11,18.766,139.335,164.741,243.608
2012-06-12,0,243.608,515.65,401.558
2012-06-13,0,401.558,439.568,356.301
2012-06-14,0,356.301,339.777,261.017
2012-06-15,0,261.017,221.794,198.332
2012-06-16,5.60905,198.332,158.264,162.573
2012-06-17,5.52241,162.573,139.335,149.757
2012-06-18,33.0682,149.757,243.608,283.95
2012-06-19,0.450203,283.95,401.558,512.534
2012-06-20,0.870741,512.534,356.301,430.7
2012-06-21,1.44756,430.7,261.017,326.199
2012-06-22,0.042969,326.199,198.332,337.047
2012-06-23,0,337.047,162.573,534.474
2012-06-24,0,534.474,149.757,484.757
2012-06-25,0,484.757,283.95,387.231
2012-06-26,0,387.231,512.534,261.017
2012-06-27,0,261.017,430.7,238.705
2012-06-28,0,238.705,326.199,214.668
2012-06-29,0,214.668,337.047,169.105
2012-06-30,0,169.105,534.474,158.264
2012-07-01,0,158.264,484.757,137.279
2012-07-02,0,137.279,387.231,125.151
2012-07-03,0,125.151,261.017,117.266
2012-07-04,0,117.266,238.705,105.964
2012-07-05,0,105.964,214.668,97.4184
2012-07-06,8.60519,97.4184,169.105,95.744
2012-07-07,10.6649,95.744,158.264,117.266
2012-07-08,0,117.266,137.279,133.197
2012-07-09,0,133.197,125.151,119.222
2012-07-10,0.180767,119.222,117.266,102.511
2012-07-11,1.05037,102.511,105.964,94.0813
2012-07-12,2.1794,94.0813,97.4184,99.1044
2012-07-13,0,99.1044,95.744,99.1044
2012-07-14,0,99.1044,117.266,90.7912
2012-07-15,0,90.7912,133.197,84.3531
2012-07-16,10.8322,84.3531,119.222,81.2059
2012-07-17,0.48378,81.2059,102.511,79.6503
2012-07-18,18.4884,79.6503,94.0813,307.487
2012-07-19,0,307.487,99.1044,430.7
2012-07-20,0,430.7,99.1044,331.609
2012-07-21,0.00346593,331.609,90.7912,241.153
2012-07-22,0,241.153,84.3531,184.659
2012-07-23,0,184.659,81.2059,145.559
2012-07-24,0.674523,145.559,79.6503,133.197
2012-07-25,0.190567,133.197,307.487,141.4
2012-07-26,0,141.4,430.7,241.153
2012-07-27,13.2306,241.153,331.609,598.741
2012-07-28,2.0137,598.741,241.153,929.82
2012-07-29,13.5963,929.82,184.659,783.34
2012-07-30,44.8373,783.34,145.559,758.536
2012-07-31,43.7402,758.536,133.197,819.211
2012-08-01,10.867,819.211,141.4,994.437
2012-08-02,0,994.437,241.153,811.996
2012-08-03,0,811.996,598.741,579.219
2012-08-04,0,579.219,929.82,515.65
2012-08-05,0.0196529,515.65,783.34,421.89
2012-08-06,0,421.89,758.536,348.008
2012-08-07,0,348.008,819.211,261.017
2012-08-08,0,261.017,994.437,214.668
2012-08-09,0,214.668,811.996,184.659
2012-08-10,0,184.659,579.219,160.414
2012-08-11,1.54255,160.414,515.65,156.123
2012-08-12,0,156.123,421.89,141.4
2012-08-13,0,141.4,348.008,133.197
2012-08-14,0,133.197,261.017,123.165
2012-08-15,1.04282,123.165,214.668,119.222
2012-08-16,0,119.222,184.659,109.545
2012-08-17,0,109.545,160.414,102.511
2012-08-18,0,102.511,156.123,99.1044
2012-08-19,0,99.1044,141.4,97.4184
2012-08-20,0,97.4184,133.197,92.4304
2012-08-21,0.0480647,92.4304,123.165,90.7912
2012-08-22,0,90.7912,119.222,85.9448
2012-08-23,0,85.9448,109.545,82.7735
2012-08-24,0,82.7735,102.511,79.6503
2012-08-25,0.511978,79.6503,99.1044,75.0567
2012-08-26,0.743817,75.0567,97.4184,76.5757
2012-08-27,2.5823,76.5757,92.4304,70.5734
2012-08-28,6.70315,70.5734,90.7912,73.5499
2012-08-29,0.00365696,73.5499,85.9448,76.5757
2012-08-30,0,76.5757,82.7735,75.0567
2012-08-31,0,75.0567,79.6503,75.0567
2012-09-01,0.0633323,75.0567,75.0567,70.5734
2012-09-02,0,70.5734,76.5757,67.6466
2012-09-03,0,67.6466,70.5734,59.1683
2012-09-04,0,59.1683,73.5499,59.1683
2012-09-05,0,59.1683,76.5757,59.1683
2012-09-06,0,59.1683,75.0567,56.4444
2012-09-07,0,56.4444,75.0567,56.4444
2012-09-08,0.203206,56.4444,70.5734,48.586
2012-09-09,6.60553,48.586,67.6466,53.7724
2012-09-10,11.2671,53.7724,59.1683,52.456
2012-09-11,8.86003,52.456,59.1683,95.744
2012-09-12,0,95.744,59.1683,117.266
2012-09-13,1.41151,117.266,56.4444,78.1069
2012-09-14,0,78.1069,56.4444,67.6466
2012-09-15,0,67.6466,48.586,60.5495
2012-09-16,0.337998,60.5495,53.7724,53.7724
2012-09-17,0.606765,53.7724,52.456,53.7724
2012-09-18,0.978843,53.7724,95.744,52.456
2012-09-19,16.0027,52.456,117.266,69.1038
2012-09-20,0.246475,69.1038,78.1069,97.4184
2012-09-21,10.1194,97.4184,67.6466,97.4184
2012-09-22,0,97.4184,60.5495,79.6503
2012-09-23,0,79.6503,53.7724,66.2019
2012-09-24,0,66.2019,53.7724,63.3504
2012-09-25,8.85793,63.3504,52.456,53.7724
2012-09-26,0,53.7724,69.1038,51.1527
2012-09-27,0,51.1527,97.4184,53.7724
2012-09-28,0.00342517,53.7724,97.4184,44.8362
2012-09-29,6.08131,44.8362,79.6503,36.5651
2012-09-30,7.57833,36.5651,66.2019,52.456
2012-10-01,11.5222,52.456,63.3504,52.456
2012-10-02,9.42657,52.456,53.7724,79.6503
2012-10-03,13.3123,79.6503,51.1527,87.5484
2012-10-04,6.05365,87.5484,53.7724,90.7912
2012-10-05,1.34974,90.7912,44.8362,127.148
2012-10-06,0.709018,127.148,36.5651,92.4304
2012-10-07,0,92.4304,52.456,81.2059
2012-10-08,0,81.2059,52.456,66.2019
2012-10-09,0.845166,66.2019,79.6503,60.5495
2012-10-10,11.4427,60.5495,87.5484,59.1683
2012-10-11,0.241043,59.1683,90.7912,117.266
2012-10-12,0,117.266,127.148,94.0813
2012-10-13,0,94.0813,92.4304,182.411
2012-10-14,0,182.411,81.2059,180.171
2012-10-15,0,180.171,66.2019,121.188
2012-10-16,2.20245,121.188,60.5495,95.744
2012-10-17,0.0779124,95.744,59.1683,81.2059
2012-10-18,0,81.2059,117.266,76.5757
2012-10-19,0,76.5757,94.0813,70.5734
2012-10-20,1.92135,70.5734,182.411,60.5495
2012-10-21,19.2306,60.5495,180.171,66.2019
2012-10-22,22.0056,66.2019,121.188,57.7999
2012-10-23,37.4943,57.7999,95.744,605.293
2012-10-24,0.0283736,605.293,81.2059,631.729
2012-10-25,0.586291,631.729,76.5757,500.128
2012-10-26,19.5786,500.128,70.5734,276.238
2012-10-27,5.14176,276.238,60.5495,251.022
2012-10-28,10.1172,251.022,66.2019,238.705
2012-10-29,2.6623,238.705,57.7999,180.171
2012-10-30,3.9024,180.171,605.293,158.264
2012-10-31,2.15997,158.264,631.729,175.718
2012-11-01,2.94709,175.718,500.128,158.264
2012-11-02,0,158.264,276.238,135.233
2012-11-03,0,135.233,251.022,113.385
2012-11-04,5.76943,113.385,238.705,104.232
2012-11-05,0.172892,104.232,180.171,107.708
2012-11-06,0.0525373,107.708,158.264,107.708
2012-11-07,0,107.708,175.718,89.1638
2012-11-08,18.3802,89.1638,158.264,81.2059
2012-11-09,1.32177,81.2059,135.233,70.5734
2012-11-10,0.0677866,70.5734,113.385,76.5757
2012-11-11,12.0082,76.5757,104.232,85.9448
2012-11-12,0.83866,85.9448,107.708,94.0813
2012-11-13,0,94.0813,107.708,94.0813
2012-11-14,0,94.0813,89.1638,105.964
2012-11-15,0.293003,105.964,81.2059,84.3531
2012-11-16,0.115117,84.3531,70.5734,76.5757
2012-11-17,0,76.5757,76.5757,69.1038
2012-11-18,0,69.1038,85.9448,66.2019
2012-11-19,0.459718,66.2019,94.0813,48.586
2012-11-20,2.82533,48.586,94.0813,44.8362
2012-11-21,0,44.8362,105.964,51.1527
2012-11-22,0,51.1527,84.3531,51.1527
2012-11-23,3.12959,51.1527,76.5757,51.1527
2012-11-24,2.60859,51.1527,69.1038,47.3226
2012-11-25,0,47.3226,66.2019,82.7735
2012-11-26,0,82.7735,48.586,70.5734
2012-11-27,16.9436,70.5734,44.8362,67.6466
2012-11-28,0.638159,67.6466,51.1527,64.7698
2012-11-29,1.36941,64.7698,51.1527,67.6466
2012-11-30,5.69527,67.6466,51.1527,56.4444
2012-12-01,7.19482,56.4444,47.3226,53.7724
2012-12-02,10.6175,53.7724,82.7735,52.456
2012-12-03,0,52.456,70.5734,76.5757
2012-12-04,0.136361,76.5757,67.6466,73.5499
2012-12-05,4.36619,73.5499,64.7698,81.2059
2012-12-06,2.99264,81.2059,67.6466,84.3531
2012-12-07,5.28228,84.3531,56.4444,81.2059
2012-12-08,12.2009,81.2059,53.7724,72.0555
2012-12-09,0.890055,72.0555,52.456,63.3504
2012-12-10,0,63.3504,76.5757,78.1069
2012-12-11,11.0678,78.1069,73.5499,73.5499
2012-12-12,3.91004,73.5499,81.2059,55.1019
2012-12-13,6.98157,55.1019,84.3531,53.7724
2012-12-14,0.0113575,53.7724,81.2059,53.7724
2012-12-15,0,53.7724,72.0555,52.456
2012-12-16,0.755812,52.456,63.3504,60.5495
2012-12-17,0.0439045,60.5495,78.1069,59.1683
2012-12-18,0.620043,59.1683,73.5499,59.1683
2012-12-19,8.80897,59.1683,55.1019,53.7724
2012-12-20,15.8631,53.7724,53.7724,81.2059
2012-12-21,14.9576,81.2059,53.7724,72.0555
2012-12-22,4.08448,72.0555,52.456,143.475
2012-12-23,0,143.475,60.5495,89.1638
2012-12-24,0,89.1638,59.1683,70.5734
2012-12-25,7.84772,70.5734,59.1683,61.9436
2012-12-26,6.48757,61.9436,53.7724,52.456
2012-12-27,13.7578,52.456,81.2059,60.5495
2012-12-28,7.9606,60.5495,72.0555,79.6503
2012-12-29,9.88422,79.6503,143.475,196.031
2012-12-30,10.431,196.031,89.1638,296.953
2012-12-31,8.66261,296.953,70.5734,361.863
2013-01-01,23.517,361.863,61.9436,310.138
2013-01-02,2.40476,310.138,52.456,263.535
2013-01-03,0,263.535,60.5495,196.031
2013-01-04,0,196.031,79.6503,160.414
2013-01-05,0.0125647,160.414,196.031,117.266
2013-01-06,29.5833,117.266,296.953,149.757
2013-01-07,8.39349,149.757,361.863,276.238
2013-01-08,30.896,276.238,310.138,345.257
2013-01-09,0.326905,345.257,263.535,466.513
2013-01-10,0,466.513,196.031,395.807
2013-01-11,0,395.807,160.414,334.325
2013-01-12,0,334.325,117.266,202.957
2013-01-13,0,202.957,149.757,137.279
2013-01-14,0,137.279,276.238,111.46
2013-01-15,1.09307,111.46,345.257,84.3531
2013-01-16,9.30749,84.3531,466.513,69.1038
2013-01-17,0,69.1038,395.807,113.385
2013-01-18,11.9048,113.385,334.325,135.233
2013-01-19,0,135.233,202.957,153.992
2013-01-20,0,153.992,137.279,177.94
2013-01-21,0,177.94,111.46,137.279
2013-01-22,0,137.279,84.3531,117.266
2013-01-23,0,117.266,69.1038,95.744
2013-01-24,0,95.744,113.385,78.1069
2013-01-25,1.11382,78.1069,135.233,73.5499
2013-01-26,0,73.5499,153.992,67.6466
2013-01-27,0,67.6466,177.94,60.5495
2013-01-28,0,60.5495,137.279,53.7724
2013-01-29,0,53.7724,117.266,49.8627
2013-01-30,0,49.8627,95.744,40.0268
2013-01-31,0,40.0268,78.1069,38.8589
2013-02-01,0,38.8589,73.5499,34.3277
2013-02-02,28.9825,34.3277,67.6466,33.2305
2013-02-03,0.67396,33.2305,60.5495,40.0268
2013-02-04,0,40.0268,53.7724,51.1527
2013-02-05,0.100834,51.1527,49.8627,56.4444
2013-02-06,0.265944,56.4444,40.0268,53.7724
2013-02-07,0.551342,53.7724,38.8589,51.1527
2013-02-08,33.2417,51.1527,34.3277,47.3226
2013-02-09,11.5098,47.3226,33.2305,64.7698
2013-02-10,2.37878,64.7698,40.0268,90.7912
2013-02-11,3.4563,90.7912,51.1527,82.7735
2013-02-12,22.7558,82.7735,56.4444,99.1044
2013-02-13,7.57374,99.1044,53.7724,212.31
2013-02-14,16.3336,212.31,51.1527,166.919
2013-02-15,8.66285,166.919,47.3226,189.182
2013-02-16,8.57194,189.182,64.7698,233.833
2013-02-17,17.4216,233.833,90.7912,205.283
2013-02-18,6.55946,205.283,82.7735,207.617
2013-02-19,3.60051,207.617,99.1044,219.411
2013-02-20,5.10771,219.411,212.31,283.95
2013-02-21,15.3128,283.95,166.919,345.257
2013-02-22,2.92956,345.257,189.182,364.655
2013-02-23,0,364.655,233.833,236.265
2013-02-24,0,236.265,205.283,149.757
2013-02-25,14.0173,149.757,207.617,102.511
2013-02-26,5.19774,102.511,219.411,131.171
2013-02-27,0,131.171,283.95,107.708
2013-02-28,0,107.708,345.257,81.2059
2013-03-01,0,81.2059,364.655,69.0962
2013-03-02,0,69.0962,236.265,66.1946
2013-03-03,11.1706,66.1946,149.757,57.7935
2013-03-04,18.354,57.7935,102.511,52.4502
2013-03-05,26.2146,52.4502,131.171,84.3438
2013-03-06,1.79084,84.3438,107.708,353.529
2013-03-07,12.5103,353.529,81.2059,273.682
2013-03-08,7.7596,273.682,69.0962,162.573
2013-03-09,28.5772,162.573,66.1946,158.264
2013-03-10,4.60124,158.264,57.7935,226.586
2013-03-11,0.132251,226.586,52.4502,217.036
2013-03-12,15.4664,217.036,84.3438,131.171
2013-03-13,31.0921,131.171,353.529,143.475
2013-03-14,0,143.475,273.682,169.105
2013-03-15,0,169.105,162.573,137.279
2013-03-16,0,137.279,158.264,160.414
2013-03-17,0,160.414,226.586,246.072
2013-03-18,8.75739,246.072,217.036,207.617
2013-03-19,0,207.617,131.171,182.411
2013-03-20,15.3361,182.411,143.475,153.992
2013-03-21,10.1741,153.992,169.105,291.73
2013-03-22,0,291.73,137.279,490.887
2013-03-23,0,490.887,160.414,448.494
2013-03-24,4.97867,448.494,246.072,326.199
2013-03-25,0,326.199,207.617,221.794
2013-03-26,0.179505,221.794,182.411,189.182
2013-03-27,0,189.182,153.992,175.718
2013-03-28,0,175.718,291.73,139.335
2013-03-29,0,139.335,490.887,117.266
2013-03-30,0,117.266,448.494,105.953
2013-03-31,0,105.953,326.199,89.154
2013-04-01,2.16813,89.154,221.794,81.2059
2013-04-02,67.018,81.2059,189.182,81.2059
2013-04-03,0,81.2059,175.718,119.222
2013-04-04,2.0693,119.222,139.335,169.105
2013-04-05,14.7683,169.105,117.266,263.535
2013-04-06,0,263.535,105.953,320.817
2013-04-07,0,320.817,89.154,248.543
2013-04-08,0,248.543,81.2059,171.3
2013-04-09,0,171.3,81.2059,143.475
2013-04-10,0,143.475,119.222,125.151
2013-04-11,0,125.151,169.105,107.708
2013-04-12,34.311,107.708,263.535,100.802
2013-04-13,13.7236,100.802,320.817,104.232
2013-04-14,0.118629,104.232,248.543,111.46
2013-04-15,0,111.46,171.3,92.4304
2013-04-16,0,92.4304,143.475,72.0555
2013-04-17,0,72.0555,125.151,67.6466
2013-04-18,0,67.6466,107.708,64.7698
2013-04-19,0,64.7698,100.802,57.7999
2013-04-20,0,57.7999,104.232,55.1019
2013-04-21,0,55.1019,111.46,53.7724
2013-04-22,0,53.7724,92.4304,51.1527
2013-04-23,0,51.1527,72.0555,51.1527
2013-04-24,0,51.1527,67.6466,49.8627
2013-04-25,0,49.8627,64.7698,48.586
2013-04-26,0,48.586,57.7999,48.586
2013-04-27,0,48.586,55.1019,47.3226
2013-04-28,0,47.3226,53.7724,46.0726
2013-04-29,0.0391383,46.0726,51.1527,46.0726
2013-04-30,0,46.0726,51.1527,43.6133
2013-05-01,0,43.6133,49.8627,56.4444
2013-05-02,0,56.4444,48.586,57.7999
2013-05-03,0,57.7999,48.586,56.4444
2013-05-04,0.452262,56.4444,47.3226,55.1019
2013-05-05,14.1193,55.1019,46.0726,53.7724
2013-05-06,0,53.7724,46.0726,52.456
2013-05-07,0,52.456,43.6133,51.1527
2013-05-08,0,51.1527,56.4444,51.1527
2013-05-09,0,51.1527,57.7999,48.586
2013-05-10,0,48.586,56.4444,48.586
2013-05-11,0,48.586,55.1019,46.0726
2013-05-12,0.369762,46.0726,53.7724,46.0726
2013-05-13,0.214872,46.0726,52.456,46.0726
2013-05-14,1.45395,46.0726,51.1527,43.6133
2013-05-15,21.3233,43.6133,51.1527,42.404
2013-05-16,14.8823,42.404,48.586,42.404
2013-05-17,0,42.404,48.586,40.0268
2013-05-18,0.404404,40.0268,46.0726,40.0268
2013-05-19,2.29611,40.0268,46.0726,40.0268
2013-05-20,1.30662,40.0268,46.0726,44.8362
2013-05-21,0,44.8362,43.6133,51.1527
2013-05-22,0.95528,51.1527,42.404,64.7698
2013-05-23,0.0172975,64.7698,42.404,73.5499
2013-05-24,0,73.5499,40.0268,73.5499
2013-05-25,0,73.5499,40.0268,67.6466
2013-05-26,0.0285262,67.6466,40.0268,63.3504
2013-05-27,4.126,63.3504,44.8362,57.7999
2013-05-28,4.94657,57.7999,51.1527,53.7724
2013-05-29,8.65894,53.7724,64.7698,47.3226
2013-05-30,27.3044,47.3226,73.5499,43.6133
2013-05-31,3.39616,43.6133,73.5499,40.0268
2013-06-01,11.4328,40.0268,67.6466,44.8362
2013-06-02,31.292,44.8362,63.3504,70.5734
2013-06-03,0,70.5734,57.7999,261.017
2013-06-04,0,261.017,53.7724,198.332
2013-06-05,0,198.332,47.3226,113.385
2013-06-06,0,113.385,43.6133,82.7735
2013-06-07,0,82.7735,40.0268,70.5734
2013-06-08,0,70.5734,44.8362,53.7724
2013-06-09,0.451045,53.7724,70.5734,52.456
2013-06-10,4.23362,52.456,261.017,53.7724
2013-06-11,0,53.7724,198.332,53.7724
2013-06-12,0,53.7724,113.385,51.1527
2013-06-13,0,51.1527,82.7735,49.8627
2013-06-14,0,49.8627,70.5734,41.2085
2013-06-15,0.682788,41.2085,53.7724,40.0268
2013-06-16,7.63229,40.0268,52.456,38.8589
2013-06-17,5.66991,38.8589,53.7724,51.1527
2013-06-18,0,51.1527,53.7724,64.7698
2013-06-19,12.8049,64.7698,51.1527,113.385
2013-06-20,29.1228,113.385,49.8627,198.332
2013-06-21,16.5152,198.332,41.2085,506.319
2013-06-22,0,506.319,40.0268,844.621
2013-06-23,1.24027,844.621,38.8589,672.048
2013-06-24,22.9458,672.048,51.1527,528.176
2013-06-25,19.123,528.176,64.7698,645.081
2013-06-26,27.8221,645.081,113.385,699.362
2013-06-27,3.66102,699.362,198.332,720.073
2013-06-28,0,720.073,506.319,605.293
2013-06-29,0.630298,605.293,844.621,592.211
2013-06-30,0,592.211,672.048,655.152
2013-07-01,0,655.152,528.176,566.318
2013-07-02,0,566.318,645.081,454.475
2013-07-03,0,454.475,699.362,395.807
2013-07-04,0,395.807,720.073,276.238
2013-07-05,0,276.238,605.293,219.411
2013-07-06,0,219.411,592.211,175.718
2013-07-07,0.470385,175.718,655.152,143.475
2013-07-08,6.28178,143.475,566.318,145.559
2013-07-09,0,145.559,454.475,131.171
2013-07-10,0.127413,131.171,395.807,125.151
2013-07-11,0,125.151,276.238,119.222
2013-07-12,0,119.222,219.411,115.32
2013-07-13,0,115.32,175.718,105.964
2013-07-14,0,105.964,143.475,102.511
2013-07-15,0.950865,102.511,145.559,95.744
2013-07-16,0,95.744,131.171,97.4184
2013-07-17,0,97.4184,125.151,87.5484
2013-07-18,0.484529,87.5484,119.222,84.3531
2013-07-19,2.73731,84.3531,115.32,109.545
2013-07-20,11.5403,109.545,105.964,224.186
2013-07-21,1.10722,224.186,102.511,762.064
2013-07-22,10.1586,762.064,95.744,730.5
2013-07-23,31.2567,730.5,97.4184,877.65
2013-07-24,0,877.65,87.5484,706.244
2013-07-25,0,706.244,84.3531,582.458
2013-07-26,0,582.458,109.545,484.757
2013-07-27,0,484.757,224.186,418.966
2013-07-28,0,418.966,762.064,395.807
2013-07-29,0,395.807,730.5,320.817
2013-07-30,0,320.817,877.65,251.022
2013-07-31,0,251.022,706.244,169.105
2013-08-01,0,169.105,582.458,147.653
2013-08-02,0,147.653,484.757,137.279
2013-08-03,0,137.279,418.966,113.385
2013-08-04,2.71452,113.385,395.807,143.475
2013-08-05,0,143.475,320.817,256.004
2013-08-06,23.2876,256.004,251.022,153.992
2013-08-07,0,153.992,169.105,566.318
2013-08-08,0.593798,566.318,147.653,472.57
2013-08-09,3.16595,472.57,137.279,367.453
2013-08-10,9.63641,367.453,113.385,401.558
2013-08-11,0.167403,401.558,143.475,907.344
2013-08-12,0,907.344,256.004,808.396
2013-08-13,0,808.396,153.992,689.079
2013-08-14,0.0688601,689.079,566.318,602.014
2013-08-15,0,602.014,472.57,424.82
2013-08-16,0,424.82,367.453,299.576
2013-08-17,0,299.576,401.558,246.072
2013-08-18,6.24802,246.072,907.344,214.668
2013-08-19,1.97336,214.668,808.396,180.171
2013-08-20,0,180.171,689.079,162.573
2013-08-21,0,162.573,602.014,156.123
2013-08-22,0,156.123,424.82,162.573
2013-08-23,2.94151,162.573,299.576,139.335
2013-08-24,3.878,139.335,246.072,137.279
2013-08-25,10.8734,137.279,214.668,141.4
2013-08-26,31.2607,141.4,180.171,342.514
2013-08-27,0,342.514,162.573,730.5
2013-08-28,0,730.5,156.123,695.929
2013-08-29,0,695.929,162.573,566.318
2013-08-30,0,566.318,139.335,439.568
2013-08-31,0.719115,439.568,137.279,331.609
2013-09-01,13.5229,331.609,141.4,251.022
2013-09-02,1.38947,251.022,342.514,390.083
2013-09-03,10.7284,390.083,730.5,515.65
2013-09-04,2.26063,515.65,695.929,410.232
2013-09-05,0,410.232,566.318,248.543
2013-09-06,0,248.543,439.568,202.957
2013-09-07,0,202.957,331.609,177.94
2013-09-08,0.997696,177.94,251.022,149.757
2013-09-09,0,149.757,390.083,145.559
2013-09-10,0,145.559,515.65,135.233
2013-09-11,0,135.233,410.232,125.151
2013-09-12,0,125.151,248.543,125.151
2013-09-13,0,125.151,202.957,111.46
2013-09-14,0,111.46,177.94,107.696
2013-09-15,1.80302,107.696,149.757,94.0709
2013-09-16,27.69,94.0709,145.559,147.653
2013-09-17,4.54313,147.653,135.233,556.704
2013-09-18,0,556.704,125.151,621.774
2013-09-19,0,621.774,125.151,484.757
2013-09-20,27.5787,484.757,111.46,740.974
2013-09-21,30.2727,740.974,107.696,1286.98
2013-09-22,38.8797,1286.98,94.0709,1886.84
2013-09-23,2.26111,1886.84,147.653,1830.64
2013-09-24,0,1830.64,556.704,1431.15
2013-09-25,0,1431.15,621.774,1291.15
2013-09-26,0,1291.15,484.757,1328.88
2013-09-27,0.0528503,1328.88,740.974,1167.92
2013-09-28,3.5468,1167.92,1286.98,1048.67
2013-09-29,0.131671,1048.67,1886.84,873.96
2013-09-30,5.02907,873.96,1830.64,808.396
2013-10-01,0,808.396,1431.15,859.251
2013-10-02,0.302439,859.251,1291.15,702.8
2013-10-03,12.7769,702.8,1328.88,540.796
2013-10-04,1.01548,540.796,1167.92,638.394
2013-10-05,0,638.394,1048.67,490.887
2013-10-06,0,490.887,873.96,387.231
2013-10-07,0,387.231,808.396,291.73
2013-10-08,0,291.73,859.251,241.153
2013-10-09,0,241.153,702.8,205.283
2013-10-10,0,205.283,540.796,191.457
2013-10-11,1.43745,191.457,638.394,166.919
2013-10-12,0,166.919,490.887,158.264
2013-10-13,2.45615,158.264,387.231,158.264
2013-10-14,0,158.264,291.73,156.123
2013-10-15,0.128647,156.123,241.153,145.559
2013-10-16,9.52546,145.559,205.283,158.264
2013-10-17,2.08746,158.264,191.457,145.559
2013-10-18,0,145.559,166.919,156.123
2013-10-19,0,156.123,158.264,141.4
2013-10-20,0,141.4,158.264,131.171
2013-10-21,20.6586,131.171,156.123,113.385
2013-10-22,7.63382,113.385,145.559,127.148
2013-10-23,1.33984,127.148,158.264,141.4
2013-10-24,30.9156,141.4,145.559,173.505
2013-10-25,0,173.505,156.123,276.238
2013-10-26,2.66604,276.238,141.4,263.535
2013-10-27,7.4581,263.535,131.171,263.535
2013-10-28,0,263.535,113.385,276.238
2013-10-29,0,276.238,127.148,202.957
2013-10-30,0,202.957,141.4,147.653
2013-10-31,0,147.653,173.505,129.154
2013-11-01,0,129.154,276.238,115.32
2013-11-02,1.95832,115.32,263.535,113.385
2013-11-03,2.53541,113.385,263.535,109.545
2013-11-04,0,109.545,276.238,109.545
2013-11-05,0,109.545,202.957,105.964
2013-11-06,0,105.964,147.653,105.964
2013-11-07,0,105.964,129.154,97.4184
2013-11-08,0,97.4184,115.32,89.1638
2013-11-09,0,89.1638,113.385,90.7912
2013-11-10,6.08113,90.7912,109.545,90.7912
2013-11-11,3.88078,90.7912,109.545,85.9448
2013-11-12,14.191,85.9448,105.964,94.0813
2013-11-13,0,94.0813,105.964,141.4
2013-11-14,0,141.4,97.4184,117.266
2013-11-15,1.59816,117.266,89.1638,87.5484
2013-11-16,8.39748,87.5484,90.7912,78.1069
2013-11-17,0,78.1069,90.7912,73.5499
2013-11-18,0,73.5499,85.9448,70.5734
2013-11-19,0,70.5734,94.0813,63.3504
2013-11-20,19.2985,63.3504,141.4,64.7698
2013-11-21,3.81771,64.7698,117.266,61.9436
2013-11-22,0,61.9436,87.5484,95.744
2013-11-23,0,95.744,78.1069,102.511
2013-11-24,0,102.511,73.5499,94.0813
2013-11-25,0,94.0813,70.5734,84.3531
2013-11-26,0,84.3531,63.3504,72.0555
2013-11-27,0,72.0555,64.7698,72.0555
2013-11-28,3.57656,72.0555,61.9436,76.5757
2013-11-29,29.597,76.5757,95.744,105.964
2013-11-30,1.94098,105.964,102.511,153.992
2013-12-01,0.404967,153.992,94.0813,141.4
2013-12-02,8.62828,141.4,84.3531,100.802
2013-12-03,0,100.802,72.0555,82.7735
2013-12-04,0,82.7735,72.0555,73.5499
2013-12-05,34.2689,73.5499,76.5757,113.385
2013-12-06,4.05231,113.385,105.964,263.535
2013-12-07,0.225036,263.535,153.992,207.617
2013-12-08,0,207.617,141.4,129.154
2013-12-09,16.0538,129.154,100.802,95.744
2013-12-10,13.017,95.744,82.7735,184.659
2013-12-11,0,184.659,73.5499,151.87
2013-12-12,0,151.87,113.385,113.385
2013-12-13,0.260466,113.385,263.535,85.9448
2013-12-14,5.31809,85.9448,207.617,85.9448
2013-12-15,0.880466,85.9448,129.154,214.668
2013-12-16,0.50603,214.668,95.744,189.182
2013-12-17,0,189.182,184.659,212.31
2013-12-18,0,212.31,151.87,102.511
2013-12-19,0,102.511,113.385,82.7735
2013-12-20,0,82.7735,85.9448,79.6503
2013-12-21,0,79.6503,85.9448,69.1038
2013-12-22,0,69.1038,214.668,61.9436
2013-12-23,0,61.9436,189.182,56.4444
2013-12-24,0,56.4444,212.31,53.7724
2013-12-25,0,53.7724,102.511,36.5651
2013-12-26,0.177691,36.5651,82.7735,41.2085
2013-12-27,6.352,41.2085,79.6503,41.2085
2013-12-28,28.4059,41.2085,69.1038,56.4444
2013-12-29,9.89868,56.4444,61.9436,129.154
2013-12-30,0.742134,129.154,56.4444,135.233
2013-12-31,8.35853,135.233,53.7724,113.385
2014-01-01,20.2757,113.385,36.5651,145.559
2014-01-02,5.31763,145.559,41.2085,173.505
2014-01-03,19.0771,173.505,41.2085,281.372
2014-01-04,8.41986,281.372,56.4444,289.129
2014-01-05,5.5155,289.129,129.154,312.797
2014-01-06,5.96052,312.797,135.233,278.801
2014-01-07,0.373678,278.801,113.385,219.411
2014-01-08,15.3007,219.411,145.559,184.659
2014-01-09,5.16996,184.659,173.505,177.94
2014-01-10,4.33795,177.94,281.372,226.586
2014-01-11,22.1918,226.586,289.129,256.004
2014-01-12,21.1324,256.004,312.797,699.362
2014-01-13,15.4564,699.362,278.801,844.621
2014-01-14,3.67277,844.621,219.411,866.596
2014-01-15,5.82302,866.596,184.659,720.073
2014-01-16,16.1955,720.073,177.94,655.152
2014-01-17,0,655.152,226.586,672.048
2014-01-18,0,672.048,256.004,602.014
2014-01-19,0,602.014,699.362,481.701
2014-01-20,0,481.701,844.621,367.453
2014-01-21,0,367.453,866.596,286.536
2014-01-22,5.77721,286.536,720.073,283.95
2014-01-23,6.6079,283.95,655.152,258.507
2014-01-24,11.476,258.507,672.048,266.06
2014-01-25,3.88964,266.06,602.014,214.668
2014-01-26,5.20093,214.668,481.701,133.197
2014-01-27,0,133.197,367.453,189.182
2014-01-28,0,189.182,286.536,139.335
2014-01-29,0,139.335,283.95,107.708
2014-01-30,0.054022,107.708,258.507,87.5484
2014-01-31,4.98766,87.5484,266.06,95.744
2014-02-01,1.94931,95.744,214.668,84.3531
2014-02-02,0,84.3531,133.197,78.1069
2014-02-03,0.424354,78.1069,189.182,73.5499
2014-02-04,7.32721,73.5499,139.335,67.6466
2014-02-05,5.56992,67.6466,107.708,60.5495
2014-02-06,0.193309,60.5495,87.5484,59.1683
2014-02-07,0,59.1683,95.744,53.7724
2014-02-08,21.5734,53.7724,84.3531,56.4444
2014-02-09,0.43638,56.4444,78.1069,47.3226
2014-02-10,0,47.3226,73.5499,59.1683
2014-02-11,0,59.1683,67.6466,69.1038
2014-02-12,0,69.1038,60.5495,59.1683
2014-02-13,16.1468,59.1683,59.1683,64.7698
2014-02-14,22.4849,64.7698,53.7724,200.64
2014-02-15,0.303111,200.64,56.4444,184.659
2014-02-16,0,184.659,47.3226,143.475
2014-02-17,0,143.475,59.1683,87.5484
2014-02-18,0,87.5484,69.1038,75.0567
2014-02-19,0,75.0567,59.1683,64.7698
2014-02-20,0.0170353,64.7698,64.7698,66.2019
2014-02-21,0,66.2019,200.64,53.7724
2014-02-22,11.6088,53.7724,184.659,85.9448
2014-02-23,16.8299,85.9448,143.475,84.3531
2014-02-24,17.4712,84.3531,87.5484,261.017
2014-02-25,4.39458,261.017,75.0567,147.653
2014-02-26,9.96785,147.653,64.7698,189.182
2014-02-27,11.7648,189.182,66.2019,328.9
2014-02-28,0.29574,328.9,53.7724,430.7
2014-03-01,0,430.7,85.9448,334.325
2014-03-02,0,334.325,84.3531,390.083
2014-03-03,1.44294,390.083,261.017,105.964
2014-03-04,35.0573,105.964,147.653,145.559
2014-03-05,19.4938,145.559,189.182,268.593
2014-03-06,1.03372,268.593,328.9,375.889
2014-03-07,0,375.889,430.7,302.205
2014-03-08,0.136171,302.205,334.325,200.64
2014-03-09,9.25671,200.64,390.083,171.3
2014-03-10,18.7427,171.3,105.964,99.1044
2014-03-11,16.6876,99.1044,145.559,307.487
2014-03-12,1.21349,307.487,268.593,291.73
2014-03-13,2.07203,291.73,375.889,359.079
2014-03-14,0,359.079,302.205,395.807
2014-03-15,9.33609,395.807,200.64,307.487
2014-03-16,9.818,307.487,171.3,271.134
2014-03-17,0.547408,271.134,99.1044,236.265
2014-03-18,28.8979,236.265,307.487,193.74
2014-03-19,11.3628,193.74,291.73,326.199
2014-03-20,7.49753,326.199,359.079,123.165
2014-03-21,3.24051,123.165,395.807,268.593
2014-03-22,0,268.593,307.487,241.153
2014-03-23,0,241.153,271.134,207.617
2014-03-24,0,207.617,236.265,145.559
2014-03-25,0,145.559,193.74,127.148
2014-03-26,0,127.148,326.199,119.222
2014-03-27,0.154274,119.222,123.165,104.232
2014-03-28,0,104.232,268.593,113.385
2014-03-29,0,113.385,241.153,102.511
2014-03-30,4.60221,102.511,207.617,79.6503
2014-03-31,0.605629,79.6503,145.559,89.1638
2014-04-01,0.293004,89.1638,127.148,95.744
2014-04-02,0,95.744,119.222,94.0813
2014-04-03,0,94.0813,104.232,107.708
2014-04-04,0,107.708,113.385,99.1044
2014-04-05,0.00233363,99.1044,102.511,90.7912
2014-04-06,0,90.7912,79.6503,76.5757
2014-04-07,0,76.5757,89.1638,67.6466
2014-04-08,0.00902306,67.6466,95.744,56.4444
2014-04-09,39.1879,56.4444,94.0813,64.7698
2014-04-10,7.04533,64.7698,107.708,104.232
2014-04-11,2.7309,104.232,99.1044,85.9448
2014-04-12,13.6346,85.9448,90.7912,94.0813
2014-04-13,1.84164,94.0813,76.5757,90.7912
2014-04-14,0,90.7912,67.6466,67.6466
2014-04-15,1.65509,67.6466,56.4444,66.2019
2014-04-16,0,66.2019,64.7698,61.9436
2014-04-17,0,61.9436,104.232,64.7698
2014-04-18,9.07406,64.7698,85.9448,52.456
2014-04-19,13.6896,52.456,94.0813,57.7999
2014-04-20,5.8787,57.7999,90.7912,73.5499
2014-04-21,0.354226,73.5499,67.6466,82.7735
2014-04-22,15.3425,82.7735,66.2019,72.0555
2014-04-23,0,72.0555,61.9436,84.3531
2014-04-24,0,84.3531,64.7698,135.233
2014-04-25,0,135.233,52.456,105.964
2014-04-26,0,105.964,57.7999,90.7912
2014-04-27,0,90.7912,73.5499,79.6503
2014-04-28,0,79.6503,82.7735,61.9436
2014-04-29,0,61.9436,72.0555,51.1527
2014-04-30,31.1427,51.1527,84.3531,53.7724
2014-05-01,18.8152,53.7724,135.233,104.232
2014-05-02,0,104.232,105.964,289.129
2014-05-03,0,289.129,90.7912,207.617
2014-05-04,0.486366,207.617,79.6503,131.171
2014-05-05,4.53003,131.171,61.9436,92.4304
2014-05-06,10.5236,92.4304,51.1527,82.7735
2014-05-07,0.446841,82.7735,53.7724,73.5499
2014-05-08,0.867496,73.5499,104.232,78.1069
2014-05-09,0,78.1069,289.129,60.5495
2014-05-10,0,60.5495,207.617,72.0555
2014-05-11,0,72.0555,131.171,66.2019
2014-05-12,0,66.2019,92.4304,59.1683
2014-05-13,0,59.1683,82.7735,53.7724
2014-05-14,0.685221,53.7724,73.5499,56.4444
2014-05-15,0,56.4444,78.1069,53.7724
2014-05-16,0.401776,53.7724,60.5495,60.5495
2014-05-17,0,60.5495,72.0555,73.5499
2014-05-18,0,73.5499,66.2019,59.1683
2014-05-19,0,59.1683,59.1683,53.7724
2014-05-20,0,53.7724,53.7724,52.456
2014-05-21,12.7756,52.456,56.4444,52.456
2014-05-22,22.6622,52.456,53.7724,60.5495
2014-05-23,6.91995,60.5495,60.5495,258.507
2014-05-24,0,258.507,73.5499,200.64
2014-05-25,12.6561,200.64,59.1683,147.653
2014-05-26,5.1751,147.653,53.7724,173.505
2014-05-27,0,173.505,52.456,312.797
2014-05-28,0,312.797,52.456,236.265
2014-05-29,0,236.265,60.5495,158.264
2014-05-30,0,158.264,258.507,115.32
2014-05-31,29.6146,115.32,200.64,111.46
2014-06-01,0.00972731,111.46,147.653,164.741
2014-06-02,0,164.741,173.505,184.659
2014-06-03,0,184.659,312.797,123.165
2014-06-04,0,123.165,236.265,109.545
2014-06-05,18.0167,109.545,158.264,102.511
2014-06-06,14.4357,102.511,115.32,410.232
2014-06-07,21.6073,410.232,111.46,490.887
2014-06-08,33.1433,490.887,164.741,1371.2
2014-06-09,0.492763,1371.2,184.659,1474.47
2014-06-10,0.372555,1474.47,123.165,1159.84
2014-06-11,0.0632428,1159.84,109.545,1111.76
2014-06-12,0,1111.76,102.511,1192.25
2014-06-13,0.0900513,1192.25,410.232,1123.72
2014-06-14,10.4354,1123.72,490.887,1017.57
2014-06-15,4.81153,1017.57,1371.2,975.289
2014-06-16,6.66071,975.289,1474.47,929.82
2014-06-17,0.548012,929.82,1159.84,797.627
2014-06-18,8.01265,797.627,1111.76,801.212
2014-06-19,0,801.212,1192.25,706.244
2014-06-20,0,706.244,1123.72,602.014
2014-06-21,0,602.014,1017.57,404.443
2014-06-22,0,404.443,975.289,328.9
2014-06-23,1.7327,328.9,929.82,224.186
2014-06-24,6.66978,224.186,797.627,200.64
2014-06-25,31.2562,200.64,801.212,202.957
2014-06-26,16.2374,202.957,706.244,243.608
2014-06-27,29.5482,243.608,602.014,1021.44
2014-06-28,24.9442,1021.44,404.443,1549.04
2014-06-29,0.0464575,1549.04,328.9,1540.2
2014-06-30,0,1540.2,224.186,1562.31
2014-07-01,0,1562.31,200.64,1233.15
2014-07-02,0,1233.15,202.957,1257.91
2014-07-03,0,1257.91,243.608,948.682
2014-07-04,0,948.682,1021.44,815.601
2014-07-05,0,815.601,1549.04,675.443
2014-07-06,4.70023,675.443,1540.2,585.703
2014-07-07,6.05914,585.703,1562.31,487.819
2014-07-08,0.624375,487.819,1233.15,401.558
2014-07-09,8.3544,401.558,1257.91,356.301
2014-07-10,0,356.301,948.682,224.186
2014-07-11,0,224.186,815.601,198.332
2014-07-12,0,198.332,675.443,184.659
2014-07-13,0,184.659,585.703,175.718
2014-07-14,0,175.718,487.819,162.573
2014-07-15,0,162.573,401.558,158.264
2014-07-16,0.974721,158.264,356.301,145.559
2014-07-17,6.62608,145.559,224.186,141.4
2014-07-18,14.1094,141.4,198.332,139.335
2014-07-19,0,139.335,184.659,125.151
2014-07-20,0,125.151,175.718,121.188
2014-07-21,0,121.188,162.573,117.266
2014-07-22,0,117.266,158.264,102.511
2014-07-23,0.623115,102.511,145.559,87.5484
2014-07-24,29.5847,87.5484,141.4,184.659
2014-07-25,1.5945,184.659,139.335,418.966
2014-07-26,0,418.966,125.151,304.842
2014-07-27,0,304.842,121.188,193.74
2014-07-28,0,193.74,117.266,156.123
2014-07-29,0,156.123,102.511,135.233
2014-07-30,0,135.233,87.5484,121.188
2014-07-31,0.386684,121.188,184.659,109.545
2014-08-01,0.876228,109.545,418.966,121.188
2014-08-02,13.05,121.188,304.842,177.94
2014-08-03,0,177.94,193.74,182.411
2014-08-04,0.0415265,182.411,156.123,129.154
2014-08-05,0,129.154,135.233,115.32
2014-08-06,0,115.32,121.188,117.266
2014-08-07,0,117.266,109.545,99.0935
2014-08-08,0,99.0935,121.188,99.0935
2014-08-09,0,99.0935,177.94,97.4076
2014-08-10,12.2463,97.4076,182.411,89.154
2014-08-11,0,89.154,129.154,89.154
2014-08-12,9.57997,89.154,115.32,85.9353
2014-08-13,6.99727,85.9353,117.266,189.182
2014-08-14,0,189.182,99.0935,200.64
2014-08-15,0,200.64,99.0935,127.148
2014-08-16,11.5201,127.148,97.4076,158.264
2014-08-17,0.0129193,158.264,89.154,273.682
2014-08-18,0,273.682,89.154,291.73
2014-08-19,0,291.73,85.9353,217.036
2014-08-20,0,217.036,189.182,171.3
2014-08-21,0,171.3,200.64,153.992
2014-08-22,0,153.992,127.148,125.151
2014-08-23,0,125.151,158.264,125.151
2014-08-24,0,125.151,273.682,117.266
2014-08-25,8.98145,117.266,291.73,100.791
2014-08-26,19.8626,100.791,217.036,145.559
2014-08-27,0,145.559,171.3,202.957
2014-08-28,0,202.957,153.992,127.148
2014-08-29,0,127.148,125.151,105.953
2014-08-30,0,105.953,125.151,95.7334
2014-08-31,30.3273,95.7334,117.266,131.171
2014-09-01,0,131.171,100.791,214.668
2014-09-02,27.0597,214.668,145.559,214.668
2014-09-03,5.6418,214.668,202.957,350.765
2014-09-04,0,350.765,127.148,361.863
2014-09-05,0,361.863,105.953,251.022
2014-09-06,0,251.022,95.7334,205.283
2014-09-07,0.482623,205.283,131.171,180.171
2014-09-08,0,180.171,214.668,169.105
2014-09-09,0,169.105,214.668,158.264
2014-09-10,0.0314654,158.264,350.765,123.165
2014-09-11,0.377086,123.165,361.863,133.197
2014-09-12,0.351668,133.197,251.022,107.708
2014-09-13,0,107.708,205.283,105.964
2014-09-14,0,105.964,180.171,102.511
2014-09-15,0.0201548,102.511,169.105,90.7912
2014-09-16,0,90.7912,158.264,84.3531
2014-09-17,0.668854,84.3531,123.165,81.2059
2014-09-18,22.1208,81.2059,133.197,81.2059
2014-09-19,26.2334,81.2059,107.708,189.182
2014-09-20,1.44767,189.182,105.964,261.017
2014-09-21,0,261.017,102.511,207.617
2014-09-22,0,207.617,90.7912,141.4
2014-09-23,0,141.4,84.3531,99.1044
2014-09-24,17.2797,99.1044,81.2059,113.385
2014-09-25,6.47545,113.385,81.2059,205.283
2014-09-26,11.37,205.283,189.182,278.801
2014-09-27,8.80662,278.801,261.017,373.071
2014-09-28,12.4539,373.071,207.617,367.453
2014-09-29,27.9266,367.453,141.4,723.543
2014-09-30,18.0435,723.543,99.1044,1036.97
2014-10-01,14.9629,1036.97,113.385,1396.79
2014-10-02,0,1396.79,205.283,1139.73
2014-10-03,0,1139.73,278.801,956.26
2014-10-04,0,956.26,373.071,786.904
2014-10-05,0,786.904,367.453,678.844
2014-10-06,0.286773,678.844,723.543,566.318
2014-10-07,0.680229,566.318,1036.97,512.534
2014-10-08,0,512.534,1396.79,448.494
2014-10-09,0,448.494,1139.73,404.443
2014-10-10,0.00601809,404.443,956.26,304.842
2014-10-11,0.778459,304.842,786.904,236.265
2014-10-12,13.0653,236.265,678.844,193.74
2014-10-13,15.4658,193.74,566.318,191.457
2014-10-14,14.4136,191.457,512.534,390.083
2014-10-15,0,390.083,448.494,375.889
2014-10-16,8.11413,375.889,404.443,299.576
2014-10-17,15.2457,299.576,304.842,217.036
2014-10-18,22.1817,217.036,236.265,236.265
2014-10-19,11.3701,236.265,193.74,224.186
2014-10-20,3.99986,224.186,191.457,191.457
2014-10-21,0.23789,191.457,390.083,191.457
2014-10-22,0,191.457,375.889,137.279
2014-10-23,0,137.279,299.576,143.475
2014-10-24,0.795027,143.475,217.036,125.151
2014-10-25,2.92408,125.151,236.265,119.222
2014-10-26,0,119.222,224.186,109.545
2014-10-27,0,109.545,191.457,104.232
2014-10-28,0,104.232,191.457,90.7912
2014-10-29,0,90.7912,137.279,85.9448
2014-10-30,5.60132,85.9448,143.475,87.5484
2014-10-31,6.69067,87.5484,125.151,92.4304
2014-11-01,7.18448,92.4304,119.222,113.385
2014-11-02,4.78525,113.385,109.545,105.964
2014-11-03,4.29401,105.964,104.232,121.188
2014-11-04,16.5885,121.188,90.7912,105.964
2014-11-05,4.85448,105.964,85.9448,119.222
2014-11-06,4.7523,119.222,87.5484,214.668
2014-11-07,37.8495,214.668,92.4304,226.586
2014-11-08,1.67434,226.586,113.385,395.807
2014-11-09,0,395.807,105.964,424.82
2014-11-10,0,424.82,121.188,323.504
2014-11-11,2.87697,323.504,105.964,209.959
2014-11-12,0.708682,209.959,119.222,153.992
2014-11-13,0,153.992,214.668,127.148
2014-11-14,0,127.148,226.586,137.279
2014-11-15,0,137.279,395.807,107.708
2014-11-16,0,107.708,424.82,97.4184
2014-11-17,0,97.4184,323.504,85.9448
2014-11-18,0,85.9448,209.959,75.0567
2014-11-19,0.261984,75.0567,153.992,70.5734
2014-11-20,11.3558,70.5734,127.148,73.5499
2014-11-21,3.75551,73.5499,137.279,75.0567
2014-11-22,13.3497,75.0567,107.708,78.1069
2014-11-23,0,78.1069,97.4184,117.266
2014-11-24,0,117.266,85.9448,84.3531
2014-11-25,13.5469,84.3531,75.0567,100.802
2014-11-26,9.94056,100.802,70.5734,166.919
2014-11-27,1.07195,166.919,73.5499,328.9
2014-11-28,0,328.9,75.0567,207.617
2014-11-29,2.06706,207.617,78.1069,171.3
2014-11-30,0,171.3,117.266,133.197
2014-12-01,2.27973,133.197,84.3531,105.964
2014-12-02,0.560087,105.964,100.802,84.3531
2014-12-03,3.6042,84.3531,166.919,87.5484
2014-12-04,0,87.5484,328.9,84.3531
2014-12-05,0,84.3531,207.617,70.5734
2014-12-06,0,70.5734,171.3,69.1038
2014-12-07,0,69.1038,133.197,67.6466
2014-12-08,0,67.6466,105.964,59.1683
2014-12-09,8.46877,59.1683,84.3531,63.3504
2014-12-10,3.06736,63.3504,87.5484,75.0567
2014-12-11,13.954,75.0567,84.3531,67.6466
2014-12-12,18.0492,67.6466,70.5734,67.6466
2014-12-13,15.8423,67.6466,69.1038,164.741
2014-12-14,0,164.741,67.6466,149.757
2014-12-15,0,149.757,59.1683,127.148
2014-12-16,1.41674,127.148,63.3504,76.5757
2014-12-17,0.121127,76.5757,75.0567,66.2019
2014-12-18,0.590715,66.2019,67.6466,60.5495
2014-12-19,1.21946,60.5495,67.6466,69.1038
2014-12-20,5.75176,69.1038,164.741,84.3531
2014-12-21,12.5318,84.3531,149.757,135.233
2014-12-22,37.6012,135.233,127.148,281.372
2014-12-23,0.429778,281.372,76.5757,326.199
2014-12-24,0,326.199,66.2019,291.73
2014-12-25,0,291.73,60.5495,241.153
2014-12-26,10.352,241.153,69.1038,189.182
2014-12-27,27.2799,189.182,84.3531,439.568
2014-12-28,13.9886,439.568,135.233,744.476
2014-12-29,10.9056,744.476,281.372,737.477
2014-12-30,4.89198,737.477,326.199,685.662
2014-12-31,15.9971,685.662,291.73,585.703
2015-01-01,8.76501,585.703,241.153,457.475
2015-01-02,22.3661,457.475,189.182,398.679
2015-01-03,0.612757,398.679,439.568,310.138
2015-01-04,0.0265897,310.138,744.476,228.993
2015-01-05,0,228.993,737.477,241.153
2015-01-06,0.0955236,241.153,685.662,171.3
2015-01-07,7.48687,171.3,585.703,149.757
2015-01-08,15.9623,149.757,457.475,160.414
2015-01-09,16.0172,160.414,398.679,487.819
2015-01-10,22.1439,487.819,310.138,534.474
2015-01-11,4.62712,534.474,228.993,585.703
2015-01-12,8.13269,585.703,241.153,534.474
2015-01-13,15.6445,534.474,171.3,605.294
2015-01-14,9.12356,605.294,149.757,490.887
2015-01-15,14.3435,490.887,160.414,484.757
2015-01-16,6.30488,484.757,487.819,550.323
2015-01-17,24.5576,550.323,534.474,509.423
2015-01-18,15.5828,509.423,585.703,566.318
2015-01-19,10.6509,566.318,534.474,497.041
2015-01-20,14.7467,497.041,605.294,413.137
2015-01-21,0.0146287,413.137,490.887,373.071
2015-01-22,0,373.071,484.757,342.514
2015-01-23,0,342.514,550.323,271.134
2015-01-24,0,271.134,509.423,219.411
2015-01-25,29.8687,219.411,566.318,182.411
2015-01-26,4.56292,182.411,497.041,193.74
2015-01-27,21.7558,193.74,413.137,180.171
2015-01-28,11.9562,180.171,373.071,162.573
2015-01-29,5.08663,162.573,342.514,149.757
2015-01-30,1.35988,149.757,271.134,248.543
2015-01-31,0,248.543,219.411,207.617
2015-02-01,4.291,207.617,182.411,164.741
2015-02-02,9.34825,164.741,193.74,153.992
2015-02-03,8.21573,153.992,180.171,198.332
2015-02-04,6.19281,198.332,162.573,258.507
2015-02-05,1.63133,258.507,149.757,334.325
2015-02-06,0.0916506,334.325,248.543,323.504
2015-02-07,0,323.504,207.617,281.372
2015-02-08,0,281.372,164.741,251.022
2015-02-09,0,251.022,153.992,207.617
2015-02-10,0,207.617,198.332,151.87
2015-02-11,16.3944,151.87,258.507,153.992
2015-02-12,21.8744,153.992,334.325,164.741
2015-02-13,37.3926,164.741,323.504,236.265
2015-02-14,22.1054,236.265,281.372,304.842
2015-02-15,1.69832,304.842,251.022,328.9
2015-02-16,0.0355841,328.9,207.617,320.817
2015-02-17,7.50288,320.817,151.87,221.794
2015-02-18,0.0809671,221.794,153.992,182.411
2015-02-19,18.4213,182.411,164.741,184.659
2015-02-20,11.3526,184.659,236.265,193.74
2015-02-21,4.17357,193.74,304.842,246.072
2015-02-22,16.9577,246.072,328.9,248.543
2015-02-23,19.9253,248.543,320.817,387.231
2015-02-24,23.3722,387.231,221.794,359.079
2015-02-25,1.8839,359.079,182.411,302.205
2015-02-26,7.70006,302.205,184.659,323.504
2015-02-27,2.64644,323.504,193.74,256.004
2015-02-28,2.88866,256.004,246.072,328.9
2015-03-01,0,328.9,248.543,233.833
2015-03-02,0,233.833,387.231,177.94
2015-03-03,0,177.94,359.079,182.411
2015-03-04,0,182.411,302.205,125.151
2015-03-05,2.91092,125.151,323.504,111.46
2015-03-06,8.79728,111.46,256.004,153.992
2015-03-07,0,153.992,328.9,162.573
2015-03-08,0,162.573,233.833,141.4
2015-03-09,0.0086748,141.4,177.94,113.385
2015-03-10,1.90374,113.385,182.411,111.46
2015-03-11,1.50988,111.46,125.151,113.385
2015-03-12,0.724263,113.385,111.46,123.165
2015-03-13,1.70304,123.165,153.992,94.0813
2015-03-14,5.43164,94.0813,162.573,85.9448
2015-03-15,10.9641,85.9448,141.4,87.5484
2015-03-16,8.91016,87.5484,113.385,121.188
2015-03-17,0,121.188,111.46,102.511
2015-03-18,0,102.511,113.385,90.7912
2015-03-19,1.19627,90.7912,123.165,72.0555
2015-03-20,0,72.0555,94.0813,66.202
2015-03-21,8.00962,66.202,85.9448,66.202
2015-03-22,6.06003,66.202,87.5484,63.3504
2015-03-23,0,63.3504,121.188,56.4444
2015-03-24,0,56.4444,102.511,55.1019
2015-03-25,0.0185303,55.1019,90.7912,52.456
2015-03-26,0,52.456,72.0555,48.586
2015-03-27,11.5756,48.586,66.202,94.0813
2015-03-28,30.329,94.0813,66.202,158.264
2015-03-29,27.0471,158.264,63.3504,236.265
2015-03-30,0.382782,236.265,56.4444,487.819
2015-03-31,0,487.819,55.1019,487.819
2015-04-01,0,487.819,52.456,334.325
2015-04-02,0,334.325,48.586,233.833
2015-04-03,0,233.833,94.0813,180.171
2015-04-04,0,180.171,158.264,139.335
2015-04-05,0.449387,139.335,236.265,117.266
2015-04-06,0,117.266,487.819,164.741
2015-04-07,0,164.741,487.819,171.3
2015-04-08,0,171.3,334.325,119.222
2015-04-09,0,119.222,233.833,95.744
2015-04-10,0,95.744,180.171,76.5757
2015-04-11,0,76.5757,139.335,87.5484
2015-04-12,0,87.5484,117.266,72.0555
2015-04-13,0,72.0555,164.741,70.5734
2015-04-14,0.0409587,70.5734,171.3,64.7698
2015-04-15,0,64.7698,119.222,70.5734
2015-04-16,0,70.5734,95.744,70.5734
2015-04-17,11.4969,70.5734,76.5757,69.1038
2015-04-18,14.2882,69.1038,87.5484,69.1038
2015-04-19,0,69.1038,72.0555,64.7698
2015-04-20,31.926,64.7698,70.5734,59.1683
2015-04-21,24.3468,59.1683,64.7698,97.4184
2015-04-22,12.7351,97.4184,70.5734,109.545
2015-04-23,0,109.545,70.5734,125.151
2015-04-24,0,125.151,69.1038,133.197
2015-04-25,0,133.197,69.1038,121.188
2015-04-26,0,121.188,64.7698,104.232
2015-04-27,0,104.232,59.1683,107.708
2015-04-28,0,107.708,97.4184,87.5484
2015-04-29,0,87.5484,109.545,72.0555
2015-04-30,0,72.0555,125.151,67.6466
2015-05-01,0,67.6466,133.197,61.9436
2015-05-02,0.0143083,61.9436,121.188,60.5495
2015-05-03,18.0325,60.5495,104.232,61.9436
2015-05-04,12.5138,61.9436,107.708,67.6466
2015-05-05,0,67.6466,87.5484,72.0555
2015-05-06,0,72.0555,72.0555,69.1038
2015-05-07,0,69.1038,67.6466,60.5495
2015-05-08,0.50041,60.5495,61.9436,61.9436
2015-05-09,0,61.9436,60.5495,56.4444
2015-05-10,26.6059,56.4444,61.9436,53.7724
2015-05-11,5.32664,53.7724,67.6466,46.0726
2015-05-12,0,46.0726,72.0555,60.5495
2015-05-13,0,60.5495,69.1038,60.5495
2015-05-14,0,60.5495,60.5495,59.1683
2015-05-15,0.0266011,59.1683,61.9436,57.7999
2015-05-16,5.87105,57.7999,56.4444,42.404
2015-05-17,11.6853,42.404,53.7724,60.5495
2015-05-18,0,60.5495,46.0726,57.7999
2015-05-19,0,57.7999,60.5495,57.7999
2015-05-20,0,57.7999,60.5495,69.1038
2015-05-21,0,69.1038,59.1683,66.202
2015-05-22,0,66.202,57.7999,63.3504
2015-05-23,0,63.3504,42.404,59.1683
2015-05-24,2.19904,59.1683,60.5495,63.3504
2015-05-25,0.779489,63.3504,57.7999,253.509
2015-05-26,28.4415,253.509,57.7999,214.669
2015-05-27,28.5961,214.669,69.1038,302.205
2015-05-28,4.55264,302.205,66.202,655.152
2015-05-29,0,655.152,63.3504,521.901
2015-05-30,5.73968,521.901,59.1683,398.679
2015-05-31,0.0476509,398.679,63.3504,289.129
2015-06-01,0,289.129,253.509,224.186
2015-06-02,0,224.186,214.669,158.264
2015-06-03,0,158.264,302.205,109.545
2015-06-04,0,109.545,655.152,104.232
2015-06-05,0.274835,104.232,521.901,95.744
2015-06-06,0.542249,95.744,398.679,89.1638
2015-06-07,0,89.1638,289.129,84.3531
2015-06-08,0,84.3531,224.186,81.2059
2015-06-09,0,81.2059,158.264,75.0567
2015-06-10,0,75.0567,109.545,72.0555
2015-06-11,0,72.0555,104.232,73.5499
2015-06-12,0,73.5499,95.744,72.0555
2015-06-13,3.61978,72.0555,89.1638,135.233
2015-06-14,38.2512,135.233,84.3531,569.535
2015-06-15,9.97526,569.535,81.2059,982.934
2015-06-16,0,982.934,75.0567,859.251
2015-06-17,0,859.251,72.0555,655.152
2015-06-18,21.5891,655.152,73.5499,582.458
2015-06-19,0,582.458,72.0555,547.142
2015-06-20,0,547.142,135.233,484.757
2015-06-21,9.78782,484.757,569.535,413.137
2015-06-22,3.61786,413.137,982.934,364.655
2015-06-23,0,364.655,859.251,331.609
2015-06-24,0,331.609,655.152,226.586
2015-06-25,0,226.586,582.458,173.505
2015-06-26,0,173.505,547.142,158.264
2015-06-27,0,158.264,484.757,156.123
2015-06-28,0,156.123,413.137,151.87
2015-06-29,0,151.87,364.655,147.653
2015-06-30,5.77574,147.653,331.609,133.197
2015-07-01,2.56208,133.197,226.586,125.151
2015-07-02,3.52896,125.151,173.505,94.0813
2015-07-03,20.9302,94.0813,158.264,105.964
2015-07-04,1.94182,105.964,156.123,162.573
2015-07-05,2.83904,162.573,151.87,151.87
2015-07-06,4.27968,151.87,147.653,139.335
2015-07-07,21.171,139.335,133.197,147.653
2015-07-08,21.9026,147.653,125.151,448.494
2015-07-09,0,448.494,94.0813,572.757
2015-07-10,7.80815,572.757,105.964,563.108
2015-07-11,3.74044,563.108,162.573,427.757
2015-07-12,12.1063,427.757,151.87,342.514
2015-07-13,6.29737,342.514,139.335,323.504
2015-07-14,15.9729,323.504,147.653,342.514
2015-07-15,15.8024,342.514,448.494,668.658
2015-07-16,13.9163,668.658,572.757,769.135
2015-07-17,14.423,769.135,563.108,929.82
2015-07-18,0,929.82,427.757,733.986
2015-07-19,0,733.986,342.514,751.495
2015-07-20,17.1028,751.495,323.504,518.773
2015-07-21,7.54046,518.773,342.514,608.578
2015-07-22,0,608.578,668.658,537.632
2015-07-23,0.0183581,537.632,769.135,424.82
2015-07-24,0.413759,424.82,929.82,509.423
2015-07-25,0,509.423,733.986,463.495
2015-07-26,0,463.495,751.495,401.558
2015-07-27,0,401.558,518.773,392.942
2015-07-28,0,392.942,608.578,339.777
2015-07-29,0,339.777,537.632,276.238
2015-07-30,0,276.238,424.82,233.833
2015-07-31,0,233.833,509.423,207.617
2015-08-01,0,207.617,463.495,186.916
2015-08-02,0,186.916,401.558,173.505
2015-08-03,0,173.505,392.942,151.87
2015-08-04,0,151.87,339.777,143.475
2015-08-05,0,143.475,276.238,137.279
2015-08-06,0,137.279,233.833,133.197
2015-08-07,0,133.197,207.617,125.151
2015-08-08,0,125.151,186.916,117.266
2015-08-09,0,117.266,173.505,107.708
2015-08-10,0,107.708,151.87,104.232
2015-08-11,0,104.232,143.475,100.802
2015-08-12,0.0474199,100.802,137.279,102.511
2015-08-13,0,102.511,133.197,97.4184
2015-08-14,4.6016,97.4184,125.151,94.0813
2015-08-15,0.166519,94.0813,117.266,87.5484
2015-08-16,0.0404624,87.5484,107.708,81.2059
2015-08-17,0,81.2059,104.232,82.7735
2015-08-18,4.54648,82.7735,100.802,85.9448
2015-08-19,4.69977,85.9448,102.511,87.5484
2015-08-20,0,87.5484,97.4184,82.7735
2015-08-21,0,82.7735,94.0813,84.3531
2015-08-22,0,84.3531,87.5484,84.3531
2015-08-23,42.5384,84.3531,81.2059,78.1069
2015-08-24,3.59276,78.1069,82.7735,73.5499
2015-08-25,0.0600874,73.5499,85.9448,72.0555
2015-08-26,0.218652,72.0555,87.5484,72.0555
2015-08-27,21.3125,72.0555,82.7735,117.266
2015-08-28,0,117.266,84.3531,166.919
2015-08-29,0,166.919,84.3531,107.708
2015-08-30,0,107.708,78.1069,99.1044
2015-08-31,0,99.1044,73.5499,69.1038
2015-09-01,0,69.1038,72.0555,69.1038
2015-09-02,0,69.1038,72.0555,78.1069
2015-09-03,0,78.1069,117.266,137.279
2015-09-04,0,137.279,166.919,214.669
2015-09-05,0,214.669,107.708,189.182
2015-09-06,0,189.182,99.1044,141.4
2015-09-07,0,141.4,69.1038,119.222
2015-09-08,20.4882,119.222,69.1038,304.842
2015-09-09,0,304.842,78.1069,433.65
2015-09-10,3.90071,433.65,137.279,378.715
2015-09-11,0.630486,378.715,214.669,390.083
2015-09-12,0,390.083,189.182,387.231
2015-09-13,0,387.231,141.4,241.153
2015-09-14,0,241.153,119.222,147.653
2015-09-15,0,147.653,304.842,129.154
2015-09-16,0.739697,129.154,433.65,119.222
2015-09-17,17.9575,119.222,378.715,143.475
2015-09-18,8.8526,143.475,390.083,424.82
2015-09-19,5.52991,424.82,387.231,454.475
2015-09-20,6.76164,454.475,241.153,413.137
2015-09-21,0,413.137,147.653,323.504
2015-09-22,0,323.504,129.154,236.265
2015-09-23,0,236.265,119.222,184.659
2015-09-24,0,184.659,143.475,156.123
2015-09-25,16.7007,156.123,424.82,151.87
2015-09-26,14.7748,151.87,454.475,304.842
2015-09-27,5.49817,304.842,413.137,779.781
2015-09-28,1.74745,779.781,323.504,1076.13
2015-09-29,0,1076.13,236.265,914.817
2015-09-30,10.0449,914.817,184.659,769.135
2015-10-01,0,769.135,156.123,569.535
2015-10-02,10.5363,569.535,151.87,481.701
2015-10-03,6.07785,481.701,304.842,528.176
2015-10-04,0.127933,528.176,779.781,487.819
2015-10-05,0,487.819,1076.13,436.606
2015-10-06,10.029,436.606,914.817,416.048
2015-10-07,1.10228,416.048,769.135,500.128
2015-10-08,18.4215,500.128,569.535,395.807
2015-10-09,35.0039,395.807,481.701,751.495
2015-10-10,18.9128,751.495,528.176,1119.73
2015-10-11,23.9182,1119.73,487.819,1163.88
2015-10-12,3.49192,1163.88,436.606,1139.73
2015-10-13,1.8898,1139.73,416.048,998.281
2015-10-14,12.2174,998.281,500.128,1307.88
2015-10-15,5.76658,1307.88,395.807,1095.88
2015-10-16,36.7643,1095.88,751.495,1324.67
2015-10-17,3.83533,1324.67,1119.73,1505.03
2015-10-18,0,1505.03,1163.88,1192.25
2015-10-19,1.334,1192.25,1139.73,1080.07
2015-10-20,3.90739,1080.07,998.281,929.82
2015-10-21,27.1284,929.82,1307.88,979.109
2015-10-22,34.214,979.109,1095.88,1924.61
2015-10-23,5.95323,1924.61,1324.67,1687.98
2015-10-24,0,1687.98,1505.03,1388.24
2015-10-25,0,1388.24,1192.25,1513.8
2015-10-26,4.65231,1513.8,1080.07,1349.99
2015-10-27,10.1467,1349.99,929.82,1188.18
2015-10-28,0,1188.18,979.109,1048.67
2015-10-29,0,1048.67,1924.61,865.407
2015-10-30,3.85277,865.407,1687.98,706.991
2015-10-31,4.50525,706.991,1388.24,575.018
2015-11-01,2.86253,575.018,1513.8,522.785
2015-11-02,0.113387,522.785,1349.99,491.167
2015-11-03,0,491.167,1188.18,457.314
2015-11-04,0.00772038,457.314,1048.67,510.042
2015-11-05,0,510.042,865.407,732.492
2015-11-06,0,732.492,706.991,650.084
2015-11-07,0,650.084,575.018,615.502
2015-11-08,10.4425,615.502,522.785,618.926
2015-11-09,0.234541,618.926,491.167,595.121
2015-11-10,24.1362,595.121,457.314,558.48
2015-11-11,7.97873,558.48,510.042,488.049
2015-11-12,1.39448,488.049,732.492,442.25
2015-11-13,14.4996,442.25,650.084,392.571
2015-11-14,2.14801,392.571,615.502,329.221
2015-11-15,0.0453637,329.221,618.926,277.853
2015-11-16,6.99228,277.853,595.121,239.329
2015-11-17,3.58098,239.329,558.48,214.206
2015-11-18,1.69909,214.206,488.049,220.946
2015-11-19,6.7251,220.946,442.25,326.57
2015-11-20,23.8453,326.57,392.571,353.474
2015-11-21,0,353.474,329.221,342.609
2015-11-22,1.46282,342.609,277.853,310.843
2015-11-23,8.71563,310.843,239.329,263.134
2015-11-24,7.62553,263.134,214.206,326.57
2015-11-25,0,326.57,220.946,348.024
2015-11-26,16.948,348.024,326.57,337.228
2015-11-27,12.656,337.228,353.474,292.893
2015-11-28,8.69278,292.893,342.609,277.853
2015-11-29,0.157573,277.853,310.843,318.667
2015-11-30,0,318.667,263.134,300.533
2015-12-01,0,300.533,326.57,300.533
2015-12-02,10.1283,300.533,348.024,290.364
2015-12-03,0.214462,290.364,337.228,321.293
2015-12-04,14.2917,321.293,292.893,350.745
2015-12-05,0.951562,350.745,277.853,421.505
2015-12-06,0.0868778,421.505,318.667,424.444
2015-12-07,0.0484737,424.444,300.533,406.934
2015-12-08,0,406.934,300.533,342.609
2015-12-09,11.1722,342.609,290.364,292.893
2015-12-10,23.6471,292.893,321.293,367.247
2015-12-11,0,367.247,350.745,384.054
2015-12-12,1.71394,384.054,421.505,290.364
2015-12-13,6.70419,290.364,424.444,232.365
2015-12-14,7.80247,232.365,406.934,253.503
2015-12-15,11.684,253.503,342.609,232.365
2015-12-16,0,232.365,292.893,223.211
2015-12-17,0,223.211,367.247,179.702
2015-12-18,11.1382,179.702,384.054,159.396
2015-12-19,17.7056,159.396,290.364,205.351
2015-12-20,1.86114,205.351,232.365,241.668
2015-12-21,3.7816,241.668,253.503,230.063
2015-12-22,10.9911,230.063,232.365,216.443
2015-12-23,20.1662,216.443,223.211,181.787
2015-12-24,22.1654,181.787,179.702,308.252
2015-12-25,7.58255,308.252,159.396,230.063
2015-12-26,4.82387,230.063,205.351,246.374
2015-12-27,13.6129,246.374,241.668,326.57
2015-12-28,12.8571,326.57,230.063,412.737
2015-12-29,1.61532,412.737,216.443,378.418
2015-12-30,4.83415,378.418,181.787,353.474
2015-12-31,4.71332,353.474,308.252,392.571
2016-01-01,11.1436,392.571,230.063,409.832
2016-01-02,0,409.832,246.374,361.712
2016-01-03,0.0160627,361.712,326.57,353.474
2016-01-04,0.00920713,353.474,412.737,348.024
2016-01-05,0.833419,348.024,378.418,318.667
2016-01-06,0.132656,318.667,353.474,258.3
2016-01-07,0.56282,258.3,392.571,216.443
2016-01-08,8.86748,216.443,409.832,194.496
2016-01-09,14.1776,194.496,361.712,171.462
2016-01-10,30.6836,171.462,353.474,165.385
2016-01-11,17.3487,165.385,348.024,310.843
2016-01-12,0,310.843,318.667,460.351
2016-01-13,0.177464,460.351,258.3,406.934
2016-01-14,5.47928,406.934,216.443,313.442
2016-01-15,0.0624024,313.442,194.496,316.05
2016-01-16,0,316.05,171.462,295.431
2016-01-17,0,295.431,165.385,265.565
2016-01-18,0,265.565,310.843,216.443
2016-01-19,0,216.443,460.351,153.497
2016-01-20,0,153.497,406.934,130.811
2016-01-21,0,130.811,313.442,109.613
2016-01-22,0,109.613,316.05,102.887
2016-01-23,0,102.887,295.431,102.887
2016-01-24,0,102.887,265.565,86.8333
2016-01-25,11.8855,86.8333,216.443,82.2336
2016-01-26,30.9986,82.2336,153.497,82.2336
2016-01-27,14.9896,82.2336,130.811,99.5884
2016-01-28,1.19134,99.5884,109.613,118.261
2016-01-29,0.333347,118.261,102.887,118.261
2016-01-30,24.9038,118.261,102.887,113.041
2016-01-31,36.1348,113.041,86.8333,107.915
2016-02-01,21.385,107.915,82.2336,196.648
2016-02-02,1.19394,196.648,82.2336,361.712
2016-02-03,4.86975,361.712,99.5884,381.232
2016-02-04,21.3247,381.232,118.261,364.475
2016-02-05,11.1973,364.475,118.261,401.164
2016-02-06,6.62062,401.164,113.041,404.045
2016-02-07,1.70445,404.045,107.915,401.164
2016-02-08,0,401.164,196.648,350.745
2016-02-09,22.9954,350.745,361.712,244.017
2016-02-10,8.91735,244.017,381.232,251.117
2016-02-11,1.4845,251.117,364.475,295.431
2016-02-12,0,295.431,401.164,270.453
2016-02-13,0.13151,270.453,404.045,173.507
2016-02-14,39.7873,173.507,401.164,155.454
2016-02-15,0.399406,155.454,350.745,145.773
2016-02-16,6.20923,145.773,244.017,157.42
2016-02-17,0.171755,157.42,251.117,128.987
2016-02-18,0.297511,128.987,295.431,134.49
2016-02-19,0,134.49,270.453,141.971
2016-02-20,24.4463,141.971,173.507,130.811
2016-02-21,2.93637,130.811,155.454,285.333
2016-02-22,2.19764,285.333,145.773,313.442
2016-02-23,24.9871,313.442,157.42,225.486
2016-02-24,9.06114,225.486,128.987,241.668
2016-02-25,8.21323,241.668,134.49,329.221
2016-02-26,8.8364,329.221,141.971,345.312
2016-02-27,8.81048,345.312,130.811,386.885
2016-02-28,2.15526,386.885,285.333,280.337
2016-02-29,0.256647,280.337,313.442,244.017
2016-03-01,0,244.017,225.486,159.396
2016-03-02,5.27766,159.396,241.668,175.563
2016-03-03,53.1771,175.563,329.221,227.77
2016-03-04,2.70008,227.77,345.312,1028.09
2016-03-05,1.71273,1028.09,386.885,865.407
2016-03-06,0.2469,865.407,280.337,636.159
2016-03-07,0,636.159,244.017,497.427
2016-03-08,8.02807,497.427,159.396,370.027
2016-03-09,33.2694,370.027,175.563,310.843
2016-03-10,21.5593,310.843,227.77,545.39
2016-03-11,0.0290974,545.39,1028.09,714.24
2016-03-12,0,714.24,865.407,558.48
2016-03-13,0,558.48,636.159,436.282
2016-03-14,0,436.282,497.427,337.228
2016-03-15,0,337.228,370.027,255.897
2016-03-16,0.547643,255.897,310.843,216.443
2016-03-17,0,216.443,545.39,192.354
2016-03-18,0,192.354,714.24,161.382
2016-03-19,20.0105,161.382,558.48,153.497
2016-03-20,10.1776,153.497,436.282,140.085
2016-03-21,30.8568,140.085,337.228,169.426
2016-03-22,23.9461,169.426,255.897,192.354
2016-03-23,0,192.354,216.443,234.677
2016-03-24,1.08246,234.677,192.354,198.81
2016-03-25,19.9198,198.81,161.382,161.382
2016-03-26,14.9,161.382,153.497,398.292
2016-03-27,0,398.292,140.085,598.498
2016-03-28,0,598.498,169.426,513.216
2016-03-29,0,513.216,192.354,370.027
2016-03-30,0.0117962,370.027,234.677,326.57
2016-03-31,30.5545,326.57,198.81,316.05
2016-04-01,5.42605,316.05,161.382,348.024
2016-04-02,0,348.024,398.292,310.843
2016-04-03,2.46925,310.843,598.498,268.004
2016-04-04,4.28355,268.004,513.216,232.365
2016-04-05,2.94564,232.365,370.027,207.551
2016-04-06,0.0884294,207.551,326.57,159.396
2016-04-07,1.98397,159.396,316.05,136.345
2016-04-08,1.59982,136.345,348.024,120.023
2016-04-09,13.4949,120.023,310.843,123.577
2016-04-10,9.61644,123.577,268.004,138.21
2016-04-11,10.7504,138.21,232.365,310.843
2016-04-12,0,310.843,207.551,472.58
2016-04-13,1.17771,472.58,159.396,372.815
2016-04-14,11.0723,372.815,136.345,460.351
2016-04-15,2.05639,460.351,120.023,484.939
2016-04-16,0.0251257,484.939,123.577,372.815
2016-04-17,0,372.815,138.21,290.364
2016-04-18,0,290.364,310.843,244.017
2016-04-19,0,244.017,472.58,218.69
2016-04-20,0,218.69,372.815,198.81
2016-04-21,0.0402317,198.81,460.351,175.563
2016-04-22,3.13577,175.563,484.939,188.098
2016-04-23,0.0139352,188.098,372.815,203.161
2016-04-24,0,203.161,290.364,192.354
2016-04-25,15.7632,192.354,244.017,155.454
2016-04-26,19.2889,155.454,218.69,123.577
2016-04-27,0.0799224,123.577,198.81,460.351
2016-04-28,1.05129,460.351,175.563,454.284
2016-04-29,0.0116276,454.284,188.098,326.57
2016-04-30,0,326.57,203.161,258.3
2016-05-01,0,258.3,192.354,205.351
2016-05-02,0,205.351,155.454,159.396
2016-05-03,0.233979,159.396,123.577,134.49
2016-05-04,0,134.49,460.351,141.971
2016-05-05,0,141.971,454.284,128.987
2016-05-06,2.98311,128.987,326.57,134.49
2016-05-07,0.0651726,134.49,258.3,157.42
2016-05-08,7.56418,157.42,205.351,140.085
2016-05-09,12.223,140.085,159.396,128.987
2016-05-10,12.8937,128.987,134.49,134.49
2016-05-11,0,134.49,141.971,141.971
2016-05-12,0,141.971,128.987,114.77
2016-05-13,0,114.77,134.49,107.915
2016-05-14,0,107.915,157.42,101.232
2016-05-15,8.96331,101.232,140.085,107.915
2016-05-16,14.7356,107.915,128.987,153.497
2016-05-17,0,153.497,134.49,196.648
2016-05-18,0.0869654,196.648,141.971,163.378
2016-05-19,0,163.378,114.77,138.21
2016-05-20,15.6639,138.21,107.915,121.795
2016-05-21,13.3029,121.795,101.232,513.216
2016-05-22,4.01126,513.216,107.915,885.12
2016-05-23,0,885.12,153.497,643.106
2016-05-24,0,643.106,196.648,433.31
2016-05-25,0,433.31,163.378,329.221
2016-05-26,0.00489622,329.221,138.21,263.134
2016-05-27,19.7951,263.134,121.795,239.329
2016-05-28,0.378436,239.329,513.216,227.77
2016-05-29,14.7576,227.77,885.12,232.365
2016-05-30,2.12734,232.365,643.106,275.377
2016-05-31,0.00736084,275.377,433.31,263.134
2016-06-01,8.45708,263.134,329.221,239.329
2016-06-02,0.122298,239.329,263.134,225.486
2016-06-03,1.03743,225.486,239.329,203.161
2016-06-04,0.216494,203.161,227.77,179.702
2016-06-05,2.43409,179.702,232.365,165.385
2016-06-06,0,165.385,275.377,163.378
2016-06-07,0,163.378,263.134,141.971
2016-06-08,0,141.971,239.329,145.773
2016-06-09,0,145.773,225.486,127.173
2016-06-10,0,127.173,203.161,125.37
2016-06-11,0,125.37,179.702,118.261
2016-06-12,0,118.261,165.385,111.322
2016-06-13,0,111.322,163.378,106.229
2016-06-14,0,106.229,141.971,102.887
2016-06-15,0,102.887,145.773,99.5884
2016-06-16,0,99.5884,127.173,96.3336
2016-06-17,18.7931,96.3336,125.37,167.4
2016-06-18,2.57312,167.4,118.261,292.893
2016-06-19,0,292.893,111.322,246.374
2016-06-20,0.123045,246.374,106.229,214.206
2016-06-21,17.9045,214.206,102.887,205.351
2016-06-22,12.217,205.351,99.5884,175.563
2016-06-23,0,175.563,96.3336,173.507
2016-06-24,0,173.507,167.4,232.365
2016-06-25,2.11613,232.365,292.893,211.978
2016-06-26,0,211.978,246.374,194.496
2016-06-27,0,194.496,214.206,175.563
2016-06-28,0,175.563,205.351,159.396
2016-06-29,0,159.396,175.563,157.42
2016-06-30,1.33777,157.42,173.507,120.023
2016-07-01,4.76908,120.023,232.365,116.511
2016-07-02,0,116.511,211.978,109.613
2016-07-03,0,109.613,194.496,107.915
2016-07-04,0,107.915,175.563,99.5884
2016-07-05,1.34458,99.5884,159.396,97.9555
2016-07-06,0.678334,97.9555,157.42,97.9555
2016-07-07,0,97.9555,120.023,91.5336
2016-07-08,1.38807,91.5336,116.511,86.8333
2016-07-09,3.34775,86.8333,109.613,85.2888
2016-07-10,0,85.2888,107.915,82.2336
2016-07-11,0,82.2336,99.5884,80.7229
2016-07-12,4.16982,80.7229,97.9555,80.7229
2016-07-13,22.665,80.7229,97.9555,141.971
2016-07-14,27.2112,141.971,91.5336,361.712
2016-07-15,9.75046,361.712,86.8333,653.584
2016-07-16,14.6106,653.584,85.2888,629.243
2016-07-17,0,629.243,82.2336,415.652
2016-07-18,0,415.652,80.7229,265.565
2016-07-19,0,265.565,80.7229,211.978
2016-07-20,0,211.978,141.971,179.702
2016-07-21,0,179.702,361.712,159.396
2016-07-22,0,159.396,653.584,145.773
2016-07-23,0,145.773,629.243,136.345
2016-07-24,0,136.345,415.652,125.37
2016-07-25,0,125.37,265.565,120.023
2016-07-26,0,120.023,211.978,114.77
2016-07-27,0,114.77,179.702,109.613
2016-07-28,0,109.613,159.396,102.887
2016-07-29,0.0964794,102.887,145.773,99.5884
2016-07-30,0,99.5884,136.345,94.7226
2016-07-31,0,94.7226,125.37,93.1226
2016-08-01,0.0187213,93.1226,120.023,89.9557
2016-08-02,0,89.9557,114.77,85.2888
2016-08-03,0.0389285,85.2888,109.613,97.9555
2016-08-04,0,97.9555,102.887,118.261
2016-08-05,0,118.261,99.5884,116.511
2016-08-06,0,116.511,94.7226,93.1226
2016-08-07,0.523811,93.1226,93.1226,127.173
2016-08-08,2.37774,127.173,89.9557,173.507
2016-08-09,0,173.507,85.2888,203.161
2016-08-10,0,203.161,97.9555,181.787
2016-08-11,0,181.787,118.261,151.551
2016-08-12,0,151.551,116.511,125.37
2016-08-13,0,125.37,93.1226,125.37
2016-08-14,0,125.37,127.173,132.645
2016-08-15,34.6272,132.645,173.507,159.396
2016-08-16,0,159.396,203.161,246.374
2016-08-17,0.215363,246.374,181.787,230.063
2016-08-18,0.143164,230.063,151.551,265.565
2016-08-19,23.8192,265.565,125.37,375.612
2016-08-20,37.8521,375.612,125.37,873.271
2016-08-21,12.2368,873.271,132.645,1127.72
2016-08-22,0,1127.72,159.396,978.096
2016-08-23,0,978.096,246.374,792.142
2016-08-24,0,792.142,230.063,598.498
2016-08-25,0,598.498,265.565,457.314
2016-08-26,0,457.314,375.612,310.843
2016-08-27,0,310.843,873.271,121.795
2016-08-28,1.09027,121.795,1127.72,130.811
2016-08-29,0.83817,130.811,978.096,138.21
2016-08-30,5.96043,138.21,792.142,127.173
2016-08-31,3.44111,127.173,598.498,120.023
2016-09-01,0,120.023,457.314,113.041
2016-09-02,0,113.041,310.843,107.915
2016-09-03,12.8996,107.915,121.795,104.552
2016-09-04,41.2602,104.552,130.811,205.351
2016-09-05,4.457,205.351,138.21,367.247
2016-09-06,18.7888,367.247,127.173,497.427
2016-09-07,0,497.427,120.023,439.262
2016-09-08,0,439.262,113.041,313.442
2016-09-09,0,313.442,107.915,246.374
2016-09-10,0,246.374,104.552,192.354
2016-09-11,0,192.354,205.351,155.454
2016-09-12,0,155.454,367.247,147.689
2016-09-13,3.54905,147.689,497.427,143.867
2016-09-14,0,143.867,439.262,141.971
2016-09-15,0,141.971,313.442,134.49
2016-09-16,0.128396,134.49,246.374,123.577
2016-09-17,0,123.577,192.354,111.322
2016-09-18,12.3036,111.322,155.454,107.915
2016-09-19,0.178838,107.915,147.689,106.229
2016-09-20,0.00719231,106.229,143.867,107.915
2016-09-21,0,107.915,141.971,97.9555
2016-09-22,0,97.9555,134.49,94.7226
2016-09-23,0,94.7226,123.577,91.5336
2016-09-24,0,91.5336,111.322,94.7226
2016-09-25,1.36787,94.7226,107.915,91.5336
2016-09-26,0,91.5336,106.229,82.2336
2016-09-27,0,82.2336,107.915,73.3403
2016-09-28,0,73.3403,97.9555,66.3031
2016-09-29,0,66.3031,94.7226,63.584
2016-09-30,0.226644,63.584,91.5336,59.5887
2016-10-01,0.0423883,59.5887,94.7226,69.0661
2016-10-02,0,69.0661,91.5336,76.259
2016-10-03,5.62929,76.259,82.2336,73.3403
2016-10-04,2.54311,73.3403,73.3403,70.4678
2016-10-05,0,70.4678,66.3031,66.3031
2016-10-06,2.10741,66.3031,63.584,79.2235
2016-10-07,0,79.2235,59.5887,225.486
2016-10-08,1.20798,225.486,69.0661,258.3
2016-10-09,0,258.3,76.259,145.773
2016-10-10,0,145.773,73.3403,104.552
2016-10-11,4.88108,104.552,70.4678,97.9555
2016-10-12,14.7291,97.9555,66.3031,86.8333
2016-10-13,23.6536,86.8333,79.2235,111.322
2016-10-14,8.76981,111.322,225.486,211.978
2016-10-15,7.90874,211.978,258.3,192.354
2016-10-16,3.53961,192.354,145.773,145.773
2016-10-17,11.9515,145.773,104.552,196.648
2016-10-18,26.601,196.648,97.9555,398.292
2016-10-19,18.9873,398.292,86.8333,581.688
2016-10-20,16.7159,581.688,111.322,982.223
2016-10-21,15.8181,982.223,211.978,795.933
2016-10-22,0.219774,795.933,192.354,681.857
2016-10-23,0,681.857,145.773,460.351
2016-10-24,2.35952,460.351,196.648,342.609
2016-10-25,13.4344,342.609,398.292,244.017
2016-10-26,2.38577,244.017,581.688,348.024
2016-10-27,0.434464,348.024,982.223,497.427
2016-10-28,0,497.427,795.933,506.876
2016-10-29,0,506.876,681.857,401.164
2016-10-30,0,401.164,460.351,255.897
2016-10-31,0,255.897,342.609,223.211
2016-11-01,0,223.211,244.017,175.563
2016-11-02,6.94275,175.563,348.024,155.454
2016-11-03,9.89933,155.454,497.427,140.085
2016-11-04,0,140.085,506.876,123.577
2016-11-05,0,123.577,401.164,114.77
2016-11-06,0,114.77,255.897,116.511
2016-11-07,0,116.511,223.211,111.322
2016-11-08,0,111.322,175.563,113.041
2016-11-09,1.30437,113.041,155.454,107.915
2016-11-10,0.320059,107.915,140.085,140.085
2016-11-11,0.114767,140.085,123.577,121.795
2016-11-12,0.0550665,121.795,114.77,128.987
2016-11-13,2.19262,128.987,116.511,155.454
2016-11-14,1.27238,155.454,111.322,120.023
2016-11-15,0.0411829,120.023,113.041,101.232
2016-11-16,7.20846,101.232,107.915,113.041
2016-11-17,0,113.041,140.085,118.261
2016-11-18,0,118.261,121.795,114.77
2016-11-19,0,114.77,128.987,83.7556
2016-11-20,0.0109142,83.7556,155.454,62.2411
2016-11-21,0,62.2411,120.023,59.5887
2016-11-22,0,59.5887,101.232,62.2411
2016-11-23,0,62.2411,113.041,64.9381
2016-11-24,0,64.9381,118.261,64.9381
2016-11-25,8.74072,64.9381,114.77,62.2411
2016-11-26,0.19024,62.2411,83.7556,67.6791
2016-11-27,12.74,67.6791,62.2411,64.9381
2016-11-28,17.9461,64.9381,59.5887,67.6791
2016-11-29,0.0764394,67.6791,62.2411,106.229
2016-11-30,0,106.229,64.9381,181.787
2016-12-01,0,181.787,64.9381,179.702
2016-12-02,0,179.702,62.2411,141.971
2016-12-03,43.8427,141.971,67.6791,91.5336
2016-12-04,0,91.5336,64.9381,227.77
2016-12-05,0,227.77,67.6791,270.453
2016-12-06,0.030026,270.453,106.229,232.365
2016-12-07,0,232.365,181.787,147.689
2016-12-08,19.6044,147.689,179.702,113.041
2016-12-09,4.26549,113.041,141.971,74.7939
2016-12-10,2.05465,74.7939,91.5336,145.773
2016-12-11,7.37052,145.773,227.77,138.21
2016-12-12,0,138.21,270.453,260.713
2016-12-13,0.0511963,260.713,232.365,232.365
2016-12-14,3.57494,232.365,147.689,216.443
2016-12-15,0,216.443,113.041,153.497
2016-12-16,0,153.497,74.7939,114.77
2016-12-17,0,114.77,145.773,97.9555
2016-12-18,0.0378033,97.9555,138.21,91.5336
2016-12-19,4.01057,91.5336,260.713,94.7226
2016-12-20,12.3487,94.7226,232.365,101.232
2016-12-21,1.15713,101.232,216.443,127.173
2016-12-22,4.81897,127.173,153.497,169.426
2016-12-23,7.60089,169.426,114.77,132.645
2016-12-24,12.2785,132.645,97.9555,147.689
2016-12-25,5.27257,147.689,91.5336,138.21
2016-12-26,1.63103,138.21,94.7226,216.443
2016-12-27,6.67739,216.443,101.232,155.454
2016-12-28,13.7142,155.454,127.173,114.77
2016-12-29,12.4271,114.77,169.426,207.551
2016-12-30,9.35344,207.551,132.645,323.927
2016-12-31,13.3406,323.927,147.689,398.292
2017-01-01,6.99632,398.292,138.21,326.57
2017-01-02,8.73265,326.57,216.443,353.474
2017-01-03,0.873208,353.474,155.454,313.442
2017-01-04,14.6856,313.442,114.77,230.063
2017-01-05,27.9803,230.063,207.551,234.677
2017-01-06,10.7483,234.677,323.927,516.398
2017-01-07,1.31262,516.398,398.292,646.591
2017-01-08,5.75476,646.591,326.57,601.884
2017-01-09,18.0205,601.884,353.474,578.349
2017-01-10,10.9799,578.349,313.442,522.785
2017-01-11,8.80173,522.785,230.063,433.31
2017-01-12,0.210724,433.31,234.677,364.475
2017-01-13,0,364.475,516.398,342.609
2017-01-14,0.549578,342.609,646.591,277.853
2017-01-15,0,277.853,601.884,218.69
2017-01-16,0.00832997,218.69,578.349,159.396
2017-01-17,20.8419,159.396,522.785,145.773
2017-01-18,0.981864,145.773,433.31,134.49
2017-01-19,0.781771,134.49,364.475,214.206
2017-01-20,0,214.206,342.609,169.426
2017-01-21,0,169.426,277.853,138.21
2017-01-22,1.81268,138.21,218.69,116.511
2017-01-23,0.89212,116.511,159.396,130.811
2017-01-24,1.20226,130.811,145.773,120.023
2017-01-25,6.03697,120.023,134.49,111.322
2017-01-26,10.7281,111.322,214.206,121.795
2017-01-27,0.157266,121.795,169.426,157.42
2017-01-28,8.0044,157.42,138.21,149.615
2017-01-29,14.4247,149.615,116.511,128.987
2017-01-30,14.0612,128.987,130.811,111.322
2017-01-31,14.006,111.322,120.023,147.689
2017-02-01,0.534455,147.689,111.322,173.507
2017-02-02,22.5057,173.507,121.795,181.787
2017-02-03,0.228933,181.787,157.42,175.563
2017-02-04,0.0176927,175.563,149.615,165.385
2017-02-05,1.5645,165.385,128.987,165.385
2017-02-06,6.51173,165.385,111.322,153.497
2017-02-07,0,153.497,147.689,141.971
2017-02-08,1.31161,141.971,173.507,128.987
2017-02-09,0.120356,128.987,181.787,104.552
2017-02-10,6.70797,104.552,175.563,85.2888
2017-02-11,17.4724,85.2888,165.385,88.389
2017-02-12,9.52811,88.389,165.385,141.971
2017-02-13,4.13835,141.971,153.497,239.329
2017-02-14,17.8851,239.329,141.971,342.609
2017-02-15,0.691223,342.609,128.987,290.364
2017-02-16,0.0133827,290.364,104.552,203.161
2017-02-17,7.04194,203.161,85.2888,151.551
2017-02-18,10.2714,151.551,88.389,118.261
2017-02-19,9.29716,118.261,141.971,118.261
2017-02-20,1.11274,118.261,239.329,111.322
2017-02-21,0,111.322,342.609,104.552
2017-02-22,0,104.552,290.364,93.1226
2017-02-23,25.9323,93.1226,203.161,89.9557
2017-02-24,5.15651,89.9557,151.551,85.2888
2017-02-25,13.8616,85.2888,118.261,107.915
2017-02-26,3.32082,107.915,118.261,130.811
2017-02-27,0.237249,130.811,111.322,149.615
2017-02-28,1.12177,149.615,104.552,130.811
2017-03-01,19.7083,130.811,93.1226,109.613
2017-03-02,6.41776,109.613,89.9557,102.887
2017-03-03,13.2478,102.887,85.2888,143.867
2017-03-04,9.38512,143.867,107.915,140.085
2017-03-05,8.61956,140.085,130.811,161.382
2017-03-06,4.48008,161.382,149.615,147.689
2017-03-07,4.81346,147.689,130.811,143.867
2017-03-08,0.663424,143.867,109.613,127.173
2017-03-09,1.36289,127.173,102.887,127.173
2017-03-10,70.2321,127.173,143.867,104.552
2017-03-11,6.00297,104.552,140.085,93.1226
2017-03-12,27.1013,93.1226,161.382,79.2235
2017-03-13,3.5675,79.2235,147.689,111.322
2017-03-14,0,111.322,143.867,106.229
2017-03-15,0,106.229,127.173,97.9555
2017-03-16,11.5887,97.9555,127.173,86.8333
2017-03-17,0,86.8333,104.552,76.259
2017-03-18,0,76.259,93.1226,67.6791
2017-03-19,0,67.6791,79.2235,62.2411
2017-03-20,0,62.2411,111.322,64.9381
2017-03-21,0,64.9381,106.229,74.7939
2017-03-22,0,74.7939,97.9555,70.4678
2017-03-23,6.53496,70.4678,86.8333,66.3031
2017-03-24,2.29194,66.3031,76.259,66.3031
2017-03-25,0.942457,66.3031,67.6791,70.4678
2017-03-26,0.424156,70.4678,62.2411,76.259
2017-03-27,0,76.259,64.9381,76.259
2017-03-28,0,76.259,74.7939,89.9557
2017-03-29,0,89.9557,70.4678,91.5336
2017-03-30,0,91.5336,66.3031,83.7556
2017-03-31,0,83.7556,66.3031,79.2235
2017-04-01,0,79.2235,70.4678,79.2235
2017-04-02,0,79.2235,76.259,70.4678
2017-04-03,0,70.4678,76.259,62.2411
2017-04-04,0.00871085,62.2411,89.9557,63.584
2017-04-05,18.9067,63.584,91.5336,60.9093
2017-04-06,3.50383,60.9093,83.7556,59.5887
2017-04-07,0,59.5887,79.2235,69.0661
2017-04-08,0.0502161,69.0661,79.2235,64.9381
2017-04-09,19.0007,64.9381,70.4678,60.9093
2017-04-10,1.18131,60.9093,62.2411,73.3403
2017-04-11,1.24066,73.3403,63.584,70.4678
2017-04-12,0,70.4678,60.9093,67.6791
2017-04-13,0,67.6791,59.5887,63.584
2017-04-14,0,63.584,69.0661,60.9093
2017-04-15,3.15152,60.9093,64.9381,59.5887
2017-04-16,29.8891,59.5887,60.9093,66.3031
2017-04-17,0,66.3031,73.3403,70.4678
2017-04-18,0,70.4678,70.4678,76.259
2017-04-19,0,76.259,67.6791,79.2235
2017-04-20,4.58776,79.2235,63.584,82.2336
2017-04-21,15.3907,82.2336,60.9093,82.2336
2017-04-22,1.50057,82.2336,59.5887,79.2235
2017-04-23,0,79.2235,66.3031,74.7939
2017-04-24,0,74.7939,70.4678,64.9381
2017-04-25,0.519514,64.9381,76.259,60.9093
2017-04-26,22.0723,60.9093,79.2235,76.259
2017-04-27,2.93882,76.259,82.2336,86.8333
2017-04-28,0,86.8333,82.2336,74.7939
2017-04-29,0,74.7939,79.2235,67.6791
2017-04-30,0,67.6791,74.7939,60.9093
2017-05-01,2.44834,60.9093,64.9381,60.9093
2017-05-02,0.542051,60.9093,60.9093,60.9093
2017-05-03,0,60.9093,76.259,59.5887
2017-05-04,7.24721,59.5887,86.8333,58.2794
2017-05-05,2.96551,58.2794,74.7939,62.2411
2017-05-06,0,62.2411,67.6791,60.9093
2017-05-07,0,60.9093,60.9093,63.584
2017-05-08,0.0216714,63.584,60.9093,67.6791
2017-05-09,0.294681,67.6791,60.9093,59.5887
2017-05-10,0,59.5887,59.5887,53.1556
2017-05-11,0.989637,53.1556,58.2794,48.2166
2017-05-12,4.72235,48.2166,62.2411,51.9034
2017-05-13,0.0582156,51.9034,60.9093,51.9034
2017-05-14,10.2208,51.9034,63.584,50.6628
2017-05-15,0,50.6628,67.6791,47.0111
2017-05-16,0,47.0111,59.5887,42.3087
2017-05-17,0,42.3087,53.1556,40.0301
2017-05-18,18.6717,40.0301,48.2166,37.8007
2017-05-19,29.5122,37.8007,51.9034,99.5884
2017-05-20,0,99.5884,51.9034,418.574
2017-05-21,14.5098,418.574,50.6628,409.832
2017-05-22,0,409.832,47.0111,381.232
2017-05-23,9.08793,381.232,42.3087,220.946
2017-05-24,16.1578,220.946,40.0301,211.978
2017-05-25,0.0851919,211.978,37.8007,308.252
2017-05-26,2.28877,308.252,99.5884,348.024
2017-05-27,34.4796,348.024,418.574,424.444
2017-05-28,25.9118,424.444,409.832,949.403
2017-05-29,10.371,949.403,381.232,973.976
2017-05-30,12.3725,973.976,220.946,834.24
2017-05-31,2.33359,834.24,211.978,1200.39
2017-06-01,0,1200.39,308.252,1588.98
2017-06-02,0,1588.98,348.024,1266.19
2017-06-03,0,1266.19,424.444,1091.92
2017-06-04,30.5202,1091.92,949.403,877.213
2017-06-05,33.705,877.213,973.976,1435.46
2017-06-06,12.0671,1435.46,834.24,1683.43
2017-06-07,17.9905,1683.43,1200.39,1316.26
2017-06-08,20.5029,1316.26,1588.98,1084.02
2017-06-09,14.0762,1084.02,1266.19,925.083
2017-06-10,0,925.083,1091.92,913.02
2017-06-11,0,913.02,877.213,743.533
2017-06-12,0,743.533,1435.46,601.884
2017-06-13,0,601.884,1683.43,545.39
2017-06-14,0,545.39,1316.26,481.837
2017-06-15,0,481.837,1084.02,427.391
2017-06-16,0,427.391,925.083,381.232
2017-06-17,0,381.232,913.02,353.474
2017-06-18,0,353.474,743.533,297.978
2017-06-19,0,297.978,601.884,236.998
2017-06-20,0,236.998,545.39,169.426
2017-06-21,0,169.426,481.837,145.773
2017-06-22,0,145.773,427.391,140.085
2017-06-23,0,140.085,381.232,141.971
2017-06-24,0,141.971,353.474,132.645
2017-06-25,0,132.645,297.978,120.023
2017-06-26,0,120.023,236.998,106.229
2017-06-27,0,106.229,169.426,97.9555
2017-06-28,0,97.9555,145.773,97.9555
2017-06-29,0,97.9555,140.085,97.9555
2017-06-30,0.223035,97.9555,141.971,94.7226
2017-07-01,2.49261,94.7226,132.645,96.3336
2017-07-02,0,96.3336,120.023,93.1226
2017-07-03,0,93.1226,106.229,88.389
2017-07-04,0.8096,88.389,97.9555,82.2336
2017-07-05,0.0445921,82.2336,97.9555,79.2235
2017-07-06,0,79.2235,97.9555,74.7939
2017-07-07,0,74.7939,94.7226,73.3403
2017-07-08,0.118137,73.3403,96.3336,73.3403
2017-07-09,0.0904883,73.3403,93.1226,70.4678
2017-07-10,0,70.4678,88.389,70.4678
2017-07-11,0,70.4678,82.2336,73.3403
2017-07-12,0,73.3403,79.2235,71.8983
2017-07-13,0,71.8983,74.7939,69.0661
2017-07-14,0,69.0661,73.3403,66.3031
2017-07-15,0,66.3031,73.3403,67.6791
2017-07-16,0,67.6791,70.4678,70.4678
2017-07-17,2.38125,70.4678,70.4678,67.6791
2017-07-18,0,67.6791,73.3403,70.4678
2017-07-19,0,70.4678,71.8983,67.6791
2017-07-20,0,67.6791,69.0661,67.6791
2017-07-21,0,67.6791,66.3031,66.3031
2017-07-22,0,66.3031,67.6791,64.9381
2017-07-23,0.456327,64.9381,70.4678,62.2411
2017-07-24,0.653086,62.2411,67.6791,62.2411
2017-07-25,0,62.2411,70.4678,59.5887
2017-07-26,0,59.5887,67.6791,62.2411
2017-07-27,0,62.2411,67.6791,63.584
2017-07-28,0.366424,63.584,66.3031,59.5887
2017-07-29,0,59.5887,64.9381,62.2411
2017-07-30,0.0734907,62.2411,62.2411,59.5887
2017-07-31,0,59.5887,62.2411,55.6947
2017-08-01,0,55.6947,59.5887,60.9093
2017-08-02,1.67894,60.9093,62.2411,55.6947
2017-08-03,16.209,55.6947,63.584,77.7355
2017-08-04,0,77.7355,59.5887,161.382
2017-08-05,0,161.382,62.2411,132.645
2017-08-06,0,132.645,59.5887,106.229
2017-08-07,0,106.229,55.6947,83.7556
2017-08-08,5.78548,83.7556,60.9093,63.584
2017-08-09,0.82518,63.584,55.6947,66.3031
2017-08-10,0,66.3031,77.7355,80.7229
2017-08-11,0,80.7229,161.382,62.2411
2017-08-12,0.0694206,62.2411,132.645,63.584
2017-08-13,39.9588,63.584,106.229,141.971
2017-08-14,7.89469,141.971,83.7556,185.985
2017-08-15,0.567945,185.985,63.584,198.81
2017-08-16,0,198.81,66.3031,143.867
2017-08-17,0,143.867,80.7229,104.552
2017-08-18,0,104.552,62.2411,101.232
2017-08-19,0.615307,101.232,63.584,101.232
2017-08-20,48.733,101.232,141.971,190.221
2017-08-21,0,190.221,185.985,329.221
2017-08-22,0,329.221,198.81,239.329
2017-08-23,0,239.329,143.867,169.426
2017-08-24,0,169.426,104.552,125.37
2017-08-25,0,125.37,101.232,96.3336
2017-08-26,0,96.3336,101.232,88.389
2017-08-27,0,88.389,190.221,88.389
2017-08-28,0.281985,88.389,329.221,86.8333
2017-08-29,0,86.8333,239.329,85.2888
2017-08-30,0,85.2888,169.426,73.3403
2017-08-31,0,73.3403,125.37,70.4678
2017-09-01,0.00350507,70.4678,96.3336,69.0661
2017-09-02,0,69.0661,88.389,70.4678
2017-09-03,0,70.4678,88.389,67.6791
2017-09-04,0,67.6791,86.8333,64.9381
2017-09-05,0,64.9381,85.2888,64.9381
2017-09-06,0,64.9381,73.3403,67.6791
2017-09-07,0,67.6791,70.4678,66.3031
2017-09-08,0,66.3031,69.0661,63.584
2017-09-09,0.964762,63.584,70.4678,64.9381
2017-09-10,0,64.9381,67.6791,62.2411
2017-09-11,1.15369,62.2411,64.9381,58.2794
2017-09-12,0,58.2794,64.9381,48.2166
2017-09-13,0,48.2166,67.6791,50.6628
2017-09-14,0,50.6628,66.3031,49.4338
2017-09-15,0,49.4338,63.584,48.2166
2017-09-16,0.00597143,48.2166,64.9381,45.8176
2017-09-17,0,45.8176,62.2411,38.9092
2017-09-18,0,38.9092,58.2794,32.4467
2017-09-19,0,32.4467,48.2166,41.1633
2017-09-20,0,41.1633,50.6628,35.6211
2017-09-21,0,35.6211,49.4338,37.8007
2017-09-22,0,37.8007,48.2166,35.6211
2017-09-23,0.0106199,35.6211,45.8176,34.5503
2017-09-24,1.41334,34.5503,38.9092,35.6211
2017-09-25,0,35.6211,32.4467,32.4467
2017-09-26,0,32.4467,41.1633,31.4143
2017-09-27,2.41016,31.4143,35.6211,31.4143
2017-09-28,4.3514,31.4143,37.8007,35.6211
2017-09-29,23.0227,35.6211,35.6211,70.4678
2017-09-30,26.2967,70.4678,34.5503,127.173
2017-10-01,2.02561,127.173,35.6211,123.577
2017-10-02,6.77303,123.577,32.4467,104.552
2017-10-03,0.726039,104.552,31.4143,88.389
2017-10-04,0.212708,88.389,31.4143,71.8983
2017-10-05,0,71.8983,35.6211,60.9093
2017-10-06,7.07927,60.9093,70.4678,56.9813
2017-10-07,17.3232,56.9813,127.173,107.915
2017-10-08,0.0902975,107.915,123.577,113.041
2017-10-09,11.2565,113.041,104.552,94.7226
2017-10-10,26.3165,94.7226,88.389,77.7355
2017-10-11,11.1078,77.7355,71.8983,145.773
2017-10-12,8.245,145.773,60.9093,132.645
2017-10-13,16.8077,132.645,56.9813,138.21
2017-10-14,0.710587,138.21,107.915,372.815
2017-10-15,0,372.815,113.041,337.228
2017-10-16,0,337.228,94.7226,251.117
2017-10-17,0,251.117,77.7355,165.385
2017-10-18,0,165.385,145.773,132.645
2017-10-19,6.61516,132.645,132.645,99.5884
2017-10-20,8.34734,99.5884,138.21,101.232
2017-10-21,20.4318,101.232,372.815,101.232
2017-10-22,21.7982,101.232,337.228,155.454
2017-10-23,2.33623,155.454,251.117,185.985
2017-10-24,0,185.985,165.385,155.454
2017-10-25,14.5602,155.454,132.645,107.915
2017-10-26,12.5793,107.915,99.5884,97.9555
2017-10-27,9.49703,97.9555,101.232,94.7226
2017-10-28,0,94.7226,101.232,89.9557
2017-10-29,6.36257,89.9557,155.454,94.7226
2017-10-30,24.8995,94.7226,185.985,91.5336
2017-10-31,0,91.5336,155.454,109.613
2017-11-01,0,109.613,107.915,93.1226
2017-11-02,0,93.1226,97.9555,82.2336
2017-11-03,11.0766,82.2336,94.7226,79.2235
2017-11-04,14.9224,79.2235,89.9557,85.2888
2017-11-05,3.77744,85.2888,94.7226,167.4
2017-11-06,0,167.4,91.5336,163.378
2017-11-07,0,163.378,109.613,120.023
2017-11-08,2.60293,120.023,93.1226,106.229
2017-11-09,0.00756934,106.229,82.2336,91.5336
2017-11-10,16.5075,91.5336,79.2235,82.2336
2017-11-11,0,82.2336,85.2888,109.613
2017-11-12,0,109.613,167.4,111.322
2017-11-13,0,111.322,163.378,104.552
2017-11-14,0,104.552,120.023,93.1226
2017-11-15,0,93.1226,106.229,82.2336
2017-11-16,4.27852,82.2336,91.5336,91.5336
2017-11-17,9.88962,91.5336,82.2336,171.462
2017-11-18,18.6116,171.462,109.613,159.396
2017-11-19,0,159.396,111.322,469.511
2017-11-20,0,469.511,104.552,297.978
2017-11-21,6.2426,297.978,93.1226,209.76
2017-11-22,0.928339,209.76,82.2336,175.563
2017-11-23,0,175.563,91.5336,165.385
2017-11-24,0,165.385,171.462,91.5336
2017-11-25,13.486,91.5336,159.396,88.389
2017-11-26,4.20725,88.389,469.511,83.7556
2017-11-27,0,83.7556,297.978,111.322
2017-11-28,0.0105289,111.322,209.76,104.552
2017-11-29,0,104.552,175.563,101.232
2017-11-30,0.174909,101.232,165.385,96.3336
2017-12-01,0,96.3336,91.5336,94.7226
2017-12-02,0,94.7226,88.389,88.389
2017-12-03,0,88.389,83.7556,82.2336
2017-12-04,0,82.2336,111.322,76.259
2017-12-05,0,76.259,104.552,70.4678
2017-12-06,0.33704,70.4678,101.232,64.9381
2017-12-07,4.9217,64.9381,96.3336,60.9093
2017-12-08,0,60.9093,94.7226,106.229
2017-12-09,0,106.229,88.389,82.2336
2017-12-10,0,82.2336,82.2336,71.8983
2017-12-11,0,71.8983,76.259,60.9093
2017-12-12,0,60.9093,70.4678,51.9034
2017-12-13,0,51.9034,64.9381,47.0111
2017-12-14,0.869571,47.0111,60.9093,38.9092
2017-12-15,14.1799,38.9092,106.229,33.4921
2017-12-16,0,33.4921,82.2336,37.8007
2017-12-17,11.8155,37.8007,71.8983,37.8007
2017-12-18,3.4497,37.8007,60.9093,37.8007
2017-12-19,0,37.8007,51.9034,41.1633
2017-12-20,27.048,41.1633,47.0111,49.4338
2017-12-21,12.2992,49.4338,38.9092,109.613
2017-12-22,0,109.613,33.4921,106.229
2017-12-23,11.4638,106.229,37.8007,86.8333
2017-12-24,41.1756,86.8333,37.8007,73.3403
2017-12-25,1.08905,73.3403,37.8007,227.77
2017-12-26,0,227.77,41.1633,165.385
2017-12-27,0.0139234,165.385,49.4338,125.37
2017-12-28,0,125.37,109.613,111.322
2017-12-29,13.7219,111.322,106.229,104.552
2017-12-30,1.46885,104.552,86.8333,116.511
2017-12-31,0,116.511,73.3403,123.577
2018-01-01,9.6949,123.577,227.77,128.987
2018-01-02,12.878,128.987,165.385,128.987
2018-01-03,0,128.987,125.37,140.085
2018-01-04,0,140.085,111.322,116.511
2018-01-05,0,116.511,104.552,83.7556
2018-01-06,12.5989,83.7556,116.511,71.8983
2018-01-07,0.121759,71.8983,123.577,62.2411
2018-01-08,0,62.2411,128.987,62.2411
2018-01-09,19.9624,62.2411,128.987,53.1556
2018-01-10,6.91038,53.1556,140.085,85.2888
2018-01-11,21.9377,85.2888,116.511,173.507
2018-01-12,10.6677,173.507,83.7556,329.221
2018-01-13,11.7196,329.221,71.8983,290.364
2018-01-14,17.8245,290.364,62.2411,263.134
2018-01-15,14.366,263.134,62.2411,251.117
2018-01-16,10.0431,251.117,53.1556,268.004
2018-01-17,14.944,268.004,85.2888,313.442
2018-01-18,17.4726,313.442,173.507,491.167
2018-01-19,0.514882,491.167,329.221,571.695
2018-01-20,0.17459,571.695,290.364,513.216
2018-01-21,9.93041,513.216,263.134,436.282
2018-01-22,32.4219,436.282,251.117,430.346
2018-01-23,21.0586,430.346,268.004,561.772
2018-01-24,32.8351,561.772,313.442,639.629
2018-01-25,4.94458,639.629,491.167,451.264
2018-01-26,0,451.264,571.695,395.427
2018-01-27,0,395.427,513.216,334.551
2018-01-28,7.99984,334.551,436.282,308.252
2018-01-29,15.5673,308.252,430.346,282.831
2018-01-30,0,282.831,561.772,255.897
2018-01-31,0,255.897,639.629,239.329
2018-02-01,0.00757733,239.329,451.264,214.206
2018-02-02,0,214.206,395.427,185.985
2018-02-03,0,185.985,334.551,167.4
2018-02-04,0.00789084,167.4,308.252,106.229
2018-02-05,0,106.229,282.831,96.3336
2018-02-06,0,96.3336,255.897,85.2888
2018-02-07,0.318459,85.2888,239.329,82.2336
2018-02-08,1.46325,82.2336,214.206,83.7556
2018-02-09,27.539,83.7556,185.985,83.7556
2018-02-10,13.6784,83.7556,167.4,73.3403
2018-02-11,16.9171,73.3403,106.229,99.5884
2018-02-12,11.4039,99.5884,96.3336,227.77
2018-02-13,0,227.77,85.2888,272.911
2018-02-14,0,272.911,82.2336,207.551
2018-02-15,0,207.551,83.7556,143.867
2018-02-16,0,143.867,83.7556,132.645
2018-02-17,8.42738,132.645,73.3403,123.577
2018-02-18,6.27961,123.577,99.5884,109.613
2018-02-19,24.1542,109.613,227.77,86.8333
2018-02-20,12.1006,86.8333,272.911,123.577
2018-02-21,0.0153923,123.577,207.551,106.229
2018-02-22,0,106.229,143.867,94.7226
2018-02-23,0,94.7226,132.645,74.7939
2018-02-24,0,74.7939,123.577,64.9381
2018-02-25,0,64.9381,109.613,60.9093
2018-02-26,0,60.9093,86.8333,55.6947
2018-02-27,5.38588,55.6947,123.577,128.987
2018-02-28,0.0663587,128.987,106.229,132.645
2018-03-01,0.296666,132.645,94.7226,134.49
2018-03-02,4.52687,134.49,74.7939,118.261
2018-03-03,2.37509,118.261,64.9381,116.511
2018-03-04,0.694185,116.511,60.9093,130.811
2018-03-05,0,130.811,55.6947,123.577
2018-03-06,0,123.577,128.987,127.173
2018-03-07,0,127.173,132.645,107.915
2018-03-08,0,107.915,134.49,89.9557
2018-03-09,0.158372,89.9557,118.261,76.259
2018-03-10,0.103687,76.259,116.511,64.9381
2018-03-11,0,64.9381,130.811,59.5887
2018-03-12,0,59.5887,123.577,59.5887
2018-03-13,0,59.5887,127.173,59.5887
2018-03-14,18.6273,59.5887,107.915,63.584
2018-03-15,26.3709,63.584,89.9557,97.9555
2018-03-16,0,97.9555,76.259,113.041
2018-03-17,0.0297915,113.041,64.9381,85.2888
2018-03-18,2.55101,85.2888,59.5887,69.0661
2018-03-19,9.77214,69.0661,59.5887,66.3031
2018-03-20,34.9897,66.3031,59.5887,120.023
2018-03-21,0,120.023,63.584,155.454
2018-03-22,0,155.454,97.9555,200.981
2018-03-23,2.0237,200.981,113.041,132.645
2018-03-24,0.622722,132.645,85.2888,101.232
2018-03-25,45.056,101.232,69.0661,268.004
2018-03-26,0.867075,268.004,66.3031,618.926
2018-03-27,3.12906,618.926,120.023,491.167
2018-03-28,1.22196,491.167,155.454,398.292
2018-03-29,17.6021,398.292,200.981,310.843
2018-03-30,10.7468,310.843,132.645,316.05
2018-03-31,19.418,316.05,101.232,375.612
2018-04-01,10.4342,375.612,268.004,418.574
2018-04-02,2.48017,418.574,618.926,454.284
2018-04-03,0.196291,454.284,491.167,353.474
2018-04-04,0.289254,353.474,398.292,270.453
2018-04-05,1.87054,270.453,310.843,255.897
2018-04-06,2.50984,255.897,316.05,185.985
2018-04-07,0,185.985,375.612,163.378
2018-04-08,0,163.378,418.574,141.971
2018-04-09,0.0815517,141.971,454.284,125.37
2018-04-10,0,125.37,353.474,111.322
2018-04-11,0,111.322,270.453,101.232
2018-04-12,0,101.232,255.897,97.9555
2018-04-13,6.25231,97.9555,185.985,93.1226
2018-04-14,2.23319,93.1226,163.378,88.389
2018-04-15,1.08808,88.389,141.971,79.2235
2018-04-16,0.6461,79.2235,125.37,76.259
2018-04-17,0.634068,76.259,111.322,73.3403
2018-04-18,0.0122846,73.3403,101.232,70.4678
2018-04-19,0,70.4678,97.9555,73.3403
2018-04-20,0,73.3403,93.1226,73.3403
2018-04-21,0.994874,73.3403,88.389,70.4678
2018-04-22,0,70.4678,79.2235,64.9381
2018-04-23,0.99026,64.9381,76.259,69.0661
2018-04-24,0,69.0661,73.3403,64.9381
2018-04-25,0.849589,64.9381,70.4678,64.9381
2018-04-26,0,64.9381,73.3403,58.2794
2018-04-27,1.91451,58.2794,73.3403,51.9034
2018-04-28,0.0817358,51.9034,70.4678,49.4338
2018-04-29,0,49.4338,64.9381,38.9092
2018-04-30,2.61744,38.9092,69.0661,40.0301
2018-05-01,0.630387,40.0301,64.9381,40.0301
2018-05-02,1.41546,40.0301,64.9381,36.7046
2018-05-03,0,36.7046,58.2794,37.8007
2018-05-04,0,37.8007,51.9034,35.6211
2018-05-05,0.460197,35.6211,49.4338,33.4921
2018-05-06,0,33.4921,38.9092,33.4921
2018-05-07,0,33.4921,40.0301,32.4467
2018-05-08,0,32.4467,40.0301,30.3948
2018-05-09,1.49388,30.3948,36.7046,29.3884
2018-05-10,0.0817227,29.3884,37.8007,29.3884
2018-05-11,6.92348,29.3884,35.6211,28.3952
2018-05-12,0,28.3952,33.4921,30.3948
2018-05-13,0,30.3948,33.4921,27.4153
2018-05-14,0,27.4153,32.4467,27.4153
2018-05-15,0,27.4153,30.3948,29.3884
2018-05-16,3.14555,29.3884,29.3884,29.3884
2018-05-17,0,29.3884,29.3884,32.4467
2018-05-18,8.79082,32.4467,28.3952,33.4921
2018-05-19,30.5569,33.4921,30.3948,82.2336
2018-05-20,0,82.2336,27.4153,106.229
2018-05-21,0,106.229,27.4153,83.7556
2018-05-22,0,83.7556,29.3884,69.0661
2018-05-23,0,69.0661,29.3884,67.6791
2018-05-24,0,67.6791,32.4467,67.6791
2018-05-25,0,67.6791,33.4921,64.9381
2018-05-26,0,64.9381,82.2336,62.2411
2018-05-27,0,62.2411,106.229,58.2794
2018-05-28,0,58.2794,83.7556,53.1556
2018-05-29,0,53.1556,69.0661,49.4338
2018-05-30,0,49.4338,67.6791,47.0111
2018-05-31,0.0774171,47.0111,67.6791,38.9092
2018-06-01,1.24996,38.9092,64.9381,44.6359
2018-06-02,0.169632,44.6359,62.2411,41.1633
2018-06-03,0,41.1633,58.2794,38.9092
2018-06-04,11.9774,38.9092,53.1556,45.8176
2018-06-05,12.1754,45.8176,49.4338,42.3087
2018-06-06,0,42.3087,47.0111,40.0301
2018-06-07,0,40.0301,38.9092,38.9092
2018-06-08,0,38.9092,44.6359,35.6211
2018-06-09,0,35.6211,41.1633,28.3952
2018-06-10,1.57887,28.3952,38.9092,28.3952
2018-06-11,16.7426,28.3952,45.8176,32.4467
2018-06-12,39.3307,32.4467,42.3087,51.9034
2018-06-13,1.90505,51.9034,40.0301,236.998
2018-06-14,0,236.998,38.9092,183.881
2018-06-15,0,183.881,35.6211,132.645
2018-06-16,0.00455331,132.645,28.3952,106.229
2018-06-17,0,106.229,28.3952,97.9555
2018-06-18,0,97.9555,32.4467,86.8333
2018-06-19,0,86.8333,51.9034,77.7355
2018-06-20,0,77.7355,236.998,69.0661
2018-06-21,0,69.0661,183.881,60.9093
2018-06-22,0,60.9093,132.645,48.2166
2018-06-23,0,48.2166,106.229,48.2166
2018-06-24,0,48.2166,97.9555,38.9092
2018-06-25,0.275678,38.9092,86.8333,49.4338
2018-06-26,6.06765,49.4338,77.7355,60.9093
2018-06-27,20.9554,60.9093,69.0661,71.8983
2018-06-28,0.556451,71.8983,60.9093,82.2336
2018-06-29,0.0196109,82.2336,48.2166,76.259
2018-06-30,6.20266,76.259,48.2166,73.3403
2018-07-01,0,73.3403,38.9092,69.0661
2018-07-02,0,69.0661,49.4338,67.6791
2018-07-03,0.0732227,67.6791,60.9093,64.9381
2018-07-04,3.08717,64.9381,71.8983,59.5887
2018-07-05,0,59.5887,82.2336,127.173
2018-07-06,0.2841,127.173,76.259,111.322
2018-07-07,1.2992,111.322,73.3403,111.322
2018-07-08,0,111.322,69.0661,82.2336
2018-07-09,0.00872051,82.2336,67.6791,114.77
2018-07-10,0,114.77,64.9381,77.7355
2018-07-11,1.17762,77.7355,59.5887,54.4194
2018-07-12,0.106632,54.4194,127.173,50.6628
2018-07-13,0,50.6628,111.322,44.6359
2018-07-14,0,44.6359,111.322,42.3087
2018-07-15,0,42.3087,82.2336,38.9092
2018-07-16,0.643358,38.9092,114.77,41.1633
2018-07-17,1.04005,41.1633,77.7355,42.3087
2018-07-18,0,42.3087,54.4194,41.1633
2018-07-19,0,41.1633,50.6628,42.3087
2018-07-20,0.00404682,42.3087,44.6359,43.4663
2018-07-21,0,43.4663,42.3087,41.1633
2018-07-22,0.270512,41.1633,38.9092,35.6211
2018-07-23,1.10216,35.6211,41.1633,32.4467
2018-07-24,0.0175714,32.4467,42.3087,31.4143
2018-07-25,1.66163,31.4143,41.1633,37.8007
2018-07-26,4.71751,37.8007,42.3087,36.7046
2018-07-27,1.3455,36.7046,43.4663,35.6211
2018-07-28,4.66939,35.6211,41.1633,35.6211
2018-07-29,17.5432,35.6211,35.6211,34.5503
2018-07-30,0,34.5503,32.4467,32.4467
2018-07-31,0.487291,32.4467,31.4143,33.4921
2018-08-01,0,33.4921,37.8007,33.4921
2018-08-02,0,33.4921,36.7046,31.4143
2018-08-03,5.97149,31.4143,35.6211,33.4921
2018-08-04,9.573,33.4921,35.6211,33.4921
2018-08-05,6.95381,33.4921,34.5503,33.4921
2018-08-06,5.27954,33.4921,32.4467,33.4921
2018-08-07,0,33.4921,33.4921,33.4921
2018-08-08,12.65,33.4921,33.4921,29.3884
2018-08-09,5.8049,29.3884,31.4143,32.4467
2018-08-10,0,32.4467,33.4921,27.4153
2018-08-11,0,27.4153,33.4921,33.4921
2018-08-12,0,33.4921,33.4921,28.3952
2018-08-13,0,28.3952,33.4921,30.3948
2018-08-14,0,30.3948,33.4921,28.3952
2018-08-15,5.78329,28.3952,29.3884,26.4487
2018-08-16,0.145205,26.4487,32.4467,28.3952
2018-08-17,0.293426,28.3952,27.4153,28.3952
2018-08-18,0.314304,28.3952,33.4921,20.0676
2018-08-19,0.0789701,20.0676,28.3952,15.1572
2018-08-20,0.926194,15.1572,30.3948,19.2124
2018-08-21,13.0393,19.2124,28.3952,20.9371
2018-08-22,9.69343,20.9371,26.4487,58.2794
2018-08-23,0,58.2794,28.3952,211.978
2018-08-24,28.7332,211.978,28.3952,136.345
2018-08-25,12.6089,136.345,20.0676,258.3
2018-08-26,0,258.3,15.1572,265.565
2018-08-27,0,265.565,19.2124,169.426
2018-08-28,0,169.426,20.9371,116.511
2018-08-29,0,116.511,58.2794,89.9557
2018-08-30,0,89.9557,211.978,85.2888
2018-08-31,0.1544,85.2888,136.345,64.9381
2018-09-01,3.56815,64.9381,258.3,67.6791
2018-09-02,11.4652,67.6791,265.565,454.284
2018-09-03,15.4861,454.284,169.426,758.357
2018-09-04,0,758.357,116.511,1163.88
2018-09-05,0,1163.88,89.9557,885.12
2018-09-06,0,885.12,85.2888,615.502
2018-09-07,0,615.502,64.9381,510.042
2018-09-08,0,510.042,67.6791,433.31
2018-09-09,0,433.31,454.284,316.05
2018-09-10,0,316.05,758.357,227.77
2018-09-11,0,227.77,1163.88,143.867
2018-09-12,0,143.867,885.12,109.613
2018-09-13,2.79113,109.613,615.502,104.552
2018-09-14,12.6634,104.552,510.042,111.322
2018-09-15,0.787813,111.322,433.31,130.811
2018-09-16,5.08671,130.811,316.05,214.206
2018-09-17,20.5975,214.206,227.77,198.81
2018-09-18,0,198.81,143.867,190.221
2018-09-19,9.26918,190.221,109.613,211.978
2018-09-20,33.0388,211.978,104.552,194.496
2018-09-21,0,194.496,111.322,138.21
2018-09-22,0,138.21,130.811,123.577
2018-09-23,0.265746,123.577,214.206,111.322
2018-09-24,5.53145,111.322,198.81,88.389
2018-09-25,3.64832,88.389,190.221,99.5884
2018-09-26,7.47285,99.5884,211.978,91.5336
2018-09-27,13.1718,91.5336,194.496,91.5336
2018-09-28,0,91.5336,138.21,88.389
2018-09-29,0,88.389,123.577,82.2336
2018-09-30,4.33451,82.2336,111.322,76.259
2018-10-01,2.93444,76.259,88.389,67.6791
2018-10-02,7.63572,67.6791,99.5884,66.3031
2018-10-03,11.7518,66.3031,91.5336,82.2336
2018-10-04,0.0862065,82.2336,91.5336,167.4
2018-10-05,0.0116998,167.4,88.389,216.443
2018-10-06,0.58011,216.443,82.2336,177.627
2018-10-07,4.05645,177.627,76.259,157.42
2018-10-08,0.333282,157.42,67.6791,192.354
2018-10-09,2.83709,192.354,66.3031,192.354
2018-10-10,10.86,192.354,82.2336,239.329
2018-10-11,0,239.329,167.4,207.551
2018-10-12,0,207.551,216.443,147.689
2018-10-13,17.0509,147.689,177.627,128.987
2018-10-14,0,128.987,157.42,140.085
2018-10-15,0,140.085,192.354,415.652
2018-10-16,0,415.652,192.354,545.39
2018-10-17,8.00858,545.39,239.329,491.167
2018-10-18,18.3317,491.167,207.551,469.511
2018-10-19,2.53795,469.511,147.689,491.167
2018-10-20,0,491.167,128.987,439.262
2018-10-21,0,439.262,140.085,406.934
2018-10-22,0,406.934,415.652,326.57
2018-10-23,2.68659,326.57,545.39,200.981
2018-10-24,0.873721,200.981,491.167,181.787
2018-10-25,0,181.787,469.511,181.787
2018-10-26,6.67868,181.787,491.167,161.382
2018-10-27,1.11217,161.382,439.262,163.378
2018-10-28,0,163.378,406.934,167.4
2018-10-29,0,167.4,326.57,163.378
2018-10-30,0,163.378,200.981,134.49
2018-10-31,33.178,134.49,181.787,127.173
2018-11-01,20.6224,127.173,181.787,258.3
2018-11-02,0,258.3,161.382,165.385
2018-11-03,20.5138,165.385,163.378,177.627
2018-11-04,0.411473,177.627,167.4,263.134
2018-11-05,0,263.134,163.378,220.946
2018-11-06,0,220.946,134.49,173.507
2018-11-07,0,173.507,127.173,136.345
2018-11-08,0,136.345,258.3,125.37
2018-11-09,0,125.37,165.385,120.023
2018-11-10,0,120.023,177.627,130.811
2018-11-11,0,130.811,263.134,111.322
2018-11-12,0.171443,111.322,220.946,99.5884
2018-11-13,1.8737,99.5884,173.507,101.232
2018-11-14,20.0398,101.232,136.345,89.9557
2018-11-15,0,89.9557,125.37,80.7229
2018-11-16,0,80.7229,120.023,74.7939
2018-11-17,0.457124,74.7939,130.811,70.4678
2018-11-18,8.28379,70.4678,111.322,71.8983
2018-11-19,0,71.8983,99.5884,77.7355
2018-11-20,0,77.7355,101.232,73.3403
2018-11-21,0,73.3403,89.9557,69.0661
2018-11-22,0,69.0661,80.7229,67.6791
2018-11-23,9.40942,67.6791,74.7939,64.9381
2018-11-24,1.05487,64.9381,70.4678,67.6791
2018-11-25,0,67.6791,71.8983,73.3403
2018-11-26,0,73.3403,77.7355,74.7939
2018-11-27,0.109044,74.7939,73.3403,62.2411
2018-11-28,1.93158,62.2411,69.0661,53.1556
2018-11-29,10.0155,53.1556,67.6791,55.6947
2018-11-30,4.88618,55.6947,64.9381,55.6947
2018-12-01,0,55.6947,67.6791,155.454
2018-12-02,0,155.454,73.3403,169.426
2018-12-03,0,169.426,74.7939,107.915
2018-12-04,0,107.915,62.2411,79.2235
2018-12-05,0,79.2235,53.1556,67.6791
2018-12-06,0,67.6791,55.6947,53.1556
2018-12-07,0,53.1556,55.6947,51.9034
2018-12-08,0,51.9034,155.454,49.4338
2018-12-09,0,49.4338,169.426,45.8176
2018-12-10,0.532551,45.8176,107.915,32.4467
2018-12-11,0.533479,32.4467,79.2235,40.0301
2018-12-12,1.01544,40.0301,67.6791,32.4467
2018-12-13,6.162,32.4467,53.1556,25.4957
2018-12-14,3.90167,25.4957,51.9034,27.4153
2018-12-15,26.0991,27.4153,49.4338,33.4921
2018-12-16,12.1775,33.4921,45.8176,111.322
2018-12-17,9.04584,111.322,32.4467,86.8333
2018-12-18,21.7619,86.8333,40.0301,97.9555
2018-12-19,11.3155,97.9555,32.4467,107.915
2018-12-20,10.6045,107.915,25.4957,107.915
2018-12-21,4.06528,107.915,27.4153,159.396
2018-12-22,10.4685,159.396,33.4921,203.161
2018-12-23,4.39384,203.161,111.322,188.098
2018-12-24,11.4438,188.098,86.8333,114.77
2018-12-25,5.33687,114.77,97.9555,91.5336
2018-12-26,4.8788,91.5336,107.915,82.2336
2018-12-27,0.0408127,82.2336,107.915,76.259
2018-12-28,0,76.259,159.396,70.4678
2018-12-29,0,70.4678,203.161,67.6791
2018-12-30,7.13275,67.6791,188.098,70.4678
2018-12-31,4.54158,70.4678,114.77,53.1556
2019-01-01,0.0864635,53.1556,91.5336,50.6628
2019-01-02,0.0479842,50.6628,82.2336,47.0111
2019-01-03,4.28461,47.0111,76.259,43.4663
2019-01-04,37.4582,43.4663,70.4678,34.5503
2019-01-05,6.80284,34.5503,67.6791,64.9381
2019-01-06,0,64.9381,70.4678,67.6791
2019-01-07,14.2218,67.6791,53.1556,66.3031
2019-01-08,6.9222,66.3031,50.6628,59.5887
2019-01-09,1.05225,59.5887,47.0111,51.9034
2019-01-10,12.1328,51.9034,43.4663,51.9034
2019-01-11,6.65468,51.9034,34.5503,69.0661
2019-01-12,2.67958,69.0661,64.9381,67.6791
2019-01-13,22.3702,67.6791,67.6791,143.867
2019-01-14,18.0809,143.867,66.3031,364.475
2019-01-15,18.8615,364.475,59.5887,378.418
2019-01-16,32.4963,378.418,51.9034,356.211
2019-01-17,11.8567,356.211,51.9034,265.565
2019-01-18,19.5243,265.565,69.0661,198.81
2019-01-19,11.8822,198.81,67.6791,232.365
2019-01-20,0,232.365,143.867,246.374
2019-01-21,0.101998,246.374,364.475,232.365
2019-01-22,0,232.365,378.418,190.221
2019-01-23,2.00205,190.221,356.211,138.21
2019-01-24,32.0685,138.21,265.565,209.76
2019-01-25,0,209.76,198.81,209.76
2019-01-26,0,209.76,232.365,188.098
2019-01-27,0,188.098,246.374,141.971
2019-01-28,0,141.971,232.365,113.041
2019-01-29,3.71852,113.041,190.221,80.7229
2019-01-30,2.39739,80.7229,138.21,67.6791
2019-01-31,8.97852,67.6791,209.76,70.4678
2019-02-01,10.0771,70.4678,209.76,66.3031
2019-02-02,28.9852,66.3031,188.098,64.9381
2019-02-03,12.6245,64.9381,141.971,67.6791
2019-02-04,0,67.6791,113.041,128.987
2019-02-05,2.86601,128.987,80.7229,251.117
2019-02-06,0.0256811,251.117,67.6791,198.81
2019-02-07,0,198.81,70.4678,125.37
2019-02-08,0,125.37,66.3031,99.5884
2019-02-09,0,99.5884,64.9381,86.8333
2019-02-10,21.5743,86.8333,67.6791,79.2235
2019-02-11,14.0358,79.2235,128.987,74.7939
2019-02-12,18.4974,74.7939,251.117,127.173
2019-02-13,7.30435,127.173,198.81,123.577
2019-02-14,0.0136486,123.577,125.37,86.8333
2019-02-15,53.5583,86.8333,99.5884,82.2336
2019-02-16,0.842271,82.2336,86.8333,107.915
2019-02-17,29.6353,107.915,79.2235,241.668
2019-02-18,1.08661,241.668,74.7939,239.329
2019-02-19,12.8123,239.329,127.173,239.329
2019-02-20,5.62613,239.329,123.577,251.117
2019-02-21,0.0529055,251.117,86.8333,244.017
2019-02-22,0.466103,244.017,82.2336,220.946
2019-02-23,4.88122,220.946,107.915,192.354
2019-02-24,7.26738,192.354,241.668,165.385
2019-02-25,19.5395,165.385,239.329,130.811
2019-02-26,8.26877,130.811,239.329,101.232
2019-02-27,0.0268453,101.232,251.117,409.832
2019-02-28,0,409.832,244.017,331.882
2019-03-01,0,331.882,220.946,218.69
2019-03-02,0,218.69,192.354,153.497
2019-03-03,0.241687,153.497,165.385,125.37
2019-03-04,0,125.37,130.811,106.229
2019-03-05,0.510694,106.229,101.232,80.7229
2019-03-06,26.7165,80.7229,409.832,123.577
2019-03-07,21.6469,123.577,331.882,181.787
2019-03-08,9.44514,181.787,218.69,337.228
2019-03-09,18.9732,337.228,153.497,282.831
2019-03-10,2.06131,282.831,125.37,260.713
2019-03-11,1.90356,260.713,106.229,255.897
2019-03-12,24.9659,255.897,80.7229,244.017
2019-03-13,6.41833,244.017,123.577,430.346
2019-03-14,0.181377,430.346,181.787,454.284
2019-03-15,4.06252,454.284,337.228,412.737
2019-03-16,0.419597,412.737,282.831,329.221
2019-03-17,0.504179,329.221,260.713,255.897
2019-03-18,4.04036,255.897,255.897,185.985
2019-03-19,0.126794,185.985,244.017,211.978
2019-03-20,2.33911,211.978,430.346,203.161
2019-03-21,0,203.161,454.284,167.4
2019-03-22,0,167.4,412.737,151.551
2019-03-23,0,151.551,329.221,127.173
2019-03-24,0,127.173,255.897,116.511
2019-03-25,0,116.511,185.985,107.915
2019-03-26,2.46975,107.915,211.978,104.552
2019-03-27,0,104.552,203.161,101.232
2019-03-28,0,101.232,167.4,104.552
2019-03-29,0,104.552,151.551,96.3336
2019-03-30,0,96.3336,127.173,94.7226
2019-03-31,0,94.7226,116.511,91.5336
2019-04-01,0.0652602,91.5336,107.915,77.7355
2019-04-02,0,77.7355,104.552,79.2235
2019-04-03,0,79.2235,101.232,76.259
2019-04-04,3.3323,76.259,104.552,71.8983
2019-04-05,7.59419,71.8983,96.3336,73.3403
2019-04-06,0.198297,73.3403,94.7226,93.1226
2019-04-07,0.817581,93.1226,91.5336,232.365
2019-04-08,0,232.365,77.7355,406.934
2019-04-09,0,406.934,79.2235,353.474
2019-04-10,0,353.474,76.259,272.911
2019-04-11,0,272.911,71.8983,209.76
2019-04-12,0,209.76,73.3403,151.551
2019-04-13,0,151.551,93.1226,141.971
2019-04-14,0.0352059,141.971,232.365,120.023
2019-04-15,0.0587131,120.023,406.934,107.915
2019-04-16,1.3169,107.915,353.474,107.915
2019-04-17,0,107.915,272.911,111.322
2019-04-18,0,111.322,209.76,114.77
2019-04-19,0,114.77,151.551,109.613
2019-04-20,22.2721,109.613,141.971,107.915
2019-04-21,4.30919,107.915,120.023,93.1226
2019-04-22,16.4358,93.1226,107.915,82.2336
2019-04-23,2.55801,82.2336,107.915,94.7226
2019-04-24,1.22609,94.7226,111.322,121.795
2019-04-25,0.951827,121.795,114.77,141.971
2019-04-26,0.239517,141.971,109.613,134.49
2019-04-27,14.8449,134.49,107.915,101.232
2019-04-28,10.5535,101.232,93.1226,106.229
2019-04-29,0,106.229,82.2336,163.378
2019-04-30,0,163.378,94.7226,179.702
2019-05-01,3.37003,179.702,121.795,161.382
2019-05-02,0.101822,161.382,141.971,138.21
2019-05-03,0,138.21,134.49,116.511
2019-05-04,3.04976,116.511,101.232,107.915
2019-05-05,1.88078,107.915,106.229,97.9555
2019-05-06,2.42026,97.9555,163.378,85.2888
2019-05-07,0.367125,85.2888,179.702,73.3403
2019-05-08,0,73.3403,161.382,121.795
2019-05-09,3.36149,121.795,138.21,106.229
2019-05-10,21.365,106.229,116.511,106.229
2019-05-11,20.1305,106.229,107.915,94.7226
2019-05-12,1.5565,94.7226,97.9555,99.5884
2019-05-13,1.63985,99.5884,85.2888,118.261
2019-05-14,2.12818,118.261,73.3403,149.615
2019-05-15,0,149.615,121.795,161.382
2019-05-16,0,161.382,106.229,130.811
2019-05-17,0.0534771,130.811,106.229,120.023
2019-05-18,0.044441,120.023,94.7226,104.552
2019-05-19,0,104.552,99.5884,89.9557
2019-05-20,0,89.9557,118.261,88.389
2019-05-21,1.49561,88.389,149.615,85.2888
2019-05-22,12.121,85.2888,161.382,85.2888
2019-05-23,16.6698,85.2888,130.811,91.5336
2019-05-24,16.6262,91.5336,120.023,116.511
2019-05-25,0,116.511,104.552,253.503
2019-05-26,0,253.503,89.9557,214.206
2019-05-27,0.0677576,214.206,88.389,138.21
2019-05-28,27.6029,138.21,85.2888,132.645
2019-05-29,0,132.645,85.2888,272.911
2019-05-30,31.9328,272.911,91.5336,510.042
2019-05-31,13.7522,510.042,116.511,1278.65
2019-06-01,0.55639,1278.65,253.503,1139.73
2019-06-02,0.363938,1139.73,214.206,978.096
2019-06-03,25.1032,978.096,138.21,826.52
2019-06-04,0,826.52,132.645,678.296
2019-06-05,0,678.296,272.911,618.926
2019-06-06,0,618.926,510.042,548.651
2019-06-07,0,548.651,1278.65,478.744
2019-06-08,0,478.744,1139.73,401.164
2019-06-09,0,401.164,978.096,329.221
2019-06-10,0,329.221,826.52,285.333
2019-06-11,3.41713,285.333,678.296,198.81
2019-06-12,0.0223749,198.81,618.926,140.085
2019-06-13,1.26311e-05,140.085,548.651,128.987
2019-06-14,0.598937,128.987,478.744,125.37
2019-06-15,9.65924e-05,125.37,401.164,118.261
2019-06-16,0.0133231,118.261,329.221,104.552
2019-06-17,0,104.552,285.333,101.232
2019-06-18,0.123261,101.232,198.81,94.7226
2019-06-19,0,94.7226,140.085,94.7226
2019-06-20,0,94.7226,128.987,89.9557
2019-06-21,0,89.9557,125.37,86.8333
2019-06-22,0,86.8333,118.261,82.2336
2019-06-23,0,82.2336,104.552,80.7229
2019-06-24,0,80.7229,101.232,79.2235
2019-06-25,0,79.2235,94.7226,74.7939
2019-06-26,16.8667,74.7939,94.7226,80.7229
2019-06-27,5.93447,80.7229,89.9557,99.5884
2019-06-28,0,99.5884,86.8333,97.9555
2019-06-29,0,97.9555,82.2336,83.7556
2019-06-30,0.00407363,83.7556,80.7229,73.3403
2019-07-01,4.38299,73.3403,79.2235,71.8983
2019-07-02,16.4341,71.8983,74.7939,97.9555
2019-07-03,7.41564,97.9555,80.7229,171.462
2019-07-04,0,171.462,99.5884,149.615
2019-07-05,0,149.615,97.9555,116.511
2019-07-06,0,116.511,83.7556,77.7355
2019-07-07,0,77.7355,73.3403,73.3403
2019-07-08,0,73.3403,71.8983,69.0661
2019-07-09,0,69.0661,97.9555,70.4678
2019-07-10,0,70.4678,171.462,67.6791
2019-07-11,0,67.6791,149.615,67.6791
2019-07-12,0,67.6791,116.511,64.9381
2019-07-13,0,64.9381,77.7355,69.0661
2019-07-14,0.244669,69.0661,73.3403,63.584
2019-07-15,20.895,63.584,69.0661,73.3403
2019-07-16,0,73.3403,70.4678,82.2336
2019-07-17,0,82.2336,67.6791,73.3403
2019-07-18,0,73.3403,67.6791,67.6791
2019-07-19,0.405332,67.6791,64.9381,69.0661
2019-07-20,0.0322852,69.0661,69.0661,67.6791
2019-07-21,0.14471,67.6791,63.584,67.6791
2019-07-22,0.490261,67.6791,73.3403,62.2411
2019-07-23,0.0535119,62.2411,82.2336,53.1556
2019-07-24,0.19194,53.1556,73.3403,49.4338
2019-07-25,1.23953,49.4338,67.6791,38.9092
2019-07-26,3.4252,38.9092,69.0661,36.7046
2019-07-27,3.81187,36.7046,67.6791,38.9092
2019-07-28,0,38.9092,67.6791,36.7046
2019-07-29,0,36.7046,62.2411,34.5503
2019-07-30,0,34.5503,53.1556,33.4921
2019-07-31,0,33.4921,49.4338,42.3087
2019-08-01,0,42.3087,38.9092,45.8176
2019-08-02,0.258354,45.8176,36.7046,38.9092
2019-08-03,0,38.9092,38.9092,32.4467
2019-08-04,0,32.4467,36.7046,36.7046
2019-08-05,0,36.7046,34.5503,32.4467
2019-08-06,0.00370097,32.4467,33.4921,41.1633
2019-08-07,0,41.1633,42.3087,40.0301
2019-08-08,0,40.0301,45.8176,40.0301
2019-08-09,0.00306534,40.0301,38.9092,38.9092
2019-08-10,0,38.9092,32.4467,40.0301
2019-08-11,0,40.0301,36.7046,38.9092
2019-08-12,0,38.9092,32.4467,38.9092
2019-08-13,0.13591,38.9092,41.1633,36.7046
2019-08-14,0,36.7046,40.0301,38.9092
2019-08-15,0.00475447,38.9092,40.0301,36.7046
2019-08-16,0,36.7046,38.9092,37.8007
2019-08-17,0,37.8007,40.0301,36.7046
2019-08-18,1.23654,36.7046,38.9092,38.9092
2019-08-19,5.59618,38.9092,38.9092,59.5887
2019-08-20,0.107907,59.5887,36.7046,59.5887
2019-08-21,0,59.5887,38.9092,55.6947
2019-08-22,0,55.6947,36.7046,48.2166
2019-08-23,2.74268,48.2166,37.8007,35.6211
2019-08-24,0,35.6211,36.7046,38.9092
2019-08-25,0,38.9092,38.9092,36.7046
2019-08-26,4.4337,36.7046,59.5887,33.4921
2019-08-27,1.20097,33.4921,59.5887,31.4143
2019-08-28,0,31.4143,55.6947,30.3948
2019-08-29,0,30.3948,48.2166,28.3952
2019-08-30,0,28.3952,35.6211,29.3884
2019-08-31,16.4144,29.3884,38.9092,42.3087
2019-09-01,12.2621,42.3087,36.7046,49.4338
2019-09-02,6.45499,49.4338,33.4921,43.4663
2019-09-03,0,43.4663,31.4143,37.8007
2019-09-04,0,37.8007,30.3948,35.6211
2019-09-05,1.88922,35.6211,28.3952,34.5503
2019-09-06,12.1911,34.5503,29.3884,32.4467
2019-09-07,0.431708,32.4467,42.3087,34.5503
2019-09-08,0,34.5503,49.4338,59.5887
2019-09-09,0,59.5887,43.4663,58.2794
2019-09-10,0,58.2794,37.8007,51.9034
2019-09-11,0.0833341,51.9034,35.6211,40.0301
2019-09-12,1.4015,40.0301,34.5503,40.0301
2019-09-13,0.042764,40.0301,32.4467,35.6211
2019-09-14,0,35.6211,34.5503,34.5503
2019-09-15,0,34.5503,59.5887,22.7188
2019-09-16,0,22.7188,58.2794,28.3952
2019-09-17,0,28.3952,51.9034,22.7188
2019-09-18,10.909,22.7188,40.0301,28.3952
2019-09-19,10.4883,28.3952,40.0301,34.5503
2019-09-20,2.77138,34.5503,35.6211,157.42
2019-09-21,0,157.42,34.5503,326.57
2019-09-22,0,326.57,22.7188,241.668
2019-09-23,0,241.668,28.3952,143.867
2019-09-24,0.0978032,143.867,22.7188,91.5336
2019-09-25,0,91.5336,28.3952,69.0661
2019-09-26,0,69.0661,34.5503,64.9381
2019-09-27,0.00301115,64.9381,157.42,66.3031
2019-09-28,0,66.3031,326.57,62.2411
2019-09-29,0,62.2411,241.668,48.2166
2019-09-30,0,48.2166,143.867,32.4467
2019-10-01,0,32.4467,91.5336,50.6628
2019-10-02,0.295406,50.6628,69.0661,47.0111
2019-10-03,1.36151,47.0111,64.9381,41.1633
2019-10-04,0.0169311,41.1633,66.3031,41.1633
2019-10-05,0.139451,41.1633,62.2411,47.0111
2019-10-06,0,47.0111,48.2166,127.173
2019-10-07,0,127.173,32.4467,171.462
2019-10-08,0,171.462,50.6628,138.21
2019-10-09,0.0382461,138.21,47.0111,102.887
2019-10-10,0,102.887,41.1633,77.7355
2019-10-11,0,77.7355,41.1633,67.6791
2019-10-12,0,67.6791,47.0111,70.4678
2019-10-13,1.47425,70.4678,127.173,73.3403
2019-10-14,10.9924,73.3403,171.462,76.259
2019-10-15,0,76.259,138.21,79.2235
2019-10-16,0.199239,79.2235,102.887,82.2336
2019-10-17,5.30935,82.2336,77.7355,94.7226
2019-10-18,16.3174,94.7226,67.6791,125.37
2019-10-19,0,125.37,70.4678,205.351
2019-10-20,0.214682,205.351,73.3403,185.985
2019-10-21,11.8126,185.985,76.259,123.577
2019-10-22,0,123.577,79.2235,157.42
2019-10-23,0.215581,157.42,82.2336,190.221
2019-10-24,0.967284,190.221,94.7226,120.023
2019-10-25,1.1079,120.023,125.37,97.9555
2019-10-26,0.286329,97.9555,205.351,94.7226
2019-10-27,10.5873,94.7226,185.985,89.9557
2019-10-28,11.3154,89.9557,123.577,260.713
2019-10-29,1.01713,260.713,157.42,244.017
2019-10-30,5.61557,244.017,190.221,194.496
2019-10-31,18.553,194.496,120.023,145.773
2019-11-01,2.47143,145.773,97.9555,141.971
2019-11-02,0,141.971,94.7226,130.811
2019-11-03,10.4657,130.811,89.9557,111.322
2019-11-04,4.74511,111.322,260.713,121.795
2019-11-05,14.107,121.795,244.017,280.337
2019-11-06,1.41976,280.337,194.496,491.167
2019-11-07,2.5072,491.167,145.773,378.418
2019-11-08,0.713834,378.418,141.971,303.097
2019-11-09,3.59098,303.097,130.811,244.017
2019-11-10,19.1455,244.017,111.322,263.134
2019-11-11,6.932,263.134,121.795,358.957
2019-11-12,2.50532,358.957,280.337,323.927
2019-11-13,2.35686,323.927,491.167,268.004
2019-11-14,12.8154,268.004,378.418,232.365
2019-11-15,0.0642306,232.365,303.097,303.097
2019-11-16,0,303.097,244.017,275.377
2019-11-17,0,275.377,263.134,211.978
2019-11-18,0,211.978,358.957,147.689
2019-11-19,0,147.689,323.927,120.023
2019-11-20,0,120.023,268.004,99.5884
2019-11-21,0,99.5884,232.365,91.5336
2019-11-22,0.0051906,91.5336,303.097,85.2888
2019-11-23,0.883287,85.2888,275.377,77.7355
2019-11-24,0,77.7355,211.978,73.3403
2019-11-25,0,73.3403,147.689,67.6791
2019-11-26,5.01024,67.6791,120.023,63.584
2019-11-27,30.2626,63.584,99.5884,80.7229
2019-11-28,0,80.7229,91.5336,104.552
2019-11-29,0,104.552,85.2888,138.21
2019-11-30,0.152309,138.21,77.7355,125.37
2019-12-01,0.216783,125.37,73.3403,88.389
2019-12-02,0.1829,88.389,67.6791,80.7229
2019-12-03,0,80.7229,63.584,73.3403
2019-12-04,4.11353,73.3403,80.7229,69.0661
2019-12-05,15.2615,69.0661,104.552,80.7229
2019-12-06,0.204986,80.7229,138.21,93.1226
2019-12-07,0,93.1226,125.37,104.552
2019-12-08,0.901366,104.552,88.389,79.2235
2019-12-09,30.0459,79.2235,80.7229,67.6791
2019-12-10,0,67.6791,73.3403,59.5887
2019-12-11,4.28225,59.5887,69.0661,62.2411
2019-12-12,10.7121,62.2411,80.7229,55.6947
2019-12-13,0.40894,55.6947,93.1226,51.9034
2019-12-14,0,51.9034,104.552,50.6628
2019-12-15,3.96889,50.6628,79.2235,51.9034
2019-12-16,16.9173,51.9034,67.6791,53.1556
2019-12-17,16.1504,53.1556,59.5887,63.584
2019-12-18,4.09599,63.584,62.2411,128.987
2019-12-19,0,128.987,55.6947,183.881
2019-12-20,7.57225,183.881,51.9034,147.689
2019-12-21,5.11558,147.689,50.6628,123.577
2019-12-22,0,123.577,51.9034,121.795
2019-12-23,0,121.795,53.1556,130.811
2019-12-24,0,130.811,63.584,82.2336
2019-12-25,0.0744814,82.2336,128.987,64.9381
2019-12-26,0.595497,64.9381,183.881,58.2794
2019-12-27,0,58.2794,147.689,51.9034
2019-12-28,0,51.9034,123.577,44.6359
2019-12-29,0.457882,44.6359,121.795,37.8007
2019-12-30,0,37.8007,130.811,31.4143
2019-12-31,2.67946,31.4143,82.2336,32.4467
2020-01-01,15.7952,32.4467,64.9381,30.3948
2020-01-02,2.04759,30.3948,58.2794,31.4143
2020-01-03,0,31.4143,51.9034,50.6628
2020-01-04,0.389445,50.6628,44.6359,59.5887
2020-01-05,0,59.5887,37.8007,59.5887
2020-01-06,0,59.5887,31.4143,53.1556
2020-01-07,7.91817,53.1556,32.4467,67.6791
2020-01-08,1.00827,67.6791,30.3948,59.5887
2020-01-09,0.337562,59.5887,31.4143,59.5887
2020-01-10,13.1605,59.5887,50.6628,107.915
2020-01-11,34.7141,107.915,59.5887,200.981
2020-01-12,0.676485,200.981,59.5887,227.77
2020-01-13,0,227.77,53.1556,114.77
2020-01-14,0,114.77,67.6791,77.7355
2020-01-15,1.06135,77.7355,59.5887,49.4338
2020-01-16,25.7344,49.4338,59.5887,50.6628
2020-01-17,3.06847,50.6628,107.915,107.915
2020-01-18,0,107.915,200.981,83.7556
2020-01-19,0,83.7556,227.77,62.2411
2020-01-20,0,62.2411,114.77,55.6947
2020-01-21,0,55.6947,77.7355,49.4338
2020-01-22,5.73534,49.4338,49.4338,45.8176
2020-01-23,0,45.8176,50.6628,36.7046
2020-01-24,0,36.7046,107.915,40.0301
2020-01-25,0,40.0301,83.7556,41.1633
2020-01-26,0,41.1633,62.2411,37.8007
2020-01-27,4.29888,37.8007,55.6947,33.4921
2020-01-28,3.76971,33.4921,49.4338,33.4921
2020-01-29,1.16497,33.4921,45.8176,48.2166
2020-01-30,16.1344,48.2166,36.7046,70.4678
2020-01-31,0,70.4678,40.0301,91.5336
2020-02-01,0,91.5336,41.1633,77.7355
2020-02-02,5.10946,77.7355,37.8007,64.9381
2020-02-03,0,64.9381,33.4921,58.2794
2020-02-04,0.00781378,58.2794,33.4921,51.9034
2020-02-05,0.0137263,51.9034,48.2166,49.4338
2020-02-06,0.0593608,49.4338,70.4678,49.4338
2020-02-07,0.0158678,49.4338,91.5336,50.6628
2020-02-08,0.0045492,50.6628,77.7355,101.232
2020-02-09,12.6218,101.232,64.9381,94.7226
2020-02-10,0,94.7226,58.2794,253.503
2020-02-11,0,253.503,51.9034,173.507
2020-02-12,0.0156365,173.507,49.4338,125.37
2020-02-13,0.00560341,125.37,49.4338,93.1226
2020-02-14,1.10867,93.1226,50.6628,73.3403
2020-02-15,0.750667,73.3403,101.232,59.5887
2020-02-16,0.87167,59.5887,94.7226,51.9034
2020-02-17,4.58487,51.9034,253.503,49.4338
2020-02-18,19.593,49.4338,173.507,49.4338
2020-02-19,18.7441,49.4338,125.37,69.0661
2020-02-20,0.00974337,69.0661,93.1226,64.9381
2020-02-21,0.0148245,64.9381,73.3403,55.6947
2020-02-22,0.00617803,55.6947,59.5887,48.2166
2020-02-23,0.00796649,48.2166,51.9034,40.0301
2020-02-24,0,40.0301,49.4338,35.6211
2020-02-25,52.4158,35.6211,49.4338,35.6211
2020-02-26,41.6127,35.6211,69.0661,64.9381
2020-02-27,0,64.9381,64.9381,318.667
2020-02-28,0,318.667,55.6947,253.503
2020-02-29,0.0671523,253.503,48.2166,138.21
2020-03-01,0,138.21,40.0301,82.2336
2020-03-02,0.0780313,82.2336,35.6211,69.0661
2020-03-03,1.9543,69.0661,35.6211,56.9813
2020-03-04,0,56.9813,64.9381,49.4338
2020-03-05,0,49.4338,318.667,53.1556
2020-03-06,0.673511,53.1556,253.503,49.4338
2020-03-07,4.88235,49.4338,138.21,44.6359
2020-03-08,1.28276,44.6359,82.2336,42.3087
2020-03-09,0,42.3087,69.0661,40.0301
2020-03-10,0,40.0301,56.9813,35.6211
2020-03-11,0,35.6211,49.4338,30.3948
2020-03-12,0.541213,30.3948,53.1556,21.8209
2020-03-13,0,21.8209,49.4338,21.8209
2020-03-14,0,21.8209,44.6359,20.9371
2020-03-15,1.02374,20.9371,42.3087,20.0676
2020-03-16,11.3132,20.0676,40.0301,20.9371
2020-03-17,3.15021,20.9371,35.6211,22.7188
2020-03-18,25.3047,22.7188,30.3948,23.6306
2020-03-19,0.940856,23.6306,21.8209,26.4487
2020-03-20,0.468461,26.4487,21.8209,23.6306
2020-03-21,0,23.6306,20.9371,26.4487
2020-03-22,0.0994611,26.4487,20.0676,26.4487
2020-03-23,0,26.4487,20.9371,21.8209
2020-03-24,0.0130597,21.8209,22.7188,18.3718
2020-03-25,0,18.3718,23.6306,15.9383
2020-03-26,0,15.9383,26.4487,15.1572
2020-03-27,0.00887503,15.1572,23.6306,14.3914
2020-03-28,16.9791,14.3914,26.4487,12.1876
2020-03-29,3.54692,12.1876,26.4487,10.7984
2020-03-30,0.934874,10.7984,21.8209,10.7984
2020-03-31,5.71468,10.7984,18.3718,21.8209
2020-04-01,0.0575703,21.8209,15.9383,30.3948
2020-04-02,0.199591,30.3948,15.1572,26.4487
2020-04-03,0,26.4487,14.3914,19.2124
2020-04-04,0,19.2124,12.1876,26.4487
2020-04-05,0,26.4487,10.7984,26.4487
2020-04-06,3.46416,26.4487,10.7984,13.641
2020-04-07,0.252808,13.641,21.8209,27.4153
2020-04-08,0,27.4153,30.3948,27.4153
2020-04-09,0,27.4153,26.4487,20.9371
2020-04-10,0,20.9371,19.2124,17.5457
2020-04-11,0,17.5457,26.4487,15.1572
2020-04-12,0,15.1572,26.4487,16.7345
2020-04-13,0,16.7345,13.641,17.5457
2020-04-14,39.5895,17.5457,27.4153,20.0676
2020-04-15,0,20.0676,27.4153,20.9371
2020-04-16,0,20.9371,20.9371,24.5563
2020-04-17,0,24.5563,17.5457,20.9371
2020-04-18,0,20.9371,15.1572,17.5457
2020-04-19,0,17.5457,16.7345,13.641
2020-04-20,0,13.641,17.5457,10.1285
2020-04-21,0,10.1285,20.0676,8.8391
2020-04-22,0,8.8391,20.9371,7.6189
2020-04-23,0,7.6189,24.5563,8.8391
2020-04-24,0,8.8391,20.9371,7.6189
2020-04-25,0,7.6189,17.5457,7.0354
2020-04-26,0,7.0354,13.641,6.4701
2020-04-27,0.0946317,6.4701,10.1285,7.6189
2020-04-28,0,7.6189,8.8391,6.4701
2020-04-29,0,6.4701,7.6189,5.3955
2020-04-30,0,5.3955,8.8391,5.3955
2020-05-01,2.17377,5.3955,7.6189,5.9234
2020-05-02,0,5.9234,7.0354,5.3955
2020-05-03,0,5.3955,6.4701,6.4701
2020-05-04,0,6.4701,7.6189,5.3955
2020-05-05,0.16381,5.3955,6.4701,5.3955
2020-05-06,1.93346,5.3955,5.3955,4.3981
2020-05-07,0,4.3981,5.3955,4.8869
2020-05-08,0,4.8869,5.9234,4.3981
2020-05-09,0,4.3981,5.3955,5.3955
2020-05-10,0,5.3955,6.4701,5.3955
2020-05-11,0,5.3955,5.3955,4.3981
2020-05-12,0.106765,4.3981,5.3955,3.9295
2020-05-13,2.84827,3.9295,4.3981,4.3981
2020-05-14,0,4.3981,4.8869,4.3981
2020-05-15,0,4.3981,4.3981,4.3981
2020-05-16,0,4.3981,5.3955,4.8869
2020-05-17,0,4.8869,5.3955,5.3955
2020-05-18,0,5.3955,4.3981,5.3955
2020-05-19,0,5.3955,3.9295,5.9234
2020-05-20,0,5.9234,4.3981,5.9234
2020-05-21,0.929154,5.9234,4.3981,7.0354
2020-05-22,48.0322,7.0354,4.3981,4.3981
2020-05-23,1.12237,4.3981,4.8869,3.9295
2020-05-24,0.484445,3.9295,5.3955,4.3981
2020-05-25,0.140249,4.3981,5.3955,4.3981
2020-05-26,0,4.3981,5.9234,6.4701
2020-05-27,0,6.4701,5.9234,8.8391
2020-05-28,0,8.8391,7.0354,6.4701
2020-05-29,0,6.4701,4.3981,5.3955
2020-05-30,0,5.3955,3.9295,4.3981
2020-05-31,0,4.3981,4.3981,3.4816
2020-06-01,1.668,3.4816,4.3981,2.6503
2020-06-02,2.24256,2.6503,6.4701,3.4816
2020-06-03,0.33302,3.4816,8.8391,3.4816
2020-06-04,1.26635,3.4816,6.4701,3.9295
2020-06-05,12.7851,3.9295,5.3955,4.8869
2020-06-06,11.7065,4.8869,4.3981,10.7984
2020-06-07,0,10.7984,3.4816,17.5457
2020-06-08,0,17.5457,2.6503,38.9092
2020-06-09,10.311,38.9092,3.4816,34.5503
2020-06-10,23.5437,34.5503,3.4816,30.3948
2020-06-11,4.02949,30.3948,3.9295,130.811
2020-06-12,0.096813,130.811,4.8869,329.221
2020-06-13,0.263876,329.221,10.7984,290.364
2020-06-14,0.0365189,290.364,17.5457,163.378
2020-06-15,0.0725292,163.378,38.9092,85.2888
2020-06-16,0,85.2888,34.5503,53.1556
2020-06-17,0,53.1556,30.3948,43.4663
2020-06-18,4.82278,43.4663,130.811,33.4921
2020-06-19,0,33.4921,329.221,35.6211
2020-06-20,0,35.6211,290.364,27.4153
2020-06-21,0,27.4153,163.378,27.4153
2020-06-22,0,27.4153,85.2888,21.8209
2020-06-23,0,21.8209,53.1556,15.9383
2020-06-24,0,15.9383,43.4663,15.1572
2020-06-25,13.6263,15.1572,33.4921,15.1572
2020-06-26,7.07849,15.1572,35.6211,21.8209
2020-06-27,24.9099,21.8209,27.4153,37.8007
2020-06-28,0,37.8007,27.4153,49.4338
2020-06-29,0.37509,49.4338,21.8209,55.6947
2020-06-30,2.61087,55.6947,15.9383,50.6628
2020-07-01,0,50.6628,15.1572,80.7229
2020-07-02,0.0960575,80.7229,15.1572,114.77
2020-07-03,0,114.77,21.8209,104.552
2020-07-04,0,104.552,37.8007,69.0661
2020-07-05,0.0175637,69.0661,49.4338,47.0111
2020-07-06,3.0152,47.0111,55.6947,45.8176
2020-07-07,0.708974,45.8176,50.6628,59.5887
2020-07-08,4.92061,59.5887,80.7229,116.511
2020-07-09,0,116.511,114.77,167.4
2020-07-10,0,167.4,104.552,143.867
2020-07-11,8.7151,143.867,69.0661,113.041
2020-07-12,4.30338,113.041,47.0111,171.462
2020-07-13,1.7287,171.462,45.8176,190.221
2020-07-14,0,190.221,59.5887,161.382
2020-07-15,0,161.382,116.511,132.645
2020-07-16,0.12453,132.645,167.4,104.552
2020-07-17,3.0895,104.552,143.867,147.689
2020-07-18,0.167565,147.689,113.041,223.211
2020-07-19,0.0846006,223.211,171.462,216.443
2020-07-20,0.0201561,216.443,190.221,157.42
2020-07-21,0,157.42,161.382,125.37
2020-07-22,0,125.37,132.645,106.229
2020-07-23,0,106.229,104.552,91.5336
2020-07-24,0,91.5336,147.689,77.7355
2020-07-25,0.144096,77.7355,223.211,70.4678
2020-07-26,0.368957,70.4678,216.443,62.2411
2020-07-27,2.79849,62.2411,157.42,55.6947
2020-07-28,7.37435,55.6947,125.37,56.9813
2020-07-29,0.0602079,56.9813,106.229,69.0661
2020-07-30,0,69.0661,91.5336,71.8983
2020-07-31,0,71.8983,77.7355,69.0661
2020-08-01,0,69.0661,70.4678,58.2794
2020-08-02,0,58.2794,62.2411,51.9034
2020-08-03,0,51.9034,55.6947,45.8176
2020-08-04,0,45.8176,56.9813,44.6359
2020-08-05,0,44.6359,69.0661,41.1633
2020-08-06,0,41.1633,71.8983,42.3087
2020-08-07,0,42.3087,69.0661,38.9092
2020-08-08,0,38.9092,58.2794,32.4467
2020-08-09,0,32.4467,51.9034,28.3952
2020-08-10,0,28.3952,45.8176,25.4957
2020-08-11,0,25.4957,44.6359,32.4467
2020-08-12,7.75739,32.4467,41.1633,35.6211
2020-08-13,23.1659,35.6211,42.3087,74.7939
2020-08-14,11.9391,74.7939,38.9092,149.615
2020-08-15,33.4606,149.615,32.4467,555.195
2020-08-16,10.015,555.195,28.3952,667.66
2020-08-17,3.29444,667.66,25.4957,568.38
2020-08-18,28.0374,568.38,32.4467,415.652
2020-08-19,18.326,415.652,35.6211,305.67
2020-08-20,1.26181,305.67,74.7939,300.533
2020-08-21,0.391948,300.533,149.615,303.097
2020-08-22,0,303.097,555.195,232.365
2020-08-23,0,232.365,667.66,171.462
2020-08-24,0,171.462,568.38,143.867
2020-08-25,0,143.867,415.652,121.795
2020-08-26,0,121.795,305.67,106.229
2020-08-27,0,106.229,300.533,94.7226
2020-08-28,0,94.7226,303.097,83.7556
2020-08-29,0,83.7556,232.365,74.7939
2020-08-30,0,74.7939,171.462,71.8983
2020-08-31,0,71.8983,143.867,70.4678
2020-09-01,0,70.4678,121.795,67.6791
2020-09-02,0,67.6791,106.229,62.2411
2020-09-03,0.0336054,62.2411,94.7226,58.2794
2020-09-04,0,58.2794,83.7556,55.6947
2020-09-05,0,55.6947,74.7939,55.6947
2020-09-06,0,55.6947,71.8983,55.6947
2020-09-07,8.56307,55.6947,70.4678,53.1556
2020-09-08,6.59965,53.1556,67.6791,80.7229
2020-09-09,0,80.7229,62.2411,185.985
2020-09-10,4.04031,185.985,58.2794,234.677
2020-09-11,0.881254,234.677,55.6947,97.9555
2020-09-12,0.120211,97.9555,55.6947,82.2336
2020-09-13,0,82.2336,55.6947,67.6791
2020-09-14,1.65251,67.6791,53.1556,64.9381
2020-09-15,0.00567934,64.9381,80.7229,55.6947
2020-09-16,0.444438,55.6947,185.985,51.9034
2020-09-17,2.68647,51.9034,234.677,62.2411
2020-09-18,0.110705,62.2411,97.9555,66.3031
2020-09-19,0.161227,66.3031,82.2336,69.0661
2020-09-20,1.21474,69.0661,67.6791,62.2411
2020-09-21,0,62.2411,64.9381,53.1556
2020-09-22,0,53.1556,55.6947,40.0301
2020-09-23,0,40.0301,51.9034,40.0301
2020-09-24,0,40.0301,62.2411,40.0301
2020-09-25,0,40.0301,66.3031,43.4663
2020-09-26,0,43.4663,69.0661,35.6211
2020-09-27,9.68082,35.6211,62.2411,23.6306
2020-09-28,23.5485,23.6306,53.1556,118.261
2020-09-29,0,118.261,40.0301,138.21
2020-09-30,9.15048,138.21,40.0301,96.3336
2020-10-01,3.72723,96.3336,40.0301,109.613
2020-10-02,3.07963,109.613,43.4663,96.3336
2020-10-03,15.908,96.3336,35.6211,85.2888
2020-10-04,13.2981,85.2888,23.6306,79.2235
2020-10-05,0,79.2235,118.261,85.2888
2020-10-06,0.608775,85.2888,138.21,76.259
2020-10-07,10.4661,76.259,96.3336,71.8983
2020-10-08,0.0348569,71.8983,109.613,69.0661
2020-10-09,3.67825,69.0661,96.3336,70.4678
2020-10-10,0.0194459,70.4678,85.2888,69.0661
2020-10-11,0,69.0661,79.2235,69.0661
2020-10-12,0,69.0661,85.2888,63.584
2020-10-13,0,63.584,76.259,55.6947
2020-10-14,0,55.6947,71.8983,47.0111
2020-10-15,1.26238,47.0111,69.0661,40.0301
2020-10-16,0,40.0301,70.4678,35.6211
2020-10-17,0.0352432,35.6211,69.0661,32.4467
2020-10-18,0.391363,32.4467,69.0661,29.3884
2020-10-19,0,29.3884,63.584,26.4487
2020-10-20,0,26.4487,55.6947,23.6306
2020-10-21,0,23.6306,47.0111,20.0676
2020-10-22,0,20.0676,40.0301,16.7345
2020-10-23,0.00433957,16.7345,35.6211,10.1285
2020-10-24,0.212465,10.1285,32.4467,11.4849
2020-10-25,0.167965,11.4849,29.3884,14.3914
2020-10-26,0.48037,14.3914,26.4487,12.9064
2020-10-27,1.15311,12.9064,23.6306,11.4849
2020-10-28,0.0788696,11.4849,20.0676,24.5563
2020-10-29,0.457705,24.5563,16.7345,25.4957
2020-10-30,3.15088,25.4957,10.1285,23.6306
2020-10-31,0.697732,23.6306,11.4849,20.9371
2020-11-01,0,20.9371,14.3914,43.4663
2020-11-02,0,43.4663,12.9064,51.9034
2020-11-03,0.0689108,51.9034,11.4849,40.0301
2020-11-04,0,40.0301,24.5563,37.8007
2020-11-05,0,37.8007,25.4957,29.3884
2020-11-06,0,29.3884,23.6306,25.4957
2020-11-07,0,25.4957,20.9371,20.0676
2020-11-08,1.29902,20.0676,43.4663,16.7345
2020-11-09,9.09441,16.7345,51.9034,18.3718
2020-11-10,3.79529,18.3718,40.0301,27.4153
2020-11-11,17.3209,27.4153,37.8007,41.1633
2020-11-12,3.37299,41.1633,29.3884,59.5887
2020-11-13,2.76195,59.5887,25.4957,69.0661
2020-11-14,0,69.0661,20.0676,66.3031
2020-11-15,10.8608,66.3031,16.7345,55.6947
2020-11-16,2.5571,55.6947,18.3718,48.2166
2020-11-17,0.1122,48.2166,27.4153,101.232
2020-11-18,14.4782,101.232,41.1633,80.7229
2020-11-19,0.109138,80.7229,59.5887,67.6791
2020-11-20,0,67.6791,69.0661,73.3403
2020-11-21,0,73.3403,66.3031,69.0661
2020-11-22,0,69.0661,55.6947,69.0661
2020-11-23,0,69.0661,48.2166,54.4194
2020-11-24,0,54.4194,101.232,47.0111
2020-11-25,0,47.0111,80.7229,43.4663
2020-11-26,5.4893,43.4663,67.6791,80.7229
2020-11-27,24.9371,80.7229,73.3403,94.7226
2020-11-28,9.73885,94.7226,69.0661,88.389
2020-11-29,8.5791,88.389,69.0661,70.4678
2020-11-30,0.912388,70.4678,54.4194,64.9381
2020-12-01,1.92431,64.9381,47.0111,60.9093
2020-12-02,0.0911433,60.9093,43.4663,91.5336
2020-12-03,45.6601,91.5336,80.7229,318.667
2020-12-04,2.41131,318.667,94.7226,305.67
2020-12-05,20.8914,305.67,88.389,246.374
2020-12-06,6.94431,246.374,70.4678,216.443
2020-12-07,0,216.443,64.9381,337.228
2020-12-08,0,337.228,60.9093,337.228
2020-12-09,0.2041,337.228,91.5336,71.8983
2020-12-10,0,71.8983,318.667,116.511
2020-12-11,0.0745449,116.511,305.67,138.21
2020-12-12,14.9944,138.21,246.374,111.322
2020-12-13,0,111.322,216.443,118.261
2020-12-14,10.2454,118.261,337.228,350.745
2020-12-15,0,350.745,337.228,497.427
2020-12-16,1.90541,497.427,71.8983,519.588
2020-12-17,7.61295,519.588,116.511,1220.84
2020-12-18,0,1220.84,138.21,532.425
2020-12-19,20.664,532.425,111.322,421.505
2020-12-20,18.9823,421.505,118.261,392.571
2020-12-21,0.127891,392.571,350.745,303.097
2020-12-22,0,303.097,497.427,268.004
2020-12-23,0,268.004,519.588,220.946
2020-12-24,0,220.946,1220.84,173.507
2020-12-25,0,173.507,532.425,151.551
2020-12-26,0.169953,151.551,421.505,125.37
2020-12-27,2.40066,125.37,392.571,96.3336
2020-12-28,5.28058,96.3336,303.097,97.9555
2020-12-29,16.1553,97.9555,268.004,104.552
2020-12-30,0,104.552,220.946,97.9555
2020-12-31,20.1285,97.9555,173.507,130.811
2021-01-01,9.16521,130.811,151.551,163.378
2021-01-02,0.608486,163.378,125.37,141.971
2021-01-03,0,141.971,96.3336,121.795
2021-01-04,0,121.795,97.9555,82.2336
2021-01-05,5.73591,82.2336,104.552,91.5336
2021-01-06,8.27162,91.5336,97.9555,123.577
2021-01-07,12.4657,123.577,130.811,138.21
2021-01-08,0.625895,138.21,163.378,161.382
2021-01-09,0,161.382,141.971,134.49
2021-01-10,1.40147,134.49,121.795,120.023
2021-01-11,0.112959,120.023,82.2336,109.613
2021-01-12,14.5666,109.613,91.5336,86.8333
2021-01-13,9.54887,86.8333,123.577,69.0661
2021-01-14,0,69.0661,138.21,55.6947
2021-01-15,0.032645,55.6947,161.382,50.6628
2021-01-16,3.28086,50.6628,134.49,55.6947
2021-01-17,27.3864,55.6947,120.023,113.041
2021-01-18,5.75404,113.041,109.613,198.81
2021-01-19,7.71829,198.81,86.8333,200.981
2021-01-20,20.9689,200.981,69.0661,211.978
2021-01-21,14.3508,211.978,55.6947,905.013
2021-01-22,2.34549,905.013,50.6628,897.034
2021-01-23,1.43372,897.034,55.6947,1019.68
2021-01-24,13.0529,1019.68,113.041,929.119
2021-01-25,30.8071,929.119,198.81,598.498
2021-01-26,10.5234,598.498,200.981,448.251
2021-01-27,42.0289,448.251,211.978,469.511
2021-01-28,13.8252,469.511,905.013,406.934
2021-01-29,20.2272,406.934,897.034,364.475
2021-01-30,2.96673,364.475,1019.68,292.893
2021-01-31,2.56295,292.893,929.119,248.741
2021-02-01,0,248.741,598.498,153.497
2021-02-02,1.4004,153.497,448.251,136.345
2021-02-03,15.3763,136.345,469.511,136.345
2021-02-04,13.5538,136.345,406.934,136.345
2021-02-05,0,136.345,364.475,136.345
2021-02-06,0,136.345,292.893,109.613
2021-02-07,0,109.613,248.741,104.552
2021-02-08,0.0622205,104.552,153.497,104.552
2021-02-09,0.205748,104.552,136.345,85.2888
2021-02-10,2.45181,85.2888,136.345,77.7355
2021-02-11,24.4392,77.7355,136.345,77.7355
2021-02-12,18.7453,77.7355,136.345,77.7355
2021-02-13,1.37034,77.7355,109.613,97.9555
2021-02-14,29.3576,97.9555,104.552,149.615
2021-02-15,7.80424,149.615,104.552,125.37
2021-02-16,0,125.37,85.2888,109.613
2021-02-17,0,109.613,77.7355,106.229
2021-02-18,0,106.229,77.7355,106.229
2021-02-19,0,106.229,77.7355,82.2336
2021-02-20,0,82.2336,97.9555,73.3403
2021-02-21,0,73.3403,149.615,67.6791
2021-02-22,0,67.6791,125.37,70.4678
2021-02-23,7.59941,70.4678,109.613,64.9381
2021-02-24,0.0766588,64.9381,106.229,85.2888
2021-02-25,1.97314,85.2888,106.229,79.2235
2021-02-26,0,79.2235,82.2336,73.3403
2021-02-27,0,73.3403,73.3403,70.4678
2021-02-28,1.62852,70.4678,67.6791,79.2235
2021-03-01,8.2537,79.2235,70.4678,106.229
2021-03-02,3.83566,106.229,64.9381,104.552
2021-03-03,15.2536,104.552,85.2888,118.261
2021-03-04,13.4809,118.261,79.2235,171.462
2021-03-05,3.1753,171.462,73.3403,165.385
2021-03-06,0,165.385,70.4678,149.615
2021-03-07,0,149.615,79.2235,140.085
2021-03-08,2.56996,140.085,106.229,128.987
2021-03-09,5.6381,128.987,104.552,114.77
2021-03-10,0,114.77,118.261,102.887
2021-03-11,0,102.887,171.462,91.5336
2021-03-12,0,91.5336,165.385,88.389
2021-03-13,0,88.389,149.615,82.2336
2021-03-14,4.48744,82.2336,140.085,79.2235
2021-03-15,2.95743,79.2235,128.987,74.7939
2021-03-16,1.05024,74.7939,114.77,69.0661
2021-03-17,11.692,69.0661,102.887,66.3031
2021-03-18,4.18137,66.3031,91.5336,62.2411
2021-03-19,0,62.2411,88.389,59.5887
2021-03-20,0,59.5887,82.2336,59.5887
2021-03-21,6.65847,59.5887,79.2235,59.5887
2021-03-22,6.05213,59.5887,74.7939,73.3403
2021-03-23,10.0417,73.3403,69.0661,73.3403
2021-03-24,12.6919,73.3403,66.3031,149.615
2021-03-25,6.79379,149.615,62.2411,209.76
2021-03-26,10.4323,209.76,59.5887,234.677
2021-03-27,10.0309,234.677,59.5887,163.378
2021-03-28,17.6139,163.378,59.5887,173.507
2021-03-29,10.527,173.507,73.3403,167.4
2021-03-30,0.0522056,167.4,73.3403,153.497
2021-03-31,0,153.497,149.615,134.49
2021-04-01,0,134.49,209.76,101.232
2021-04-02,0,101.232,234.677,91.5336
2021-04-03,4.83482,91.5336,163.378,85.2888
2021-04-04,0,85.2888,173.507,79.2235
2021-04-05,0,79.2235,167.4,71.8983
2021-04-06,3.02726,71.8983,153.497,67.6791
2021-04-07,2.01402,67.6791,134.49,62.2411
2021-04-08,1.65319,62.2411,101.232,58.2794
2021-04-09,0,58.2794,91.5336,53.1556
2021-04-10,0,53.1556,85.2888,49.4338
2021-04-11,0.934964,49.4338,79.2235,48.2166
2021-04-12,2.33825,48.2166,71.8983,45.8176
2021-04-13,0.485014,45.8176,67.6791,44.6359
2021-04-14,7.07574,44.6359,62.2411,43.4663
2021-04-15,0,43.4663,58.2794,36.7046
2021-04-16,0,36.7046,53.1556,38.9092
2021-04-17,2.76705,38.9092,49.4338,41.1633
2021-04-18,0.325012,41.1633,48.2166,38.9092
2021-04-19,0,38.9092,45.8176,38.9092
2021-04-20,0,38.9092,44.6359,43.4663
2021-04-21,8.2243,43.4663,43.4663,41.1633
2021-04-22,0,41.1633,36.7046,41.1633
2021-04-23,0,41.1633,38.9092,38.9092
2021-04-24,0,38.9092,41.1633,36.7046
2021-04-25,0,36.7046,38.9092,35.6211
2021-04-26,0,35.6211,38.9092,28.3952
2021-04-27,0,28.3952,43.4663,22.7188
2021-04-28,0,22.7188,41.1633,30.3948
2021-04-29,2.30984,30.3948,41.1633,29.3884
2021-04-30,0,29.3884,38.9092,28.3952
2021-05-01,0,28.3952,36.7046,27.4153
2021-05-02,0,27.4153,35.6211,29.3884
2021-05-03,0,29.3884,28.3952,29.3884
2021-05-04,1.65377,29.3884,22.7188,32.4467
2021-05-05,0.0867985,32.4467,30.3948,42.3087
2021-05-06,8.50679,42.3087,29.3884,53.1556
2021-05-07,0,53.1556,28.3952,121.795
2021-05-08,0,121.795,27.4153,93.1226
2021-05-09,0,93.1226,29.3884,89.9557
2021-05-10,0,89.9557,29.3884,44.6359
2021-05-11,0.149127,44.6359,32.4467,36.7046
2021-05-12,18.5384,36.7046,42.3087,64.9381
2021-05-13,0,64.9381,53.1556,125.37
2021-05-14,1.64121,125.37,121.795,118.261
2021-05-15,0,118.261,93.1226,83.7556
2021-05-16,0,83.7556,89.9557,59.5887
2021-05-17,0,59.5887,44.6359,53.1556
2021-05-18,0,53.1556,36.7046,49.4338
2021-05-19,0,49.4338,64.9381,43.4663
2021-05-20,0,43.4663,125.37,37.8007
2021-05-21,0.0208595,37.8007,118.261,62.2411
2021-05-22,18.5152,62.2411,83.7556,99.5884
2021-05-23,0.140939,99.5884,59.5887,85.2888
2021-05-24,0,85.2888,53.1556,62.2411
2021-05-25,0,62.2411,49.4338,51.9034
2021-05-26,0,51.9034,43.4663,47.0111
2021-05-27,0,47.0111,37.8007,40.0301
2021-05-28,4.04184,40.0301,62.2411,66.3031
2021-05-29,41.8906,66.3031,99.5884,175.563
2021-05-30,1.33121,175.563,85.2888,123.577
2021-05-31,0,123.577,62.2411,85.2888
2021-06-01,0.361519,85.2888,51.9034,73.3403
2021-06-02,17.6359,73.3403,47.0111,69.0661
2021-06-03,0.106171,69.0661,40.0301,64.9381
2021-06-04,0,64.9381,66.3031,62.2411
2021-06-05,0,62.2411,175.563,58.2794
2021-06-06,9.02849,58.2794,123.577,62.2411
2021-06-07,25.9243,62.2411,85.2888,155.454
2021-06-08,1.26575,155.454,73.3403,155.454
2021-06-09,2.37734,155.454,69.0661,339.914
2021-06-10,3.44587,339.914,64.9381,321.293
2021-06-11,0.327218,321.293,62.2411,378.418
2021-06-12,0,378.418,58.2794,297.978
2021-06-13,0,297.978,62.2411,263.134
2021-06-14,0,263.134,155.454,141.971
2021-06-15,0,141.971,155.454,120.023
2021-06-16,0.0198287,120.023,339.914,102.887
2021-06-17,0,102.887,321.293,88.389
2021-06-18,0.255872,88.389,378.418,89.9557
2021-06-19,49.7366,89.9557,297.978,102.887
2021-06-20,0,102.887,263.134,258.3
2021-06-21,0,258.3,141.971,439.262
2021-06-22,0,439.262,120.023,331.882
2021-06-23,0,331.882,102.887,251.117
2021-06-24,2.43459,251.117,88.389,196.648
2021-06-25,0,196.648,89.9557,157.42
2021-06-26,0.187842,157.42,102.887,159.396
2021-06-27,14.3935,159.396,258.3,140.085
2021-06-28,19.2515,140.085,439.262,292.893
2021-06-29,0.146649,292.893,331.882,795.933
2021-06-30,0,795.933,251.117,703.378
2021-07-01,0.00347428,703.378,196.648,506.876
2021-07-02,0,506.876,157.42,370.027
2021-07-03,0,370.027,159.396,308.252
2021-07-04,0,308.252,140.085,258.3
2021-07-05,0,258.3,292.893,214.206
2021-07-06,0.0159491,214.206,795.933,171.462
2021-07-07,0,171.462,703.378,161.382
2021-07-08,0,161.382,506.876,140.085
2021-07-09,0,140.085,370.027,125.37
2021-07-10,0,125.37,308.252,104.552
2021-07-11,0,104.552,258.3,97.9555
2021-07-12,0,97.9555,214.206,91.5336
2021-07-13,1.6353,91.5336,171.462,85.2888
2021-07-14,4.26724,85.2888,161.382,79.2235
2021-07-15,12.0829,79.2235,140.085,74.7939
2021-07-16,1.7854,74.7939,125.37,70.4678
2021-07-17,1.64501,70.4678,104.552,66.3031
2021-07-18,0,66.3031,97.9555,63.584
2021-07-19,0,63.584,91.5336,64.9381
2021-07-20,0.0110619,64.9381,85.2888,62.2411
2021-07-21,0.0508395,62.2411,79.2235,59.5887
2021-07-22,0,59.5887,74.7939,55.6947
2021-07-23,0,55.6947,70.4678,51.9034
2021-07-24,0,51.9034,66.3031,51.9034
2021-07-25,0,51.9034,63.584,51.9034
2021-07-26,0.0427215,51.9034,64.9381,51.9034
2021-07-27,9.00572,51.9034,62.2411,59.5887
2021-07-28,0,59.5887,59.5887,67.6791
2021-07-29,0,67.6791,55.6947,62.2411
2021-07-30,0,62.2411,51.9034,55.6947
2021-07-31,0,55.6947,51.9034,51.9034
2021-08-01,0,51.9034,51.9034,51.9034
2021-08-02,0,51.9034,51.9034,50.6628
2021-08-03,0,50.6628,59.5887,49.4338
2021-08-04,0,49.4338,67.6791,48.2166
2021-08-05,0.0124965,48.2166,62.2411,47.0111
2021-08-06,1.54692,47.0111,55.6947,47.0111
2021-08-07,3.26303,47.0111,51.9034,38.9092
2021-08-08,0,38.9092,51.9034,32.4467
2021-08-09,0,32.4467,50.6628,45.8176
2021-08-10,0,45.8176,49.4338,47.0111
2021-08-11,0,47.0111,48.2166,63.584
2021-08-12,0,63.584,47.0111,67.6791
2021-08-13,0.0851337,67.6791,47.0111,62.2411
2021-08-14,0,62.2411,38.9092,63.584
2021-08-15,0,63.584,32.4467,70.4678
2021-08-16,0.00439966,70.4678,45.8176,73.3403
2021-08-17,0,73.3403,47.0111,67.6791
2021-08-18,0.00824326,67.6791,63.584,62.2411
2021-08-19,0,62.2411,67.6791,58.2794
2021-08-20,0,58.2794,62.2411,55.6947
2021-08-21,0,55.6947,63.584,51.9034
2021-08-22,0,51.9034,70.4678,50.6628
2021-08-23,0,50.6628,73.3403,48.2166
2021-08-24,0,48.2166,67.6791,45.8176
2021-08-25,0,45.8176,62.2411,36.7046
2021-08-26,12.6787,36.7046,58.2794,37.8007
2021-08-27,13.1417,37.8007,55.6947,33.4921
2021-08-28,17.5497,33.4921,51.9034,30.3948
2021-08-29,0,30.3948,50.6628,38.9092
2021-08-30,0,38.9092,48.2166,34.5503
2021-08-31,0,34.5503,45.8176,31.4143
2021-09-01,0,31.4143,36.7046,34.5503
2021-09-02,0.178037,34.5503,37.8007,22.7188
2021-09-03,0,22.7188,33.4921,36.7046
2021-09-04,0.0448093,36.7046,30.3948,38.9092
2021-09-05,0.0900638,38.9092,38.9092,47.0111
2021-09-06,0,47.0111,34.5503,53.1556
2021-09-07,13.9195,53.1556,31.4143,55.6947
2021-09-08,10.6943,55.6947,34.5503,54.4194
2021-09-09,0,54.4194,22.7188,106.229
2021-09-10,0,106.229,36.7046,86.8333
2021-09-11,2.20706,86.8333,38.9092,71.8983
2021-09-12,0,71.8983,47.0111,60.9093
2021-09-13,0.514608,60.9093,53.1556,59.5887
2021-09-14,32.4804,59.5887,55.6947,77.7355
2021-09-15,0,77.7355,54.4194,230.063
2021-09-16,6.60198,230.063,106.229,203.161
2021-09-17,24.1072,203.161,86.8333,255.897
2021-09-18,0,255.897,71.8983,973.976
2021-09-19,5.44785,973.976,60.9093,717.875
2021-09-20,2.6397,717.875,59.5887,522.785
2021-09-21,1.96437,522.785,77.7355,424.444
2021-09-22,0,424.444,230.063,430.346
2021-09-23,0.00683741,430.346,203.161,318.667
2021-09-24,0.0677519,318.667,255.897,216.443
2021-09-25,0,216.443,973.976,149.615
2021-09-26,0,149.615,717.875,121.795
2021-09-27,0,121.795,522.785,104.552
2021-09-28,9.08273,104.552,424.444,94.7226
2021-09-29,10.5314,94.7226,430.346,161.382
2021-09-30,6.90837,161.382,318.667,169.426
2021-10-01,21.572,169.426,216.443,251.117
2021-10-02,0.219944,251.117,149.615,292.893
2021-10-03,29.3796,292.893,121.795,246.374
2021-10-04,5.12461,246.374,104.552,194.496
2021-10-05,0,194.496,94.7226,198.81
2021-10-06,9.82774,198.81,161.382,181.787
2021-10-07,4.85881,181.787,169.426,246.374
2021-10-08,1.53985,246.374,251.117,268.004
2021-10-09,21.4002,268.004,292.893,232.365
2021-10-10,0.0253111,232.365,246.374,223.211
2021-10-11,0,223.211,194.496,232.365
2021-10-12,0,232.365,198.81,244.017
2021-10-13,0,244.017,181.787,280.337
2021-10-14,4.678,280.337,246.374,246.374
2021-10-15,25.4539,246.374,268.004,190.221
2021-10-16,0.0749117,190.221,232.365,326.57
2021-10-17,0,326.57,223.211,381.232
2021-10-18,0,381.232,232.365,503.719
2021-10-19,0,503.719,244.017,491.167
2021-10-20,0,491.167,280.337,424.444
2021-10-21,0,424.444,246.374,372.815
2021-10-22,0,372.815,190.221,313.442
2021-10-23,15.5835,313.442,326.57,246.374
2021-10-24,15.2042,246.374,381.232,200.981
2021-10-25,0,200.981,503.719,200.981
2021-10-26,0,200.981,491.167,175.563
2021-10-27,0.0238193,175.563,424.444,151.551
2021-10-28,0.456762,151.551,372.815,225.486
2021-10-29,0.760911,225.486,313.442,163.378
2021-10-30,0,163.378,246.374,106.229
2021-10-31,0.0719067,106.229,200.981,114.77
2021-11-01,0.0658279,114.77,200.981,132.645
2021-11-02,0,132.645,175.563,118.261
2021-11-03,2.25568,118.261,151.551,128.987
2021-11-04,7.69121,128.987,225.486,128.987
2021-11-05,1.08424,128.987,163.378,140.085
2021-11-06,0.738612,140.085,106.229,145.773
2021-11-07,0,145.773,114.77,149.615
2021-11-08,0.0483417,149.615,132.645,134.49
2021-11-09,0.0154107,134.49,118.261,123.577
2021-11-10,0.0169842,123.577,128.987,111.322
2021-11-11,7.23634,111.322,128.987,102.887
2021-11-12,0.0397136,102.887,140.085,91.5336
2021-11-13,0,91.5336,145.773,83.7556
2021-11-14,0.0833903,83.7556,149.615,79.2235
2021-11-15,0,79.2235,134.49,82.2336
2021-11-16,0,82.2336,123.577,79.2235
2021-11-17,5.4395,79.2235,111.322,73.3403
2021-11-18,6.56269,73.3403,102.887,127.173
2021-11-19,0,127.173,91.5336,381.232
2021-11-20,0,381.232,83.7556,381.232
2021-11-21,0,381.232,79.2235,263.134
2021-11-22,0,263.134,82.2336,149.615
2021-11-23,1.17044,149.615,79.2235,107.915
2021-11-24,0.0152515,107.915,73.3403,93.1226
2021-11-25,2.62607,93.1226,127.173,85.2888
2021-11-26,35.2384,85.2888,381.232,91.5336
2021-11-27,0.0367079,91.5336,381.232,83.7556
2021-11-28,15.5245,83.7556,263.134,76.259
2021-11-29,0.0689216,76.259,149.615,69.0661
2021-11-30,0,69.0661,107.915,62.2411
2021-12-01,0,62.2411,93.1226,59.5887
2021-12-02,0.0193926,59.5887,85.2888,53.1556
2021-12-03,0,53.1556,91.5336,50.6628
2021-12-04,0,50.6628,83.7556,47.0111
2021-12-05,7.35121,47.0111,76.259,38.9092
2021-12-06,1.8664,38.9092,69.0661,63.584
2021-12-07,0,63.584,62.2411,71.8983
2021-12-08,0,71.8983,59.5887,67.6791
2021-12-09,0,67.6791,53.1556,63.584
2021-12-10,0,63.584,50.6628,59.5887
2021-12-11,0,59.5887,47.0111,55.6947
2021-12-12,0.0598924,55.6947,38.9092,49.4338
2021-12-13,1.35028,49.4338,63.584,37.8007
2021-12-14,9.81861,37.8007,71.8983,34.5503
2021-12-15,3.75794,34.5503,67.6791,31.4143
2021-12-16,0.88953,31.4143,63.584,29.3884
2021-12-17,9.94354,29.3884,59.5887,29.3884
2021-12-18,0.988366,29.3884,55.6947,29.3884
2021-12-19,0,29.3884,49.4338,28.3952
2021-12-20,0,28.3952,37.8007,35.6211
2021-12-21,10.5633,35.6211,34.5503,34.5503
2021-12-22,10.1755,34.5503,31.4143,38.9092
2021-12-23,9.37083,38.9092,29.3884,77.7355
2021-12-24,0,77.7355,29.3884,67.6791
2021-12-25,0,67.6791,29.3884,58.2794
2021-12-26,5.53587,58.2794,28.3952,49.4338
2021-12-27,7.67804,49.4338,35.6211,38.9092
2021-12-28,0.854002,38.9092,34.5503,58.2794
2021-12-29,0.0229304,58.2794,38.9092,48.2166
2021-12-30,2.673,48.2166,77.7355,38.9092
2021-12-31,1.15393,38.9092,67.6791,32.4467
2022-01-01,0,32.4467,58.2794,33.4921
2022-01-02,1.53313,33.4921,49.4338,32.4467
2022-01-03,3.41761,32.4467,38.9092,29.3884
2022-01-04,14.8141,29.3884,58.2794,23.6306
2022-01-05,0.602204,23.6306,48.2166,41.1633
2022-01-06,0,41.1633,38.9092,82.2336
2022-01-07,0,82.2336,32.4467,76.259
2022-01-08,0,76.259,33.4921,70.4678
2022-01-09,0,70.4678,32.4467,64.9381
2022-01-10,0.999347,64.9381,29.3884,55.6947
2022-01-11,0,55.6947,23.6306,51.9034
2022-01-12,0,51.9034,41.1633,48.2166
2022-01-13,0.212724,48.2166,82.2336,38.9092
2022-01-14,12.0644,38.9092,76.259,40.0301
2022-01-15,16.9483,40.0301,70.4678,35.6211
2022-01-16,12.1715,35.6211,64.9381,22.7188
2022-01-17,9.65852,22.7188,55.6947,74.7939
2022-01-18,9.30136,74.7939,51.9034,80.7229
2022-01-19,3.75839,80.7229,48.2166,76.259
2022-01-20,0.104289,76.259,38.9092,70.4678
2022-01-21,0,70.4678,40.0301,67.6791
2022-01-22,0,67.6791,35.6211,63.584
2022-01-23,2.42331,63.584,22.7188,59.5887
2022-01-24,12.2374,59.5887,74.7939,53.1556
2022-01-25,2.46247,53.1556,80.7229,50.6628
2022-01-26,7.31938,50.6628,76.259,47.0111
2022-01-27,36.9863,47.0111,70.4678,32.4467
2022-01-28,2.565,32.4467,67.6791,54.4194
2022-01-29,0,54.4194,63.584,153.497
2022-01-30,0,153.497,59.5887,173.507
2022-01-31,0,173.507,53.1556,196.648
2022-02-01,0,196.648,50.6628,157.42
2022-02-02,0,157.42,47.0111,120.023
2022-02-03,0,120.023,32.4467,94.7226
2022-02-04,13.7768,94.7226,54.4194,74.7939
2022-02-05,7.47631,74.7939,153.497,67.6791
2022-02-06,3.09312,67.6791,173.507,94.7226
2022-02-07,0,94.7226,196.648,89.9557
2022-02-08,0,89.9557,157.42,85.2888
2022-02-09,0,85.2888,120.023,79.2235
2022-02-10,0,79.2235,94.7226,73.3403
2022-02-11,2.35759,73.3403,74.7939,70.4678
2022-02-12,0,70.4678,67.6791,64.9381
2022-02-13,1.792,64.9381,94.7226,59.5887
2022-02-14,0.31337,59.5887,89.9557,55.6947
2022-02-15,0,55.6947,85.2888,49.4338
2022-02-16,0,49.4338,79.2235,49.4338
2022-02-17,1.53273,49.4338,73.3403,40.0301
2022-02-18,1.51614,40.0301,70.4678,36.7046
2022-02-19,0.360353,36.7046,64.9381,25.4957
2022-02-20,0,25.4957,59.5887,51.9034
2022-02-21,5.55971,51.9034,55.6947,49.4338
2022-02-22,3.39176,49.4338,49.4338,48.2166
2022-02-23,3.8542,48.2166,49.4338,53.1556
2022-02-24,4.25441,53.1556,40.0301,49.4338
2022-02-25,27.6329,49.4338,36.7046,47.0111
2022-02-26,1.36257,47.0111,25.4957,32.4467
2022-02-27,0,32.4467,51.9034,37.8007
2022-02-28,1.59016,37.8007,49.4338,34.5503
2022-03-01,27.493,34.5503,48.2166,36.7046
2022-03-02,21.5256,36.7046,53.1556,80.7229
2022-03-03,10.1453,80.7229,49.4338,97.9555
2022-03-04,2.12214,97.9555,47.0111,132.645
2022-03-05,6.08393,132.645,32.4467,145.773
2022-03-06,1.00705,145.773,37.8007,157.42
2022-03-07,21.7991,157.42,34.5503,165.385
2022-03-08,26.0838,165.385,36.7046,183.881
2022-03-09,4.70655,183.881,80.7229,175.563
2022-03-10,8.76952,175.563,97.9555,138.21
2022-03-11,23.878,138.21,132.645,125.37
2022-03-12,0.797312,125.37,145.773,175.563
2022-03-13,1.04143,175.563,157.42,177.627
2022-03-14,0.0607109,177.627,165.385,171.462
2022-03-15,0.0051886,171.462,183.881,179.702
2022-03-16,0.101375,179.702,175.563,183.881
2022-03-17,0,183.881,138.21,192.354
2022-03-18,14.8566,192.354,125.37,211.978
2022-03-19,22.4397,211.978,175.563,297.978
2022-03-20,0,297.978,177.627,323.927
2022-03-21,0,323.927,171.462,282.831
2022-03-22,0,282.831,179.702,239.329
2022-03-23,0.560213,239.329,183.881,190.221
2022-03-24,31.2611,190.221,192.354,183.881
2022-03-25,4.08395,183.881,211.978,367.247
2022-03-26,0,367.247,297.978,392.571
2022-03-27,0,392.571,323.927,345.312
2022-03-28,0,345.312,282.831,287.844
2022-03-29,0,287.844,239.329,234.677
2022-03-30,7.70986,234.677,190.221,169.426
2022-03-31,0,169.426,183.881,107.915
2022-04-01,0,107.915,367.247,102.887
2022-04-02,0,102.887,392.571,94.7226
2022-04-03,0,94.7226,345.312,85.2888
2022-04-04,18.7249,85.2888,287.844,79.2235
2022-04-05,0.0205879,79.2235,234.677,73.3403
2022-04-06,0,73.3403,169.426,70.4678
2022-04-07,11.1014,70.4678,107.915,71.8983
2022-04-08,11.9953,71.8983,102.887,91.5336
2022-04-09,0,91.5336,94.7226,141.971
2022-04-10,0.0175225,141.971,85.2888,149.615
2022-04-11,12.2979,149.615,79.2235,181.787
2022-04-12,1.57778,181.787,73.3403,116.511
2022-04-13,0,116.511,70.4678,183.881
2022-04-14,0,183.881,71.8983,165.385
2022-04-15,0,165.385,91.5336,141.971
2022-04-16,0,141.971,141.971,134.49
2022-04-17,0,134.49,149.615,116.511
2022-04-18,0,116.511,181.787,104.552
2022-04-19,0,104.552,116.511,93.1226
2022-04-20,0,93.1226,183.881,83.7556
2022-04-21,2.7359,83.7556,165.385,74.7939
2022-04-22,6.61157,74.7939,141.971,67.6791
2022-04-23,15.1993,67.6791,134.49,63.584
2022-04-24,0,63.584,116.511,60.9093
2022-04-25,0.719872,60.9093,104.552,58.2794
2022-04-26,7.18867,58.2794,93.1226,60.9093
2022-04-27,2.38541,60.9093,83.7556,58.2794
2022-04-28,0,58.2794,74.7939,64.9381
2022-04-29,0.37504,64.9381,67.6791,70.4678
2022-04-30,0,70.4678,63.584,64.9381
2022-05-01,9.45148,64.9381,60.9093,77.7355
2022-05-02,2.89695,77.7355,58.2794,83.7556
2022-05-03,38.59,83.7556,60.9093,353.474
2022-05-04,11.6761,353.474,58.2794,1638.24
2022-05-05,0,1638.24,64.9381,1642.74
2022-05-06,0,1642.74,70.4678,1237.27
2022-05-07,0.0387799,1237.27,64.9381,982.223
2022-05-08,0,982.223,77.7355,696.174
2022-05-09,0,696.174,83.7556,494.293
2022-05-10,1.52812,494.293,353.474,478.744
2022-05-11,2.15179,478.744,1638.24,448.251
2022-05-12,0,448.251,1642.74,445.246
2022-05-13,0,445.246,1237.27,421.505
2022-05-14,0.835654,421.505,982.223,395.427
2022-05-15,0,395.427,696.174,370.027
2022-05-16,0,370.027,494.293,348.024
2022-05-17,0,348.024,478.744,265.565
2022-05-18,0.0461584,265.565,448.251,196.648
2022-05-19,0,196.648,445.246,159.396
2022-05-20,0,159.396,421.505,138.21
2022-05-21,0,138.21,395.427,116.511
2022-05-22,0,116.511,370.027,91.5336
2022-05-23,1.20185,91.5336,348.024,83.7556
2022-05-24,0,83.7556,265.565,79.2235
2022-05-25,0,79.2235,196.648,76.259
2022-05-26,0,76.259,159.396,67.6791
2022-05-27,3.18253,67.6791,138.21,60.9093
2022-05-28,20.725,60.9093,116.511,63.584
2022-05-29,30.9853,63.584,91.5336,86.8333
2022-05-30,6.37429,86.8333,83.7556,424.444
2022-05-31,0.669118,424.444,79.2235,418.574
2022-06-01,12.9332,418.574,76.259,165.385
2022-06-02,13.9531,165.385,67.6791,177.627
2022-06-03,0,177.627,60.9093,272.911
2022-06-04,0,272.911,63.584,310.843
2022-06-05,0.0251895,310.843,86.8333,475.658
2022-06-06,18.5552,475.658,424.444,445.246
2022-06-07,3.26759,445.246,418.574,439.262
2022-06-08,0,439.262,165.385,491.167
2022-06-09,10.5895,491.167,177.627,442.25
2022-06-10,11.701,442.25,272.911,436.282
2022-06-11,0.31279,436.282,310.843,409.832
2022-06-12,0,409.832,475.658,384.054
2022-06-13,0,384.054,445.246,334.551
2022-06-14,0,334.551,439.262,310.843
2022-06-15,0.0181946,310.843,491.167,265.565
2022-06-16,0.00845428,265.565,442.25,236.998
2022-06-17,20.64,236.998,436.282,192.354
2022-06-18,2.6352,192.354,409.832,181.787
2022-06-19,0.844008,181.787,384.054,188.098
2022-06-20,0.515135,188.098,334.551,183.881
2022-06-21,2.75354,183.881,310.843,171.462
2022-06-22,19.8971,171.462,265.565,282.831
2022-06-23,12.1383,282.831,236.998,841.988
2022-06-24,1.69503,841.988,192.354,657.091
2022-06-25,0,657.091,181.787,500.569
2022-06-26,0,500.569,188.098,392.571
2022-06-27,0.116245,392.571,183.881,345.312
2022-06-28,0,345.312,171.462,300.533
2022-06-29,0,300.533,282.831,258.3
2022-06-30,0,258.3,841.988,205.351
2022-07-01,0,205.351,657.091,203.161
2022-07-02,0,203.161,500.569,192.354
2022-07-03,0,192.354,392.571,151.551
2022-07-04,0,151.551,345.312,147.689
2022-07-05,0.651288,147.689,300.533,147.689
2022-07-06,0.38038,147.689,258.3,147.689
2022-07-07,0.142848,147.689,205.351,140.085
2022-07-08,0.0250669,140.085,203.161,140.085
2022-07-09,0,140.085,192.354,138.21
2022-07-10,0,138.21,151.551,116.511
2022-07-11,0.847183,116.511,147.689,113.041
2022-07-12,9.56069,113.041,147.689,109.613
2022-07-13,0,109.613,147.689,106.229
2022-07-14,1.00069,106.229,140.085,116.511
2022-07-15,0.804379,116.511,140.085,113.041
2022-07-16,4.62713,113.041,138.21,109.613
2022-07-17,5.57485,109.613,116.511,113.041
2022-07-18,2.79551,113.041,113.041,114.77
2022-07-19,3.53496,114.77,109.613,127.173
2022-07-20,0,127.173,106.229,125.37
2022-07-21,0,125.37,116.511,121.795
2022-07-22,0,121.795,113.041,99.5884
2022-07-23,0,99.5884,109.613,94.7226
2022-07-24,0,94.7226,113.041,91.5336
2022-07-25,0.00670357,91.5336,114.77,85.2888
2022-07-26,0,85.2888,127.173,79.2235
2022-07-27,0,79.2235,125.37,76.259
2022-07-28,0.0685469,76.259,121.795,71.8983
2022-07-29,3.59347,71.8983,99.5884,70.4678
2022-07-30,0,70.4678,94.7226,66.3031
2022-07-31,0,66.3031,91.5336,67.6791
2022-08-01,0,67.6791,85.2888,64.9381
2022-08-02,0,64.9381,79.2235,64.9381
2022-08-03,0,64.9381,76.259,64.9381
2022-08-04,5.80428,64.9381,71.8983,69.0661
2022-08-05,0.0241834,69.0661,70.4678,83.7556
2022-08-06,20.2211,83.7556,66.3031,109.613
2022-08-07,40.745,109.613,67.6791,134.49
2022-08-08,5.29059,134.49,64.9381,179.702
2022-08-09,11.7542,179.702,64.9381,372.815
2022-08-10,23.6558,372.815,64.9381,506.876
2022-08-11,0,506.876,69.0661,529.204
2022-08-12,0,529.204,83.7556,503.719
2022-08-13,0.761629,503.719,109.613,478.744
2022-08-14,0,478.744,134.49,454.284
2022-08-15,0,454.284,179.702,412.737
2022-08-16,33.366,412.737,372.815,372.815
2022-08-17,17.119,372.815,506.876,321.293
2022-08-18,25.856,321.293,529.204,913.02
2022-08-19,0.989269,913.02,503.719,773.299
2022-08-20,0,773.299,478.744,660.607
2022-08-21,0,660.607,454.284,565.072
2022-08-22,0,565.072,412.737,522.785
2022-08-23,0,522.785,372.815,478.744
2022-08-24,0,478.744,321.293,424.444
2022-08-25,0,424.444,913.02,392.571
2022-08-26,0,392.571,773.299,337.228
2022-08-27,0,337.228,660.607,239.329
2022-08-28,0,239.329,565.072,194.496
2022-08-29,0,194.496,522.785,157.42
2022-08-30,0,157.42,478.744,116.511
2022-08-31,0,116.511,424.444,111.322
2022-09-01,0,111.322,392.571,113.041
2022-09-02,1.27207,113.041,337.228,106.229
2022-09-03,0,106.229,239.329,104.552
2022-09-04,0,104.552,194.496,104.552
2022-09-05,0.421026,104.552,157.42,104.552
2022-09-06,24.7338,104.552,116.511,151.551
2022-09-07,2.11806,151.551,111.322,132.645
2022-09-08,0,132.645,113.041,128.987
2022-09-09,0.898178,128.987,106.229,125.37
2022-09-10,1.54075,125.37,104.552,120.023
2022-09-11,0,120.023,104.552,114.77
2022-09-12,14.7153,114.77,104.552,272.911
2022-09-13,0,272.911,151.551,478.744
2022-09-14,11.2968,478.744,132.645,436.282
2022-09-15,0,436.282,128.987,404.045
2022-09-16,0,404.045,125.37,334.551
2022-09-17,0,334.551,120.023,260.713
2022-09-18,0,260.713,114.77,192.354
2022-09-19,18.3646,192.354,272.911,188.098
2022-09-20,0,188.098,478.744,181.787
2022-09-21,0.959766,181.787,436.282,161.382
2022-09-22,0,161.382,404.045,163.378
2022-09-23,0,163.378,334.551,140.085
2022-09-24,0,140.085,260.713,118.261
2022-09-25,1.5824,118.261,192.354,96.3336
2022-09-26,19.2936,96.3336,188.098,141.971
2022-09-27,3.48585,141.971,181.787,138.21
2022-09-28,0.508749,138.21,161.382,132.645
2022-09-29,2.64181,132.645,163.378,128.987
2022-09-30,11.2682,128.987,140.085,125.37
2022-10-01,0,125.37,118.261,232.365
2022-10-02,0,232.365,96.3336,125.37
2022-10-03,0,125.37,141.971,121.795
2022-10-04,0,121.795,138.21,111.322
2022-10-05,0,111.322,132.645,179.702
2022-10-06,27.3531,179.702,128.987,147.689
2022-10-07,1.32706,147.689,125.37,331.882
2022-10-08,0,331.882,232.365,295.431
2022-10-09,0,295.431,125.37,263.134
2022-10-10,3.46024,263.134,121.795,192.354
2022-10-11,10.5521,192.354,111.322,795.933
2022-10-12,5.38756,795.933,179.702,1002.97
2022-10-13,15.6776,1002.97,147.689,917.034
2022-10-14,31.4804,917.034,331.882,957.565
2022-10-15,2.78083,957.565,295.431,857.572
2022-10-16,8.07715,857.572,263.134,941.268
2022-10-17,0,941.268,192.354,873.271
2022-10-18,15.5904,873.271,795.933,826.52
2022-10-19,0.102031,826.52,1002.97,747.228
2022-10-20,22.86,747.228,917.034,657.091
2022-10-21,0.487077,657.091,957.565,777.053
2022-10-22,0,777.053,857.572,739.845
2022-10-23,0,739.845,941.268,503.719
2022-10-24,0,503.719,873.271,618.926
2022-10-25,0,618.926,826.52,565.072
2022-10-26,0,565.072,747.228,519.588
2022-10-27,1.32825,519.588,657.091,454.284
2022-10-28,0,454.284,777.053,389.724
2022-10-29,18.3763,389.724,739.845,337.228
2022-10-30,6.67087,337.228,503.719,290.364
2022-10-31,4.59352,290.364,618.926,253.503
2022-11-01,0.0111571,253.503,565.072,246.374
2022-11-02,0,246.374,519.588,239.329
2022-11-03,0,239.329,454.284,225.486
2022-11-04,0,225.486,389.724,223.211
2022-11-05,0,223.211,337.228,203.161
2022-11-06,0,203.161,290.364,205.351
2022-11-07,0,205.351,253.503,190.221
2022-11-08,0.232558,190.221,246.374,179.702
2022-11-09,0,179.702,239.329,165.385
2022-11-10,0,165.385,225.486,141.971
2022-11-11,14.0021,141.971,223.211,141.971
2022-11-12,2.30615,141.971,203.161,134.49
2022-11-13,3.75298,134.49,205.351,140.085
2022-11-14,0.683702,140.085,190.221,99.5884
2022-11-15,0.668396,99.5884,179.702,89.9557
2022-11-16,0,89.9557,165.385,79.2235
2022-11-17,0,79.2235,141.971,69.0661
2022-11-18,0,69.0661,141.971,63.584
2022-11-19,0,63.584,134.49,59.5887
2022-11-20,0.0185322,59.5887,140.085,58.2794
2022-11-21,15.1884,58.2794,99.5884,53.1556
2022-11-22,14.4647,53.1556,89.9557,51.9034
2022-11-23,6.9784,51.9034,79.2235,51.9034
2022-11-24,0.0925648,51.9034,69.0661,49.4338
2022-11-25,0.892794,49.4338,63.584,66.3031
2022-11-26,19.3084,66.3031,59.5887,64.9381
2022-11-27,10.2734,64.9381,58.2794,63.584
2022-11-28,0.0118265,63.584,53.1556,56.9813
2022-11-29,0.650941,56.9813,51.9034,211.978
2022-11-30,19.8517,211.978,51.9034,200.981
2022-12-01,15.4952,200.981,49.4338,181.787
2022-12-02,0.715433,181.787,66.3031,188.098
2022-12-03,12.5533,188.098,64.9381,198.81
2022-12-04,13.8808,198.81,63.584,258.3
2022-12-05,22.3762,258.3,56.9813,439.262
2022-12-06,1.84205,439.262,211.978,703.378
2022-12-07,0,703.378,200.981,615.502
2022-12-08,0,615.502,181.787,542.137
2022-12-09,15.4182,542.137,188.098,472.58
2022-12-10,11.2437,472.58,198.81,404.045
2022-12-11,12.4062,404.045,258.3,318.667
2022-12-12,7.20748,318.667,439.262,251.117
2022-12-13,8.68817,251.117,703.378,220.946
2022-12-14,0,220.946,615.502,200.981
2022-12-15,0,200.981,542.137,185.985
2022-12-16,0.327115,185.985,472.58,183.881
2022-12-17,0,183.881,404.045,163.378
2022-12-18,0.258623,163.378,318.667,145.773
2022-12-19,0.0474754,145.773,251.117,128.987
2022-12-20,0.870652,128.987,220.946,109.613
2022-12-21,0.0162302,109.613,200.981,106.229
2022-12-22,0,106.229,185.985,93.1226
2022-12-23,0,93.1226,183.881,76.259
2022-12-24,0,76.259,163.378,63.584
2022-12-25,1.65627,63.584,145.773,59.5887
2022-12-26,0.0596275,59.5887,128.987,63.584
2022-12-27,16.4078,63.584,109.613,73.3403
2022-12-28,23.3753,73.3403,106.229,128.987
2022-12-29,0,128.987,93.1226,74.7939
2022-12-30,0,74.7939,76.259,66.3031
2022-12-31,0.353521,66.3031,63.584,66.3031
2023-01-01,0.00680696,66.3031,59.5887,161.382
2023-01-02,0.69826,161.382,63.584,134.49
2023-01-03,9.4582,134.49,73.3403,101.232
2023-01-04,14.8249,101.232,128.987,171.462
2023-01-05,0,171.462,74.7939,260.713
2023-01-06,0,260.713,66.3031,248.741
2023-01-07,0,248.741,66.3031,214.206
2023-01-08,0,214.206,161.382,149.615
2023-01-09,0,149.615,134.49,128.987
2023-01-10,0.40992,128.987,101.232,125.37
2023-01-11,11.739,125.37,171.462,140.085
2023-01-12,6.94512,140.085,260.713,155.454
2023-01-13,5.60745,155.454,248.741,188.098
2023-01-14,9.69804,188.098,214.206,244.017
2023-01-15,9.51685,244.017,149.615,326.57
2023-01-16,5.45425,326.57,128.987,445.246
2023-01-17,17.4168,445.246,125.37,445.246
2023-01-18,17.3174,445.246,140.085,395.427
2023-01-19,0.249783,395.427,155.454,529.204
2023-01-20,0,529.204,188.098,503.719
2023-01-21,0.0726349,503.719,244.017,466.449
2023-01-22,21.2675,466.449,326.57,424.444
2023-01-23,6.37029,424.444,445.246,404.045
2023-01-24,0.230307,404.045,445.246,381.232
2023-01-25,0,381.232,395.427,350.745
2023-01-26,0,350.745,529.204,318.667
2023-01-27,0,318.667,503.719,285.333
2023-01-28,0,285.333,466.449,244.017
2023-01-29,22.9262,244.017,424.444,190.221
2023-01-30,5.17604,190.221,404.045,149.615
2023-01-31,4.2845,149.615,381.232,114.77
2023-02-01,3.78927,114.77,350.745,214.206
2023-02-02,9.91646,214.206,318.667,244.017
2023-02-03,47.1789,244.017,285.333,612.086
2023-02-04,2.54746,612.086,244.017,650.084
2023-02-05,0,650.084,190.221,525.991
2023-02-06,0.393004,525.991,149.615,364.475
2023-02-07,0,364.475,114.77,292.893
2023-02-08,1.55661,292.893,214.206,265.565
2023-02-09,13.1889,265.565,244.017,227.77
2023-02-10,8.87147,227.77,612.086,132.645
2023-02-11,0.959179,132.645,650.084,138.21
2023-02-12,0,138.21,525.991,123.577
2023-02-13,0,123.577,364.475,121.795
2023-02-14,7.76923,121.795,292.893,121.795
2023-02-15,8.93851,121.795,265.565,125.37
2023-02-16,0,125.37,227.77,216.443
2023-02-17,2.78348,216.443,132.645,203.161
2023-02-18,0,203.161,138.21,169.426
2023-02-19,0,169.426,123.577,143.867
2023-02-20,21.1284,143.867,121.795,128.987
2023-02-21,6.66668,128.987,121.795,169.426
2023-02-22,0.533734,169.426,125.37,194.496
2023-02-23,40.1764,194.496,216.443,239.329
2023-02-24,12.0456,239.329,203.161,367.247
2023-02-25,0.845121,367.247,169.426,323.927
2023-02-26,5.50808,323.927,143.867,295.431
2023-02-27,0.297805,295.431,128.987,275.377
2023-02-28,0.00998959,275.377,169.426,268.004
2023-03-01,0.134784,268.004,194.496,375.612
2023-03-02,4.76544,375.612,239.329,353.474
2023-03-03,12.5983,353.474,367.247,364.475
2023-03-04,7.589,364.475,323.927,375.612
2023-03-05,3.03551,375.612,295.431,404.045
2023-03-06,3.33853,404.045,275.377,415.652
2023-03-07,5.99167,415.652,268.004,463.396
2023-03-08,0.104552,463.396,375.612,421.505
2023-03-09,21.4998,421.505,353.474,784.583
2023-03-10,7.15614,784.583,364.475,792.142
2023-03-11,0.70801,792.142,375.612,703.378
2023-03-12,1.15173,703.378,404.045,598.498
2023-03-13,2.08776,598.498,415.652,545.39
2023-03-14,1.24652,545.39,463.396,451.264
2023-03-15,0,451.264,421.505,395.427
2023-03-16,0,395.427,784.583,345.312
2023-03-17,0,345.312,792.142,305.67
2023-03-18,0,305.67,703.378,280.337
2023-03-19,0,280.337,598.498,263.134
2023-03-20,12.0994,263.134,545.39,251.117
2023-03-21,2.7995,251.117,451.264,244.017
2023-03-22,16.9002,244.017,395.427,232.365
2023-03-23,13.5297,232.365,345.312,227.77
2023-03-24,15.3601,227.77,305.67,214.206
2023-03-25,6.94824,214.206,280.337,194.496
2023-03-26,7.14112,194.496,263.134,173.507
2023-03-27,0,173.507,251.117,163.378
2023-03-28,0,163.378,244.017,147.689
2023-03-29,19.7789,147.689,232.365,134.49
2023-03-30,11.5799,134.49,227.77,123.577
2023-03-31,0.629732,123.577,214.206,121.795
2023-04-01,0.0141647,121.795,194.496,145.773
2023-04-02,0,145.773,173.507,140.085
2023-04-03,0,140.085,163.378,136.345
2023-04-04,0,136.345,147.689,130.811
2023-04-05,0.622707,130.811,134.49,125.37
2023-04-06,58.9544,125.37,123.577,120.023
2023-04-07,8.2037,120.023,121.795,132.645
2023-04-08,0.0522841,132.645,145.773,185.985
2023-04-09,0,185.985,140.085,194.496
2023-04-10,0,194.496,136.345,192.354
2023-04-11,0,192.354,130.811,185.985
2023-04-12,0,185.985,125.37,194.496
2023-04-13,0,194.496,120.023,209.76
2023-04-14,2.47302,209.76,132.645,248.741
2023-04-15,0.0167689,248.741,185.985,378.418
2023-04-16,7.13647,378.418,194.496,386.885
2023-04-17,7.09576,386.885,192.354,481.837
2023-04-18,8.44724,481.837,185.985,728.827
2023-04-19,0,728.827,194.496,717.875
2023-04-20,0,717.875,209.76,671.198
2023-04-21,0,671.198,248.741,615.502
2023-04-22,0.00574786,615.502,378.418,545.39
2023-04-23,0.00749273,545.39,386.885,478.744
2023-04-24,0.0223658,478.744,481.837,415.652
2023-04-25,0.0314418,415.652,728.827,337.228
2023-04-26,4.25625,337.228,717.875,292.893
2023-04-27,0,292.893,671.198,258.3
2023-04-28,0.0535626,258.3,615.502,214.206
2023-04-29,0,214.206,545.39,188.098
2023-04-30,0.0099782,188.098,478.744,151.551
2023-05-01,0,151.551,415.652,136.345
2023-05-02,0.246542,136.345,337.228,128.987
2023-05-03,1.72137,128.987,292.893,125.37
2023-05-04,8.96552,125.37,258.3,120.023
2023-05-05,7.60286,120.023,214.206,109.613
2023-05-06,0.145668,109.613,188.098,113.041
2023-05-07,2.41385,113.041,151.551,107.915
2023-05-08,5.45062,107.915,136.345,102.887
2023-05-09,0.0241257,102.887,128.987,83.7556
2023-05-10,0,83.7556,125.37,79.2235
2023-05-11,0,79.2235,120.023,76.259
2023-05-12,0.00132617,76.259,109.613,73.3403
2023-05-13,0,73.3403,113.041,89.9557
2023-05-14,0,89.9557,107.915,88.389
2023-05-15,0,88.389,102.887,74.7939
2023-05-16,0,74.7939,83.7556,67.6791
2023-05-17,0,67.6791,79.2235,64.9381
2023-05-18,0,64.9381,76.259,62.2411
2023-05-19,0,62.2411,73.3403,62.2411
2023-05-20,0.0263628,62.2411,89.9557,59.5887
2023-05-21,1.3211,59.5887,88.389,59.5887
2023-05-22,0.686226,59.5887,74.7939,58.2794
2023-05-23,0,58.2794,67.6791,56.9813
2023-05-24,0,56.9813,64.9381,56.9813
2023-05-25,0,56.9813,62.2411,54.4194
2023-05-26,0.0567982,54.4194,62.2411,51.9034
2023-05-27,5.61522,51.9034,59.5887,49.4338
2023-05-28,12.3465,49.4338,59.5887,48.2166
2023-05-29,0,48.2166,58.2794,70.4678
2023-05-30,6.92028,70.4678,56.9813,71.8983
2023-05-31,8.47131,71.8983,56.9813,63.584
2023-06-01,0,63.584,54.4194,55.6947
2023-06-02,0,55.6947,51.9034,49.4338
2023-06-03,0,49.4338,49.4338,43.4663
2023-06-04,0,43.4663,48.2166,37.8007
2023-06-05,0,37.8007,70.4678,37.8007
2023-06-06,0,37.8007,71.8983,41.1633
2023-06-07,0,41.1633,63.584,44.6359
2023-06-08,0,44.6359,55.6947,48.2166
2023-06-09,0,48.2166,49.4338,44.6359
2023-06-10,0,44.6359,43.4663,42.3087
2023-06-11,0,42.3087,37.8007,38.9092
2023-06-12,0,38.9092,37.8007,77.7355
2023-06-13,18.0076,77.7355,41.1633,132.645
2023-06-14,31.0177,132.645,44.6359,177.627
2023-06-15,14.0612,177.627,48.2166,277.853
2023-06-16,0,277.853,44.6359,427.391
2023-06-17,0,427.391,42.3087,409.832
2023-06-18,0,409.832,38.9092,372.815
2023-06-19,0,372.815,77.7355,337.228
2023-06-20,0,337.228,132.645,313.442
2023-06-21,0,313.442,177.627,290.364
2023-06-22,2.79072,290.364,277.853,232.365
2023-06-23,39.6333,232.365,427.391,263.134
2023-06-24,0,263.134,409.832,384.054
2023-06-25,0,384.054,372.815,318.667
2023-06-26,0,318.667,337.228,258.3
2023-06-27,0,258.3,313.442,194.496
2023-06-28,0,194.496,290.364,151.551
2023-06-29,0,151.551,232.365,113.041
2023-06-30,0.023723,113.041,263.134,86.8333
2023-07-01,0,86.8333,384.054,71.8983
2023-07-02,0,71.8983,318.667,67.6791
2023-07-03,0,67.6791,258.3,70.4678
2023-07-04,0,70.4678,194.496,66.3031
2023-07-05,0,66.3031,151.551,63.584
2023-07-06,0,63.584,113.041,67.6791
2023-07-07,0,67.6791,86.8333,85.2888
2023-07-08,1.27308,85.2888,71.8983,153.497
2023-07-09,0,153.497,67.6791,207.551
2023-07-10,31.3456,207.551,70.4678,177.627
2023-07-11,30.2037,177.627,66.3031,282.831
2023-07-12,22.9301,282.831,63.584,1216.74
2023-07-13,7.82136,1216.74,67.6791,1245.51
2023-07-14,0,1245.51,85.2888,961.657
2023-07-15,0,961.657,153.497,909.013
2023-07-16,0,909.013,207.551,841.988
2023-07-17,0,841.988,177.627,710.612
2023-07-18,0.244507,710.612,282.831,542.137
2023-07-19,0,542.137,1216.74,494.293
2023-07-20,0,494.293,1245.51,451.264
2023-07-21,0,451.264,961.657,364.475
2023-07-22,0,364.475,909.013,318.667
2023-07-23,0,318.667,841.988,246.374
2023-07-24,0,246.374,710.612,205.351
2023-07-25,0,205.351,542.137,188.098
2023-07-26,0.385246,188.098,494.293,173.507
2023-07-27,5.4315,173.507,451.264,157.42
2023-07-28,22.3696,157.42,364.475,143.867
2023-07-29,0,143.867,318.667,130.811
2023-07-30,0,130.811,246.374,123.577
2023-07-31,0,123.577,205.351,85.2888
2023-08-01,0,85.2888,188.098,94.7226
2023-08-02,0,94.7226,173.507,83.7556
2023-08-03,0,83.7556,157.42,77.7355
2023-08-04,0,77.7355,143.867,73.3403
2023-08-05,0,73.3403,130.811,73.3403
2023-08-06,0,73.3403,123.577,73.3403
2023-08-07,0.0224274,73.3403,85.2888,69.0661
2023-08-08,0.153646,69.0661,94.7226,64.9381
2023-08-09,24.2041,64.9381,83.7556,63.584
2023-08-10,1.85939,63.584,77.7355,79.2235
2023-08-11,22.7758,79.2235,73.3403,227.77
2023-08-12,27.7166,227.77,73.3403,375.612
2023-08-13,0.0430501,375.612,73.3403,439.262
2023-08-14,0,439.262,69.0661,436.282
2023-08-15,0,436.282,64.9381,418.574
2023-08-16,0,418.574,63.584,381.232
2023-08-17,0,381.232,79.2235,337.228
2023-08-18,1.56452,337.228,227.77,277.853
2023-08-19,12.6522,277.853,375.612,205.351
2023-08-20,0,205.351,439.262,183.881
2023-08-21,0.505727,183.881,436.282,163.378
2023-08-22,5.54138,163.378,418.574,145.773
2023-08-23,0,145.773,381.232,123.577
2023-08-24,1.49238,123.577,337.228,107.915
2023-08-25,0.00298561,107.915,277.853,99.5884
2023-08-26,0,99.5884,205.351,203.161
2023-08-27,0,203.161,183.881,188.098
2023-08-28,0,188.098,163.378,181.787
2023-08-29,0,181.787,145.773,165.385
2023-08-30,0,165.385,123.577,153.497
2023-08-31,0,153.497,107.915,134.49
2023-09-01,1.33985,134.49,99.5884,
2023-09-02,26.703,,203.161,
2023-09-03,12.1769,,188.098,
2023-09-04,28.7436,,181.787,
2023-09-05,3.66546,,165.385,
2023-09-06,0,,153.497,
2023-09-07,0,,134.49,
2023-09-08,0.1108,,,
2023-09-09,3.2787,,,
2023-09-10,0.0142428,,,
2023-09-11,0,,,
2023-09-12,0.021261,,,
2023-09-13,1.03825,,,
2023-09-14,0.212431,,,
2023-09-15,0,,,
2023-09-16,0,,,
2023-09-17,0,,,
2023-09-18,0,,,
2023-09-19,4.04874,,,
2023-09-20,0,,,
2023-09-21,0.169574,,,
2023-09-22,0.154943,,,
2023-09-23,1.65321,,,
2023-09-24,5.18071,,,
2023-09-25,12.9639,,,
2023-09-26,3.23254,,,
2023-09-27,24.9019,,,
2023-09-28,0,,,
2023-09-29,0,,,
2023-09-30,0,,,
2023-10-01,0,,,
2023-10-02,0,,,
2023-10-03,2.79865,,,
2023-10-04,43.1239,,,
2023-10-05,0.150649,,,
2023-10-06,2.57068,,,
2023-10-07,59.8179,,,
2023-10-08,43.5179,,,
2023-10-09,0.0636953,,,
2023-10-10,0,,,
2023-10-11,7.97514,,,
2023-10-12,45.7004,,,
2023-10-13,0,,,
2023-10-14,0,,,
2023-10-15,0,,,
2023-10-16,20.4292,,,
2023-10-17,50.7124,,,
2023-10-18,0.469617,,,
2023-10-19,0.931636,,,
2023-10-20,0,,,
2023-10-21,0,,,
2023-10-22,0.0194434,,,
2023-10-23,1.66751,,,
2023-10-24,2.51626,,,
2023-10-25,0,,,
2023-10-26,0,,,
2023-10-27,22.3758,,,
2023-10-28,35.4169,,,
2023-10-29,36.668,,,
2023-10-30,5.95012,,,
2023-10-31,3.46462,,,
2023-11-01,0,,,
2023-11-02,1.64214,,,
2023-11-03,44.7784,,,
2023-11-04,0,,,
2023-11-05,0,,,
2023-11-06,0,,,
2023-11-07,0,,,
2023-11-08,1.31211,,,
2023-11-09,31.4147,,,
2023-11-10,5.39581,,,
2023-11-11,4.48344,,,
2023-11-12,1.08502,,,
2023-11-13,11.1244,,,
2023-11-14,7.06807,,,
2023-11-15,32.7042,,,
2023-11-16,51.2672,,,
2023-11-17,45.693,,,
2023-11-18,5.24033,,,
2023-11-19,5.15373,,,
2023-11-20,0.517068,,,
2023-11-21,0,,,
2023-11-22,13.7611,,,
2023-11-23,17.8993,,,
2023-11-24,1.36429,,,
2023-11-25,0,,,
2023-11-26,0.0314263,,,
2023-11-27,0.134325,,,
2023-11-28,3.16832,,,
2023-11-29,0,,,
2023-11-30,0,,,
2023-12-01,0,,,
2023-12-02,0.863541,,,
2023-12-03,10.1611,,,
2023-12-04,0.918303,,,
2023-12-05,1.36881,,,
2023-12-06,0.851836,,,
2023-12-07,9.54003,,,
2023-12-08,0.454199,,,
2023-12-09,0,,,
2023-12-10,14.0361,,,
2023-12-11,0.269906,,,
2023-12-12,0,,,
2023-12-13,0,,,
2023-12-14,0.0754859,,,
2023-12-15,6.58447,,,
2023-12-16,4.27966,,,
2023-12-17,1.80551,,,
2023-12-18,3.43106,,,
2023-12-19,0.121557,,,
2023-12-20,0,,,
2023-12-21,0,,,
2023-12-22,0.637331,,,
2023-12-23,13.5358,,,
2023-12-24,0.89148,,,
2023-12-25,11.3671,,,
2023-12-26,1.2282,,,
2023-12-27,0,,,
2023-12-28,0,,,
2023-12-29,8.06114,,,
2023-12-30,0,,,
2023-12-31,1.16018,,,
2024-01-01,0,,,133.896
2024-01-02,1.83616,133.896,,133.301
2024-01-03,0,133.301,,132.707
2024-01-04,0,132.707,,
2024-01-05,0,,,
2024-01-06,0,,,
2024-01-07,1.14732,,,
2024-01-08,0.578011,,133.896,
2024-01-09,36.7047,,133.301,
2024-01-10,23.9952,,132.707,
2024-01-11,20.8064,,,
2024-01-12,4.62442,,,
2024-01-13,0.191415,,,
2024-01-14,0,,,
2024-01-15,24.53,,,
2024-01-16,12.239,,,
2024-01-17,26.1908,,,
2024-01-18,12.3841,,,
2024-01-19,2.25522,,,
2024-01-20,3.56262,,,
2024-01-21,0,,,
2024-01-22,4.1138,,,
2024-01-23,10.7055,,,
2024-01-24,0.380898,,,
2024-01-25,0.019353,,,
2024-01-26,3.94858,,,
2024-01-27,3.41843,,,
2024-01-28,13.3293,,,
2024-01-29,0,,,
2024-01-30,3.96565,,,
2024-01-31,0.294495,,,
2024-02-01,0.761613,,,
2024-02-02,0.00958698,,,
2024-02-03,0,,,
2024-02-04,16.8659,,,
2024-02-05,6.69566,,,
2024-02-06,1.44422,,,
2024-02-07,16.6003,,,
2024-02-08,8.47363,,,
2024-02-09,1.56123,,,
2024-02-10,0,,,
2024-02-11,0,,,
2024-02-12,0.612502,,,
2024-02-13,16.0678,,,
2024-02-14,6.9134,,,
2024-02-15,0.274746,,,
2024-02-16,11.4293,,,
2024-02-17,11.3399,,,
2024-02-18,5.26935,,,
2024-02-19,1.14906,,,
2024-02-20,9.21475,,,
2024-02-21,7.42424,,,
2024-02-22,0.0752299,,,
2024-02-23,1.37024,,,
2024-02-24,9.93318,,,
2024-02-25,6.36677,,,
2024-02-26,1.4311,,,
2024-02-27,22.8747,,,
2024-02-28,1.24646,,,
2024-02-29,9.8674,,,
2024-03-01,0.348843,,,
2024-03-02,0,,,
2024-03-03,1.52051,,,
2024-03-04,26.4054,,,
2024-03-05,0.694098,,,
2024-03-06,0,,,
2024-03-07,4.74998,,,
2024-03-08,24.6505,,,
2024-03-09,13.6246,,,
2024-03-10,2.12417,,,
2024-03-11,0,,,
2024-03-12,0,,,
2024-03-13,0,,,
2024-03-14,0,,,
2024-03-15,0.238391,,,
2024-03-16,18.0291,,,
2024-03-17,5.45298,,,
2024-03-18,0.36555,,,
2024-03-19,23.1799,,,
2024-03-20,2.95237,,,
2024-03-21,4.11278,,,
2024-03-22,0,,,
2024-03-23,0,,,
2024-03-24,0,,,
2024-03-25,0,,,
2024-03-26,0,,,
2024-03-27,0,,,
2024-03-28,0,,,
2024-03-29,0.0190197,,,
2024-03-30,0,,,
2024-03-31,0,,,
2024-04-01,0.0052657,,,
2024-04-02,2.12012,,,
2024-04-03,0,,,
2024-04-04,0.252148,,,
2024-04-05,4.38577,,,
2024-04-06,0,,,
2024-04-07,5.68915,,,
2024-04-08,4.32414,,,
2024-04-09,1.62628,,,
2024-04-10,4.6123,,,
2024-04-11,2.27274,,,
2024-04-12,7.60203,,,
2024-04-13,4.91307,,,
2024-04-14,11.1708,,,
2024-04-15,6.6497,,,
2024-04-16,17.0485,,,
2024-04-17,32.2929,,,
2024-04-18,0,,,
2024-04-19,0,,,
2024-04-20,0,,,
2024-04-21,0,,,
2024-04-22,0,,,
2024-04-23,5.6152,,,
2024-04-24,0,,,
2024-04-25,0,,,
2024-04-26,1.09473,,,
2024-04-27,0,,,
2024-04-28,39.6514,,,
2024-04-29,7.93481,,,
2024-04-30,0.136677,,,
2024-05-01,0.0738019,,,
2024-05-02,5.27708,,,
2024-05-03,15.152,,,
2024-05-04,11.4295,,,
2024-05-05,0,,,
2024-05-06,0,,,
2024-05-07,0,,,
2024-05-08,0.394196,,,
2024-05-09,6.51386,,,
2024-05-10,6.16413,,,
2024-05-11,1.25217,,,
2024-05-12,0.0775746,,,
2024-05-13,0.0823066,,,
2024-05-14,0.183025,,,
2024-05-15,0.493741,,,
2024-05-16,0.82994,,,
2024-05-17,2.41351,,,
2024-05-18,23.9466,,,
2024-05-19,9.76871,,,
2024-05-20,0.0951597,,,
2024-05-21,0,,,
2024-05-22,0,,,
2024-05-23,5.08508,,,
2024-05-24,60.4153,,,
2024-05-25,0.0224808,,,
2024-05-26,0.209277,,,
2024-05-27,11.2163,,,
2024-05-28,0,,,
2024-05-29,0,,,
2024-05-30,0,,,
2024-05-31,0,,,
2024-06-01,0,,,
2024-06-02,0,,,
2024-06-03,0,,,
2024-06-04,0.581262,,,
2024-06-05,0,,,
2024-06-06,0,,,
2024-06-07,0,,,
2024-06-08,0,,,
2024-06-09,0.0200351,,,
2024-06-10,0,,,
2024-06-11,1.22952,,,
2024-06-12,3.15263,,,
2024-06-13,0.952147,,,
2024-06-14,0.155468,,,
2024-06-15,0.519963,,,
2024-06-16,6.12511,,,
2024-06-17,1.91772,,,
2024-06-18,1.41906,,,
2024-06-19,0,,,
2024-06-20,0.0203425,,,
2024-06-21,0,,,
2024-06-22,0,,,
2024-06-23,0.473956,,,
2024-06-24,47.7295,,,
2024-06-25,0.0449244,,,
2024-06-26,0.0217195,,,
2024-06-27,0.997731,,,
2024-06-28,0,,,
2024-06-29,0,,,
2024-06-30,0.437249,,,
2024-07-01,0,,,
2024-07-02,0,,,
2024-07-03,0.0029104,,,
2024-07-04,0.173627,,,
2024-07-05,0,,,
2024-07-06,0,,,
2024-07-07,17.7498,,,
2024-07-08,14.4653,,,
2024-07-09,22.4395,,,
2024-07-10,0.0103979,,,
2024-07-11,12.1247,,,
2024-07-12,13.8186,,,
2024-07-13,16.9996,,,
2024-07-14,14.4063,,,
2024-07-15,0,,,
2024-07-16,0.360243,,,
2024-07-17,0,,,
2024-07-18,0,,,
2024-07-19,0,,,
2024-07-20,0,,,
2024-07-21,0,,,
2024-07-22,0,,,
2024-07-23,0,,,
2024-07-24,0,,,
2024-07-25,0,,,
2024-07-26,0,,,
2024-07-27,0.0289319,,,
2024-07-28,6.86556,,,
2024-07-29,40.7625,,,
2024-07-30,0.193039,,,
2024-07-31,0,,,
2024-08-01,0,,,
2024-08-02,0,,,
2024-08-03,0,,,
2024-08-04,0,,,
2024-08-05,0.0685426,,,
2024-08-06,0,,,
2024-08-07,0,,,
2024-08-08,2.0088,,,
2024-08-09,2.24814,,,
2024-08-10,0,,,
2024-08-11,0,,,
2024-08-12,0,,,
2024-08-13,0,,,
2024-08-14,0,,,
2024-08-15,0,,,
2024-08-16,0,,,
2024-08-17,0,,,
2024-08-18,0,,,
2024-08-19,0,,,
2024-08-20,0,,,
2024-08-21,1.77945,,,
2024-08-22,0.567752,,,
2024-08-23,11.089,,,
2024-08-24,17.0682,,,
2024-08-25,0.0758605,,,
2024-08-26,1.12349e-05,,,
2024-08-27,0.0550421,,,
2024-08-28,0.195736,,,
2024-08-29,0.448821,,,
2024-08-30,0.205227,,,
2024-08-31,1.05287,,,
2024-09-01,0.00866298,,,
2024-09-02,0,,,
2024-09-03,0,,,
2024-09-04,0,,,
2024-09-05,5.6375,,,59.5887
2024-09-06,0,59.5887,,55.6947
2024-09-07,0,55.6947,,51.9034
2024-09-08,0,51.9034,,48.2166
2024-09-09,0,48.2166,,47.0111
2024-09-10,0.646982,47.0111,,43.4663
2024-09-11,0.0337112,43.4663,,40.0301
2024-09-12,0.053914,40.0301,59.5887,42.3087
2024-09-13,0.0986145,42.3087,55.6947,55.6947
2024-09-14,5.98222,55.6947,51.9034,83.7556
2024-09-15,44.8009,83.7556,48.2166,488.049
2024-09-16,0.503645,488.049,47.0111,469.511
2024-09-17,0,469.511,43.4663,436.282
2024-09-18,0.459859,436.282,40.0301,409.832
2024-09-19,7.20771,409.832,42.3087,364.475
2024-09-20,24.2786,364.475,55.6947,339.914
2024-09-21,11.6059,339.914,83.7556,323.927
2024-09-22,0,323.927,488.049,316.05
2024-09-23,0.615231,316.05,469.511,297.978
2024-09-24,2.75855,297.978,436.282,272.911
2024-09-25,0,272.911,409.832,236.998
2024-09-26,2.12,236.998,364.475,205.351
2024-09-27,0.198876,205.351,339.914,169.426
2024-09-28,0,169.426,323.927,123.577
2024-09-29,0,123.577,316.05,93.1226
2024-09-30,0,93.1226,297.978,77.7356
2024-10-01,0.287954,77.7356,272.911,70.4678
2024-10-02,26.4372,70.4678,236.998,66.3031
2024-10-03,1.2398,66.3031,205.351,179.702
2024-10-04,0.801486,179.702,169.426,300.533
2024-10-05,0.156959,300.533,123.577,255.897
2024-10-06,0,255.897,93.1226,220.946
2024-10-07,2.43212,220.946,77.7356,192.354
2024-10-08,12.7126,192.354,70.4678,173.507
2024-10-09,30.4481,173.507,66.3031,163.378
2024-10-10,2.55095,163.378,179.702,155.454
2024-10-11,3.68993,155.454,300.533,192.354
2024-10-12,0,192.354,255.897,472.58
2024-10-13,0,472.58,220.946,430.346
2024-10-14,0,430.346,192.354,337.228
2024-10-15,0.2306,337.228,173.507,282.831
2024-10-16,1.69033,282.831,163.378,236.998
2024-10-17,0,236.998,155.454,198.81
2024-10-18,0.734278,198.81,192.354,163.378
2024-10-19,5.2299,163.378,472.58,145.773
2024-10-20,0.406589,145.773,430.346,134.49
2024-10-21,0,134.49,337.228,127.173
2024-10-22,0,127.173,282.831,167.4
2024-10-23,2.34413,167.4,236.998,116.511
2024-10-24,7.41011,116.511,198.81,111.322
2024-10-25,14.3275,111.322,163.378,107.915
2024-10-26,3.40623,107.915,145.773,102.887
2024-10-27,5.98037,102.887,134.49,94.7226
2024-10-28,0,94.7226,127.173,86.8333
2024-10-29,0.044645,86.8333,167.4,79.2235
2024-10-30,1.11606,79.2235,116.511,76.259
2024-10-31,0,76.259,111.322,71.8983
2024-11-01,0,71.8983,107.915,70.4678
2024-11-02,2.70065,70.4678,102.887,67.6791
2024-11-03,11.9215,67.6791,94.7226,74.7939
2024-11-04,0,74.7939,86.8333,120.023
2024-11-05,0,120.023,79.2235,183.881
2024-11-06,0,183.881,76.259,251.117
2024-11-07,52.4901,251.117,71.8983,318.667
2024-11-08,0,318.667,70.4678,353.474
2024-11-09,0,353.474,67.6791,339.914
2024-11-10,0,339.914,74.7939,323.927
2024-11-11,0,323.927,120.023,310.843
2024-11-12,0,310.843,183.881,292.893
2024-11-13,0,292.893,251.117,290.364
2024-11-14,0,290.364,318.667,280.337
2024-11-15,0,280.337,353.474,272.911
2024-11-16,0,272.911,339.914,260.713
2024-11-17,0,260.713,323.927,253.503
2024-11-18,4.86277,253.503,310.843,246.374
2024-11-19,1.70005,246.374,292.893,227.77
2024-11-20,0.0725224,227.77,290.364,207.551
2024-11-21,0,207.551,280.337,181.787
2024-11-22,0,181.787,272.911,165.385
2024-11-23,0,165.385,260.713,157.42
2024-11-24,0,157.42,253.503,130.811
2024-11-25,0,130.811,246.374,121.795
2024-11-26,7.39308,121.795,227.77,111.322
2024-11-27,10.7018,111.322,207.551,102.887
2024-11-28,37.1737,102.887,181.787,120.023
2024-11-29,9.17551,120.023,165.385,206.45
2024-11-30,0,206.45,157.42,190.221
2024-12-01,0.395117,190.221,130.811,173.507
2024-12-02,17.7089,173.507,121.795,159.396
2024-12-03,5.77646,159.396,111.322,141.971
2024-12-04,0,141.971,102.887,128.987
2024-12-05,0,128.987,120.023,114.77
2024-12-06,3.08247,114.77,206.45,104.552
2024-12-07,58.7461,104.552,190.221,147.689
2024-12-08,17.4906,147.689,173.507,506.876
2024-12-09,10.1445,506.876,159.396,849.765
2024-12-10,0.526717,849.765,141.971,1115.75
2024-12-11,0,1115.75,128.987,994.647
2024-12-12,0.398784,994.647,114.77,841.988
2024-12-13,14.7735,841.988,104.552,696.174
2024-12-14,3.1748,696.174,147.689,588.389
2024-12-15,0,588.389,506.876,478.744
2024-12-16,0.0695397,478.744,849.765,389.724
2024-12-17,0,389.724,1115.75,334.551
2024-12-18,0,334.551,994.647,303.097
2024-12-19,13.7687,303.097,841.988,272.911
2024-12-20,1.84199,272.911,696.174,248.741
2024-12-21,0,248.741,588.389,230.063
2024-12-22,4.02456,230.063,478.744,209.76
2024-12-23,0,209.76,389.724,192.354
2024-12-24,0,192.354,334.551,173.507
2024-12-25,13.5775,173.507,303.097,165.385
2024-12-26,4.82651,165.385,272.911,143.867
2024-12-27,0,143.867,248.741,141.971
2024-12-28,0,141.971,230.063,123.577
2024-12-29,0.216739,123.577,209.76,116.511
2024-12-30,3.21006,116.511,192.354,107.915
2024-12-31,6.41559,107.915,173.507,99.5884
